[2026-03-21 10:07:43] =================================================================
[2026-03-21 10:07:43]   POLYMARKET TEAM B TRADING BOT
[2026-03-21 10:07:43]   Mode: DRY RUN | Sizing: 3% of bankroll
[2026-03-21 10:07:43] =================================================================
[2026-03-21 10:07:43] 
[2026-03-21 10:07:43] =================================================================
[2026-03-21 10:07:43]   SCANNING FOR COIN-FLIP MARKETS
[2026-03-21 10:07:43] =================================================================
[2026-03-21 10:07:44]   Balance: $56.71 | Buying Power: $28.71
[2026-03-21 10:07:44]   Bet size (3% of bankroll): $1.00
[2026-03-21 10:07:44] 
[2026-03-21 10:07:44]   Scanning NBA...
[2026-03-21 10:07:45]     Found 12 events
[2026-03-21 10:07:45]   ERROR fetching event 6446 markets: 404 Client Error: Not Found for url: https://gateway.polymarket.us/v1/events/id/6446
[2026-03-21 10:07:45]   ERROR fetching event 6451 markets: 404 Client Error: Not Found for url: https://gateway.polymarket.us/v1/events/id/6451
[2026-03-21 10:07:45]   ERROR fetching event 6452 markets: 404 Client Error: Not Found for url: https://gateway.polymarket.us/v1/events/id/6452
[2026-03-21 10:07:46]   ERROR fetching event 6453 markets: 404 Client Error: Not Found for url: https://gateway.polymarket.us/v1/events/id/6453
[2026-03-21 10:07:46]   ERROR fetching event 6456 markets: 404 Client Error: Not Found for url: https://gateway.polymarket.us/v1/events/id/6456
[2026-03-21 10:07:46]   ERROR fetching event 6457 markets: 404 Client Error: Not Found for url: https://gateway.polymarket.us/v1/events/id/6457
[2026-03-21 10:07:47]   ERROR fetching event 6458 markets: 404 Client Error: Not Found for url: https://gateway.polymarket.us/v1/events/id/6458
[2026-03-21 10:07:47]   ERROR fetching event 6461 markets: 404 Client Error: Not Found for url: https://gateway.polymarket.us/v1/events/id/6461
[2026-03-21 10:07:47]   ERROR fetching event 6464 markets: 404 Client Error: Not Found for url: https://gateway.polymarket.us/v1/events/id/6464
[2026-03-21 10:07:47]   ERROR fetching event 6465 markets: 404 Client Error: Not Found for url: https://gateway.polymarket.us/v1/events/id/6465
[2026-03-21 10:07:48]   ERROR fetching event 6474 markets: 404 Client Error: Not Found for url: https://gateway.polymarket.us/v1/events/id/6474
[2026-03-21 10:07:48]   ERROR fetching event 6475 markets: 404 Client Error: Not Found for url: https://gateway.polymarket.us/v1/events/id/6475
[2026-03-21 10:07:48]   Scanning NCAAB...
[2026-03-21 10:07:48]     Found 0 events
[2026-03-21 10:07:48] 
[2026-03-21 10:07:48]   Total qualifying markets: 0
[2026-03-21 10:07:48]   New (not yet bet): 0
[2026-03-21 10:07:48] 
[2026-03-21 10:07:48]   No new qualifying markets found.
[2026-03-21 10:12:18] =================================================================
[2026-03-21 10:12:18]   POLYMARKET TEAM B TRADING BOT
[2026-03-21 10:12:18]   Mode: DRY RUN | Sizing: 3% of bankroll
[2026-03-21 10:12:18]   Leagues: nba, cbb
[2026-03-21 10:12:18]   Coin flip range: 40%-60%
[2026-03-21 10:12:18] =================================================================
[2026-03-21 10:12:18] 
[2026-03-21 10:12:18] =================================================================
[2026-03-21 10:12:18]   SCANNING FOR COIN-FLIP MARKETS
[2026-03-21 10:12:18] =================================================================
[2026-03-21 10:12:19]   Balance: $136.71 | Buying Power: $108.71
[2026-03-21 10:12:19]   Bet size (3% of bankroll): $3.26
[2026-03-21 10:12:19] 
[2026-03-21 10:12:19]   Scanning NBA...
[2026-03-21 10:12:19]     Found 12 events
[2026-03-21 10:12:19]     [SIGNAL] Los Angeles L vs. Orlando                     | Magic           @59.0% | fav@59.0%
[2026-03-21 10:12:19]     [SIGNAL] Miami vs. Houston                             | Rockets         @46.0% | fav@46.0%
[2026-03-21 10:12:19]   Scanning CBB...
[2026-03-21 10:12:19]     Found 13 events
[2026-03-21 10:12:19]     [SIGNAL] Vanderbilt Commodores vs. Nebraska Cornhusker | Cornhuskers     @54.0% | fav@54.0%
[2026-03-21 10:12:19]     [SIGNAL] Dayton Flyers vs. UNC Wilmington Seahawks     | Seahawks        @58.0% | fav@58.0%
[2026-03-21 10:12:19]     [SIGNAL] Texas Tech Red Raiders vs. Alabama Crimson Ti | Crimson Tide    @50.0% | fav@50.0%
[2026-03-21 10:12:19] 
[2026-03-21 10:12:19]   Total qualifying markets: 5
[2026-03-21 10:12:19]   New (not yet bet): 5
[2026-03-21 10:12:19] 
[2026-03-21 10:12:19]   DRY RUN — use --live to actually place bets
[2026-03-21 10:12:19]   -------------------------------------------------------
[2026-03-21 10:12:19]     WOULD BET $3.26 on Magic              @59.0% | Los Angeles L vs. Orlando
[2026-03-21 10:12:19]     WOULD BET $3.26 on Rockets            @46.0% | Miami vs. Houston
[2026-03-21 10:12:19]     WOULD BET $3.26 on Cornhuskers        @54.0% | Vanderbilt Commodores vs. Nebraska Cornh
[2026-03-21 10:12:19]     WOULD BET $3.26 on Seahawks           @58.0% | Dayton Flyers vs. UNC Wilmington Seahawk
[2026-03-21 10:12:19]     WOULD BET $3.26 on Crimson Tide       @50.0% | Texas Tech Red Raiders vs. Alabama Crims
[2026-03-21 12:12:44] Set PM_API_KEY and PM_API_SECRET environment variables
[2026-03-21 12:12:44]   export PM_API_KEY='your-key-id'
[2026-03-21 12:12:44]   export PM_API_SECRET='your-secret-key'
[2026-03-21 12:14:19] =================================================================
[2026-03-21 12:14:19]   POLYMARKET TEAM B — HYBRID 4-TIER BOT
[2026-03-21 12:14:19]   Mode: DRY RUN | Sizing: 3% of bankroll
[2026-03-21 12:14:19]   Leagues: nba, cbb
[2026-03-21 12:14:19]   Tiers: T1=B fav 75-90% | T2=CBB coin flip
[2026-03-21 12:14:19]          T3=CBB B dog 50-55% | T4=NBA 50/50
[2026-03-21 12:14:19] =================================================================
[2026-03-21 12:14:19] 
[2026-03-21 12:14:19] =================================================================
[2026-03-21 12:14:19]   SCANNING — HYBRID 4-TIER STRATEGY
[2026-03-21 12:14:19] =================================================================
[2026-03-21 12:14:19]   Balance: $137.71 | Buying Power: $109.71
[2026-03-21 12:14:19]   Bet size (3% of bankroll): $3.29
[2026-03-21 12:14:19] 
[2026-03-21 12:14:19]   Scanning NBA...
[2026-03-21 12:14:20]     Found 12 events
[2026-03-21 12:14:20]     [SIGNAL] T4: NBA 50/50        | Memphis vs. Charlotte               | Hornets         @9.0%
[2026-03-21 12:14:20]     [SIGNAL] T4: NBA 50/50        | Golden State vs. Atlanta            | Hawks           @21.0%
[2026-03-21 12:14:20]     [SIGNAL] T4: NBA 50/50        | Miami vs. Houston                   | Rockets         @45.0%
[2026-03-21 12:14:20]     [SIGNAL] T4: NBA 50/50        | Indiana vs. San Antonio             | Pacers          @7.0%
[2026-03-21 12:14:20]     [SIGNAL] T4: NBA 50/50        | Milwaukee vs. Phoenix               | Suns            @17.0%
[2026-03-21 12:14:20]     [SIGNAL] T4: NBA 50/50        | Portland vs. Denver                 | Nuggets         @26.0%
[2026-03-21 12:14:20]     [SIGNAL] T4: NBA 50/50        | Brooklyn vs. Sacramento             | Kings           @36.0%
[2026-03-21 12:14:20]   Scanning CBB...
[2026-03-21 12:14:20]     Found 13 events
[2026-03-21 12:14:20]     [SIGNAL] T2: CBB coin flip    | Vanderbilt Commodores vs. Nebraska  | Cornhuskers     @54.0%
[2026-03-21 12:14:20]     [SIGNAL] T2: CBB coin flip    | Dayton Flyers vs. UNC Wilmington Se | Seahawks        @58.0%
[2026-03-21 12:14:20]     [SIGNAL] T2: CBB coin flip    | Texas Tech Red Raiders vs. Alabama  | Crimson Tide    @50.0%
[2026-03-21 12:14:20] 
[2026-03-21 12:14:20]   Total qualifying markets: 10
[2026-03-21 12:14:20]     T2: CBB coin flip: 3
[2026-03-21 12:14:20]     T4: NBA 50/50: 7
[2026-03-21 12:14:20]   New (not yet bet): 10
[2026-03-21 12:14:20] 
[2026-03-21 12:14:20]   DRY RUN — use --live to actually place bets
[2026-03-21 12:14:20]   -----------------------------------------------------------------
[2026-03-21 12:14:20]     [T4: NBA 50/50] WOULD BET $3.29 on Hornets         @9.0% | Memphis vs. Charlotte
[2026-03-21 12:14:20]     [T4: NBA 50/50] WOULD BET $3.29 on Hawks           @21.0% | Golden State vs. Atlanta
[2026-03-21 12:14:20]     [T4: NBA 50/50] WOULD BET $3.29 on Rockets         @45.0% | Miami vs. Houston
[2026-03-21 12:14:20]     [T4: NBA 50/50] WOULD BET $3.29 on Pacers          @7.0% | Indiana vs. San Antonio
[2026-03-21 12:14:20]     [T4: NBA 50/50] WOULD BET $3.29 on Suns            @17.0% | Milwaukee vs. Phoenix
[2026-03-21 12:14:20]     [T4: NBA 50/50] WOULD BET $3.29 on Nuggets         @26.0% | Portland vs. Denver
[2026-03-21 12:14:20]     [T4: NBA 50/50] WOULD BET $3.29 on Kings           @36.0% | Brooklyn vs. Sacramento
[2026-03-21 12:14:20]     [T2: CBB coin flip] WOULD BET $3.29 on Cornhuskers     @54.0% | Vanderbilt Commodores vs. Nebraska 
[2026-03-21 12:14:20]     [T2: CBB coin flip] WOULD BET $3.29 on Seahawks        @58.0% | Dayton Flyers vs. UNC Wilmington Se
[2026-03-21 12:14:20]     [T2: CBB coin flip] WOULD BET $3.29 on Crimson Tide    @50.0% | Texas Tech Red Raiders vs. Alabama 
[2026-03-21 12:17:05] =================================================================
[2026-03-21 12:17:05]   POLYMARKET TEAM B — HYBRID 4-TIER BOT
[2026-03-21 12:17:05]   Mode: DRY RUN | Sizing: 3% of bankroll
[2026-03-21 12:17:05]   Leagues: nba, cbb
[2026-03-21 12:17:05]   Tiers: T1=B fav 75-90% | T2=CBB coin flip
[2026-03-21 12:17:05]          T3=CBB B dog 50-55% | T4=NBA 50/50
[2026-03-21 12:17:05] =================================================================
[2026-03-21 12:17:05] 
[2026-03-21 12:17:05] =================================================================
[2026-03-21 12:17:05]   SCANNING — HYBRID 4-TIER STRATEGY
[2026-03-21 12:17:05] =================================================================
[2026-03-21 12:17:05]   Balance: $137.71 | Buying Power: $109.71
[2026-03-21 12:17:05]   Bet size (3% of bankroll): $3.29
[2026-03-21 12:17:05] 
[2026-03-21 12:17:05]   Scanning NBA...
[2026-03-21 12:17:05]     Found 18 events
[2026-03-21 12:17:05]     [SIGNAL] T4: NBA 50/50        | Miami vs. Houston                   | Rockets         @45.0%
[2026-03-21 12:17:06]   Scanning CBB...
[2026-03-21 12:17:06]     Found 24 events
[2026-03-21 12:17:06]     [SIGNAL] T2: CBB coin flip    | Vanderbilt Commodores vs. Nebraska  | Cornhuskers     @54.0%
[2026-03-21 12:17:06]     [SIGNAL] T2: CBB coin flip    | Dayton Flyers vs. UNC Wilmington Se | Seahawks        @58.0%
[2026-03-21 12:17:06]     [SIGNAL] T2: CBB coin flip    | Texas Tech Red Raiders vs. Alabama  | Crimson Tide    @50.0%
[2026-03-21 12:17:06] 
[2026-03-21 12:17:06]   Total qualifying markets: 4
[2026-03-21 12:17:06]     T2: CBB coin flip: 3
[2026-03-21 12:17:06]     T4: NBA 50/50: 1
[2026-03-21 12:17:06]   New (not yet bet): 4
[2026-03-21 12:17:06] 
[2026-03-21 12:17:06]   DRY RUN — use --live to actually place bets
[2026-03-21 12:17:06]   -----------------------------------------------------------------
[2026-03-21 12:17:06]     [T4: NBA 50/50] WOULD BET $3.29 on Rockets         @45.0% | Miami vs. Houston
[2026-03-21 12:17:06]     [T2: CBB coin flip] WOULD BET $3.29 on Cornhuskers     @54.0% | Vanderbilt Commodores vs. Nebraska 
[2026-03-21 12:17:06]     [T2: CBB coin flip] WOULD BET $3.29 on Seahawks        @58.0% | Dayton Flyers vs. UNC Wilmington Se
[2026-03-21 12:17:06]     [T2: CBB coin flip] WOULD BET $3.29 on Crimson Tide    @50.0% | Texas Tech Red Raiders vs. Alabama 
[2026-03-21 12:19:00] =================================================================
[2026-03-21 12:19:00]   POLYMARKET TEAM B — HYBRID 4-TIER BOT
[2026-03-21 12:19:00]   Mode: DRY RUN | Sizing: 3% of bankroll
[2026-03-21 12:19:00]   Leagues: nba, cbb
[2026-03-21 12:19:00]   Tiers: T1=B fav 75-90% | T2=CBB coin flip
[2026-03-21 12:19:00]          T3=CBB B dog 50-55% | T4=NBA 50/50
[2026-03-21 12:19:00] =================================================================
[2026-03-21 12:19:00] 
[2026-03-21 12:19:00] =================================================================
[2026-03-21 12:19:00]   SCANNING — HYBRID 4-TIER STRATEGY
[2026-03-21 12:19:00] =================================================================
[2026-03-21 12:19:00]   Balance: $137.71 | Buying Power: $109.71
[2026-03-21 12:19:00]   Bet size (3% of bankroll): $3.29
[2026-03-21 12:19:00] 
[2026-03-21 12:19:00]   Scanning NBA...
[2026-03-21 12:19:01]     Found 18 events
[2026-03-21 12:19:01]     [SIGNAL] T4: NBA 50/50        | Miami vs. Houston                   | Rockets         @45.0%
[2026-03-21 12:19:01]   Scanning CBB...
[2026-03-21 12:19:01]     Found 24 events
[2026-03-21 12:19:01]     [SIGNAL] T2: CBB coin flip    | Vanderbilt Commodores vs. Nebraska  | Cornhuskers     @54.0%
[2026-03-21 12:19:01]     [SIGNAL] T2: CBB coin flip    | Dayton Flyers vs. UNC Wilmington Se | Seahawks        @58.0%
[2026-03-21 12:19:01]     [SIGNAL] T2: CBB coin flip    | Texas Tech Red Raiders vs. Alabama  | Crimson Tide    @50.0%
[2026-03-21 12:19:01] 
[2026-03-21 12:19:01]   Total qualifying markets: 4
[2026-03-21 12:19:01]     T2: CBB coin flip: 3
[2026-03-21 12:19:01]     T4: NBA 50/50: 1
[2026-03-21 12:19:01]   New (not yet bet): 4
[2026-03-21 12:19:01] 
[2026-03-21 12:19:01]   DRY RUN — use --live to actually place bets
[2026-03-21 12:19:01]   -----------------------------------------------------------------
[2026-03-21 12:19:01]     [T4: NBA 50/50] WOULD BET $3.29 on Rockets         @45.0% | Miami vs. Houston
[2026-03-21 12:19:01]     [T2: CBB coin flip] WOULD BET $3.29 on Cornhuskers     @54.0% | Vanderbilt Commodores vs. Nebraska 
[2026-03-21 12:19:01]     [T2: CBB coin flip] WOULD BET $3.29 on Seahawks        @58.0% | Dayton Flyers vs. UNC Wilmington Se
[2026-03-21 12:19:01]     [T2: CBB coin flip] WOULD BET $3.29 on Crimson Tide    @50.0% | Texas Tech Red Raiders vs. Alabama 
[2026-03-21 12:21:38] =================================================================
[2026-03-21 12:21:38]   POLYMARKET TEAM B — HYBRID 4-TIER BOT
[2026-03-21 12:21:38]   Mode: LIVE | Sizing: 3% of bankroll
[2026-03-21 12:21:38]   Leagues: nba, cbb
[2026-03-21 12:21:38]   Tiers: T1=B fav 75-90% | T2=CBB coin flip
[2026-03-21 12:21:38]          T3=CBB B dog 50-55% | T4=NBA 50/50
[2026-03-21 12:21:38] =================================================================
[2026-03-21 12:21:38] 
[2026-03-21 12:21:38] =================================================================
[2026-03-21 12:21:38]   SCANNING — HYBRID 4-TIER STRATEGY
[2026-03-21 12:21:38] =================================================================
[2026-03-21 12:21:38]   Balance: $137.71 | Buying Power: $109.71
[2026-03-21 12:21:38]   Bet size (3% of bankroll): $3.29
[2026-03-21 12:21:38] 
[2026-03-21 12:21:38]   Scanning NBA...
[2026-03-21 12:21:38]     Found 18 events
[2026-03-21 12:21:38]     [SIGNAL] T4: NBA 50/50        | Miami vs. Houston                   | Rockets         @45.0%
[2026-03-21 12:21:38]   Scanning CBB...
[2026-03-21 12:21:39]     Found 24 events
[2026-03-21 12:21:39]     [SIGNAL] T2: CBB coin flip    | Vanderbilt Commodores vs. Nebraska  | Cornhuskers     @54.0%
[2026-03-21 12:21:39]     [SIGNAL] T2: CBB coin flip    | Dayton Flyers vs. UNC Wilmington Se | Seahawks        @58.0%
[2026-03-21 12:21:39]     [SIGNAL] T2: CBB coin flip    | Texas Tech Red Raiders vs. Alabama  | Crimson Tide    @50.0%
[2026-03-21 12:21:39]     [SIGNAL] T2: CBB coin flip    | Tennessee Volunteers vs. Virginia C | Cavaliers       @52.0%
[2026-03-21 12:21:39]     [SIGNAL] T2: CBB coin flip    | Wichita State Shockers vs. Oklahoma | Shockers        @41.0%
[2026-03-21 12:21:39] 
[2026-03-21 12:21:39]   Total qualifying markets: 6
[2026-03-21 12:21:39]     T2: CBB coin flip: 5
[2026-03-21 12:21:39]     T4: NBA 50/50: 1
[2026-03-21 12:21:39]   New (not yet bet): 6
[2026-03-21 12:21:39] 
[2026-03-21 12:21:39]   PLACING BETS:
[2026-03-21 12:21:39]   -----------------------------------------------------------------
[2026-03-21 12:21:39]     SKIP Rockets — price moved out of tier range
[2026-03-21 12:21:39]     [T2: CBB coin flip] Betting $3.29 on Cornhuskers @ 47.0% | Vanderbilt Commodores vs. Nebraska 
[2026-03-21 12:21:39]     Previewing order: 7 shares @ $0.47 = $3.29
[2026-03-21 12:21:39]     ORDER ERROR: 400 Client Error: Bad Request for url: https://api.polymarket.us/v1/order/preview
[2026-03-21 12:21:39]     Response: {"code":3,"message":"Request is required","details":[]}
[2026-03-21 12:21:39]     BET FAILED for Cornhuskers
[2026-03-21 12:21:40]     [T2: CBB coin flip] Betting $3.29 on Seahawks @ 43.0% | Dayton Flyers vs. UNC Wilmington Se
[2026-03-21 12:21:40]     Previewing order: 7 shares @ $0.43 = $3.29
[2026-03-21 12:21:40]     ORDER ERROR: 400 Client Error: Bad Request for url: https://api.polymarket.us/v1/order/preview
[2026-03-21 12:21:40]     Response: {"code":3,"message":"Request is required","details":[]}
[2026-03-21 12:21:40]     BET FAILED for Seahawks
[2026-03-21 12:21:40]     [T2: CBB coin flip] Betting $3.29 on Crimson Tide @ 51.0% | Texas Tech Red Raiders vs. Alabama 
[2026-03-21 12:21:40]     Previewing order: 6 shares @ $0.51 = $3.29
[2026-03-21 12:21:40]     ORDER ERROR: 400 Client Error: Bad Request for url: https://api.polymarket.us/v1/order/preview
[2026-03-21 12:21:40]     Response: {"code":3,"message":"Request is required","details":[]}
[2026-03-21 12:21:40]     BET FAILED for Crimson Tide
[2026-03-21 12:21:41]     [T2: CBB coin flip] Betting $3.29 on Cavaliers @ 50.0% | Tennessee Volunteers vs. Virginia C
[2026-03-21 12:21:41]     Previewing order: 6 shares @ $0.50 = $3.29
[2026-03-21 12:21:41]     ORDER ERROR: 400 Client Error: Bad Request for url: https://api.polymarket.us/v1/order/preview
[2026-03-21 12:21:41]     Response: {"code":3,"message":"Request is required","details":[]}
[2026-03-21 12:21:41]     BET FAILED for Cavaliers
[2026-03-21 12:21:42]     SKIP Shockers — price moved out of tier range
[2026-03-21 12:21:42] 
  Updated Balance: $137.71 | Buying Power: $109.71
[2026-03-21 12:22:49] =================================================================
[2026-03-21 12:22:49]   POLYMARKET TEAM B — HYBRID 4-TIER BOT
[2026-03-21 12:22:49]   Mode: LIVE | Sizing: 3% of bankroll
[2026-03-21 12:22:49]   Leagues: nba, cbb
[2026-03-21 12:22:49]   Tiers: T1=B fav 75-90% | T2=CBB coin flip
[2026-03-21 12:22:49]          T3=CBB B dog 50-55% | T4=NBA 50/50
[2026-03-21 12:22:49] =================================================================
[2026-03-21 12:22:49] 
[2026-03-21 12:22:49] =================================================================
[2026-03-21 12:22:49]   SCANNING — HYBRID 4-TIER STRATEGY
[2026-03-21 12:22:49] =================================================================
[2026-03-21 12:22:50]   Balance: $137.71 | Buying Power: $109.71
[2026-03-21 12:22:50]   Bet size (3% of bankroll): $3.29
[2026-03-21 12:22:50] 
[2026-03-21 12:22:50]   Scanning NBA...
[2026-03-21 12:22:50]     Found 18 events
[2026-03-21 12:22:50]     [SIGNAL] T4: NBA 50/50        | Miami vs. Houston                   | Rockets         @45.0%
[2026-03-21 12:22:50]   Scanning CBB...
[2026-03-21 12:22:50]     Found 24 events
[2026-03-21 12:22:50]     [SIGNAL] T2: CBB coin flip    | Vanderbilt Commodores vs. Nebraska  | Cornhuskers     @54.0%
[2026-03-21 12:22:50]     [SIGNAL] T2: CBB coin flip    | Dayton Flyers vs. UNC Wilmington Se | Seahawks        @58.0%
[2026-03-21 12:22:50]     [SIGNAL] T2: CBB coin flip    | Texas Tech Red Raiders vs. Alabama  | Crimson Tide    @50.0%
[2026-03-21 12:22:50]     [SIGNAL] T2: CBB coin flip    | Tennessee Volunteers vs. Virginia C | Cavaliers       @52.0%
[2026-03-21 12:22:50]     [SIGNAL] T2: CBB coin flip    | Wichita State Shockers vs. Oklahoma | Shockers        @41.0%
[2026-03-21 12:22:50] 
[2026-03-21 12:22:50]   Total qualifying markets: 6
[2026-03-21 12:22:50]     T2: CBB coin flip: 5
[2026-03-21 12:22:50]     T4: NBA 50/50: 1
[2026-03-21 12:22:50]   New (not yet bet): 6
[2026-03-21 12:22:50] 
[2026-03-21 12:22:50]   PLACING BETS:
[2026-03-21 12:22:50]   -----------------------------------------------------------------
[2026-03-21 12:22:50]     SKIP Rockets — price moved out of tier range
[2026-03-21 12:22:51]     [T2: CBB coin flip] Betting $3.29 on Cornhuskers @ 47.0% | Vanderbilt Commodores vs. Nebraska 
[2026-03-21 12:22:51]     Previewing order: 7 shares @ $0.47 = $3.29
[2026-03-21 12:22:51]     ORDER ERROR: 400 Client Error: Bad Request for url: https://api.polymarket.us/v1/order/preview
[2026-03-21 12:22:51]     Response: {"code":3,"message":"Request is required","details":[]}
[2026-03-21 12:22:51]     BET FAILED for Cornhuskers
[2026-03-21 12:22:51]     [T2: CBB coin flip] Betting $3.29 on Seahawks @ 43.0% | Dayton Flyers vs. UNC Wilmington Se
[2026-03-21 12:22:51]     Previewing order: 7 shares @ $0.43 = $3.29
[2026-03-21 12:22:51]     ORDER ERROR: 400 Client Error: Bad Request for url: https://api.polymarket.us/v1/order/preview
[2026-03-21 12:22:51]     Response: {"code":3,"message":"Request is required","details":[]}
[2026-03-21 12:22:51]     BET FAILED for Seahawks
[2026-03-21 12:22:52]     [T2: CBB coin flip] Betting $3.29 on Crimson Tide @ 51.0% | Texas Tech Red Raiders vs. Alabama 
[2026-03-21 12:22:52]     Previewing order: 6 shares @ $0.51 = $3.29
[2026-03-21 12:22:52]     ORDER ERROR: 400 Client Error: Bad Request for url: https://api.polymarket.us/v1/order/preview
[2026-03-21 12:22:52]     Response: {"code":3,"message":"Request is required","details":[]}
[2026-03-21 12:22:52]     BET FAILED for Crimson Tide
[2026-03-21 12:22:53]     [T2: CBB coin flip] Betting $3.29 on Cavaliers @ 50.0% | Tennessee Volunteers vs. Virginia C
[2026-03-21 12:22:53]     Previewing order: 6 shares @ $0.50 = $3.29
[2026-03-21 12:22:53]     ORDER ERROR: 400 Client Error: Bad Request for url: https://api.polymarket.us/v1/order/preview
[2026-03-21 12:22:53]     Response: {"code":3,"message":"Request is required","details":[]}
[2026-03-21 12:22:53]     BET FAILED for Cavaliers
[2026-03-21 12:22:53]     SKIP Shockers — price moved out of tier range
[2026-03-21 12:22:53] 
  Updated Balance: $137.71 | Buying Power: $109.71
[2026-03-21 12:23:34] =================================================================
[2026-03-21 12:23:34]   POLYMARKET TEAM B — HYBRID 4-TIER BOT
[2026-03-21 12:23:34]   Mode: LIVE | Sizing: 3% of bankroll
[2026-03-21 12:23:34]   Leagues: nba, cbb
[2026-03-21 12:23:34]   Tiers: T1=B fav 75-90% | T2=CBB coin flip
[2026-03-21 12:23:34]          T3=CBB B dog 50-55% | T4=NBA 50/50
[2026-03-21 12:23:34] =================================================================
[2026-03-21 12:23:34] 
[2026-03-21 12:23:34] =================================================================
[2026-03-21 12:23:34]   SCANNING — HYBRID 4-TIER STRATEGY
[2026-03-21 12:23:34] =================================================================
[2026-03-21 12:23:34]   Balance: $137.71 | Buying Power: $109.71
[2026-03-21 12:23:34]   Bet size (3% of bankroll): $3.29
[2026-03-21 12:23:34] 
[2026-03-21 12:23:34]   Scanning NBA...
[2026-03-21 12:23:34]     Found 18 events
[2026-03-21 12:23:34]     [SIGNAL] T4: NBA 50/50        | Miami vs. Houston                   | Rockets         @45.0%
[2026-03-21 12:23:34]   Scanning CBB...
[2026-03-21 12:23:35]     Found 24 events
[2026-03-21 12:23:35]     [SIGNAL] T2: CBB coin flip    | Vanderbilt Commodores vs. Nebraska  | Cornhuskers     @54.0%
[2026-03-21 12:23:35]     [SIGNAL] T2: CBB coin flip    | Dayton Flyers vs. UNC Wilmington Se | Seahawks        @58.0%
[2026-03-21 12:23:35]     [SIGNAL] T2: CBB coin flip    | Texas Tech Red Raiders vs. Alabama  | Crimson Tide    @50.0%
[2026-03-21 12:23:35]     [SIGNAL] T2: CBB coin flip    | Tennessee Volunteers vs. Virginia C | Cavaliers       @52.0%
[2026-03-21 12:23:35]     [SIGNAL] T2: CBB coin flip    | Wichita State Shockers vs. Oklahoma | Shockers        @41.0%
[2026-03-21 12:23:35] 
[2026-03-21 12:23:35]   Total qualifying markets: 6
[2026-03-21 12:23:35]     T2: CBB coin flip: 5
[2026-03-21 12:23:35]     T4: NBA 50/50: 1
[2026-03-21 12:23:35]   New (not yet bet): 6
[2026-03-21 12:23:35] 
[2026-03-21 12:23:35]   PLACING BETS:
[2026-03-21 12:23:35]   -----------------------------------------------------------------
[2026-03-21 12:23:35]     SKIP Rockets — price moved out of tier range
[2026-03-21 12:23:35]     [T2: CBB coin flip] Betting $3.29 on Cornhuskers @ 47.0% | Vanderbilt Commodores vs. Nebraska 
[2026-03-21 12:23:35]     Previewing order: 7 shares @ $0.47 = $3.29
[2026-03-21 12:23:35]     Preview OK: {"order": {"id": "", "marketSlug": "aec-cbb-vand-nebr-2026-03-21", "side": "ORDER_SIDE_SELL", "type": "ORDER_TYPE_LIMIT", "price": {"value": "0.53", "currency": "USD"}, "quantity": 7, "cumQuantity": 0
[2026-03-21 12:23:35]     Order result: {"id": "8XWEBJK00JXH", "executions": []}
[2026-03-21 12:23:35]     BET PLACED on Cornhuskers
[2026-03-21 12:23:36]     [T2: CBB coin flip] Betting $3.29 on Seahawks @ 43.0% | Dayton Flyers vs. UNC Wilmington Se
[2026-03-21 12:23:36]     Previewing order: 7 shares @ $0.43 = $3.29
[2026-03-21 12:23:36]     Preview OK: {"order": {"id": "", "marketSlug": "aec-cbb-day-ncw-2026-03-21", "side": "ORDER_SIDE_SELL", "type": "ORDER_TYPE_LIMIT", "price": {"value": "0.57", "currency": "USD"}, "quantity": 7, "cumQuantity": 0, 
[2026-03-21 12:23:36]     Order result: {"id": "8XWEJ26G4HC1", "executions": []}
[2026-03-21 12:23:36]     BET PLACED on Seahawks
[2026-03-21 12:23:36]     [T2: CBB coin flip] Betting $3.29 on Crimson Tide @ 51.0% | Texas Tech Red Raiders vs. Alabama 
[2026-03-21 12:23:36]     Previewing order: 6 shares @ $0.51 = $3.29
[2026-03-21 12:23:37]     Preview OK: {"order": {"id": "", "marketSlug": "aec-cbb-txtech-ala-2026-03-22", "side": "ORDER_SIDE_SELL", "type": "ORDER_TYPE_LIMIT", "price": {"value": "0.49", "currency": "USD"}, "quantity": 6, "cumQuantity": 
[2026-03-21 12:23:37]     Order result: {"id": "8XWBN6C00J5H", "executions": []}
[2026-03-21 12:23:37]     BET PLACED on Crimson Tide
[2026-03-21 12:23:37]     [T2: CBB coin flip] Betting $3.29 on Cavaliers @ 50.0% | Tennessee Volunteers vs. Virginia C
[2026-03-21 12:23:37]     Previewing order: 6 shares @ $0.50 = $3.29
[2026-03-21 12:23:37]     Preview OK: {"order": {"id": "", "marketSlug": "aec-cbb-tenn-vir-2026-03-22", "side": "ORDER_SIDE_SELL", "type": "ORDER_TYPE_LIMIT", "price": {"value": "0.5", "currency": "USD"}, "quantity": 6, "cumQuantity": 0, 
[2026-03-21 12:23:37]     Order result: {"id": "8XWE54HG6H7H", "executions": []}
[2026-03-21 12:23:37]     BET PLACED on Cavaliers
[2026-03-21 12:23:38]     SKIP Shockers — price moved out of tier range
[2026-03-21 12:23:38] 
  Updated Balance: $151.31 | Buying Power: $97.31
[2026-03-21 14:22:02] =================================================================
[2026-03-21 14:22:02]   POLYMARKET TEAM B — HYBRID 4-TIER BOT
[2026-03-21 14:22:02]   Mode: LIVE | Sizing: 3% of bankroll
[2026-03-21 14:22:02]   Leagues: nba, cbb
[2026-03-21 14:22:02]   Tiers: T1=B fav 75-90% | T2=CBB coin flip
[2026-03-21 14:22:02]          T3=CBB B dog 50-55% | T4=NBA 50/50
[2026-03-21 14:22:02] =================================================================
[2026-03-21 14:22:02] 
[2026-03-21 14:22:02] =================================================================
[2026-03-21 14:22:02]   SCANNING — HYBRID 4-TIER STRATEGY
[2026-03-21 14:22:02] =================================================================
[2026-03-21 14:22:02]   Balance: $151.31 | Buying Power: $99.31
[2026-03-21 14:22:02]   Bet size (3% of bankroll): $2.98
[2026-03-21 14:22:02] 
[2026-03-21 14:22:02]   Scanning NBA...
[2026-03-21 14:22:03]     Found 18 events
[2026-03-21 14:22:03]     [SIGNAL] T4: NBA 50/50        | Miami vs. Houston                   | Rockets         @45.0%
[2026-03-21 14:22:03]   Scanning CBB...
[2026-03-21 14:22:03]     Found 23 events
[2026-03-21 14:22:03]     [DONE] T2: CBB coin flip    | Vanderbilt Commodores vs. Nebraska  | Cornhuskers     @55.0%
[2026-03-21 14:22:03]     [DONE] T2: CBB coin flip    | Dayton Flyers vs. UNC Wilmington Se | Seahawks        @58.0%
[2026-03-21 14:22:03]     [DONE] T2: CBB coin flip    | Texas Tech Red Raiders vs. Alabama  | Crimson Tide    @51.0%
[2026-03-21 14:22:03]     [DONE] T2: CBB coin flip    | Tennessee Volunteers vs. Virginia C | Cavaliers       @52.0%
[2026-03-21 14:22:03]     [SIGNAL] T2: CBB coin flip    | Wichita State Shockers vs. Oklahoma | Cowboys         @41.0%
[2026-03-21 14:22:03] 
[2026-03-21 14:22:03]   Total qualifying markets: 6
[2026-03-21 14:22:03]     T2: CBB coin flip: 5
[2026-03-21 14:22:03]     T4: NBA 50/50: 1
[2026-03-21 14:22:03]   New (not yet bet): 2
[2026-03-21 14:22:03] 
[2026-03-21 14:22:03]   PLACING BETS:
[2026-03-21 14:22:03]   -----------------------------------------------------------------
[2026-03-21 14:22:03]     SKIP Rockets — price moved out of tier range
[2026-03-21 14:22:03]     SKIP Cowboys — price moved out of tier range
[2026-03-21 14:22:03] 
  Updated Balance: $151.31 | Buying Power: $99.31
[2026-03-21 15:33:05] =================================================================
[2026-03-21 15:33:05]   POLYMARKET TEAM B — HYBRID 4-TIER BOT
[2026-03-21 15:33:05]   Mode: DRY RUN | Sizing: 3% of bankroll
[2026-03-21 15:33:05]   Leagues: nba, cbb, epl
[2026-03-21 15:33:05]   Tiers: T1=B fav 75-90% | T2=CBB coin flip
[2026-03-21 15:33:05]          T3=CBB B dog 50-55% | T4=NBA 50/50
[2026-03-21 15:33:05] =================================================================
[2026-03-21 15:33:05] 
[2026-03-21 15:33:05] =================================================================
[2026-03-21 15:33:05]   SCANNING — HYBRID 4-TIER STRATEGY
[2026-03-21 15:33:05] =================================================================
[2026-03-21 15:33:05]   Balance: $149.36 | Buying Power: $98.36
[2026-03-21 15:33:05]   Bet size (3% of bankroll): $2.95
[2026-03-21 15:33:05] 
[2026-03-21 15:33:05]   Scanning NBA...
[2026-03-21 15:33:05]     Found 18 events
[2026-03-21 15:33:05]     [SIGNAL] T4: NBA 50/50        | Miami vs. Houston                   | Rockets         @46.0%
[2026-03-21 15:33:05]   Scanning CBB...
[2026-03-21 15:33:06]     Found 23 events
[2026-03-21 15:33:06]     [DONE] T2: CBB coin flip    | Vanderbilt Commodores vs. Nebraska  | Cornhuskers     @55.0%
[2026-03-21 15:33:06]     [DONE] T2: CBB coin flip    | Dayton Flyers vs. UNC Wilmington Se | Seahawks        @59.0%
[2026-03-21 15:33:06]     [DONE] T2: CBB coin flip    | Texas Tech Red Raiders vs. Alabama  | Crimson Tide    @51.0%
[2026-03-21 15:33:06]     [DONE] T2: CBB coin flip    | Tennessee Volunteers vs. Virginia C | Cavaliers       @52.0%
[2026-03-21 15:33:06]     [SIGNAL] T2: CBB coin flip    | Wichita State Shockers vs. Oklahoma | Cowboys         @41.0%
[2026-03-21 15:33:06]   Scanning EPL...
[2026-03-21 15:33:06]     Found 4 events
[2026-03-21 15:33:06] 
[2026-03-21 15:33:06]   Total qualifying markets: 6
[2026-03-21 15:33:06]     T2: CBB coin flip: 5
[2026-03-21 15:33:06]     T4: NBA 50/50: 1
[2026-03-21 15:33:06]   New (not yet bet): 2
[2026-03-21 15:33:06] 
[2026-03-21 15:33:06]   DRY RUN — use --live to actually place bets
[2026-03-21 15:33:06]   -----------------------------------------------------------------
[2026-03-21 15:33:06]     [T4: NBA 50/50] WOULD BET $2.95 on Rockets         @46.0% | Miami vs. Houston
[2026-03-21 15:33:06]     [T2: CBB coin flip] WOULD BET $2.95 on Cowboys         @41.0% | Wichita State Shockers vs. Oklahoma
[2026-03-21 15:34:18] =================================================================
[2026-03-21 15:34:18]   POLYMARKET — HYBRID 5-TIER BOT
[2026-03-21 15:34:18]   Mode: DRY RUN | Sizing: 3% of bankroll
[2026-03-21 15:34:18]   Leagues: nba, cbb, epl
[2026-03-21 15:34:18]   Tiers: T1=B fav 75-90% | T2=CBB coin flip
[2026-03-21 15:34:18]          T3=CBB B dog 50-55% | T4=NBA 50/50
[2026-03-21 15:34:18]          T5=EPL Draw <35%
[2026-03-21 15:34:18] =================================================================
[2026-03-21 15:34:18] 
[2026-03-21 15:34:18] =================================================================
[2026-03-21 15:34:18]   SCANNING — HYBRID 4-TIER STRATEGY
[2026-03-21 15:34:18] =================================================================
[2026-03-21 15:34:18]   Balance: $149.36 | Buying Power: $98.36
[2026-03-21 15:34:18]   Bet size (3% of bankroll): $2.95
[2026-03-21 15:34:18] 
[2026-03-21 15:34:18]   Scanning NBA...
[2026-03-21 15:34:19]     Found 18 events
[2026-03-21 15:34:19]     [SIGNAL] T4: NBA 50/50        | Miami vs. Houston                   | Rockets         @46.0%
[2026-03-21 15:34:19]   Scanning CBB...
[2026-03-21 15:34:19]     Found 23 events
[2026-03-21 15:34:19]     [DONE] T2: CBB coin flip    | Vanderbilt Commodores vs. Nebraska  | Cornhuskers     @55.0%
[2026-03-21 15:34:19]     [DONE] T2: CBB coin flip    | Dayton Flyers vs. UNC Wilmington Se | Seahawks        @59.0%
[2026-03-21 15:34:19]     [DONE] T2: CBB coin flip    | Texas Tech Red Raiders vs. Alabama  | Crimson Tide    @51.0%
[2026-03-21 15:34:19]     [DONE] T2: CBB coin flip    | Tennessee Volunteers vs. Virginia C | Cavaliers       @52.0%
[2026-03-21 15:34:19]     [SIGNAL] T2: CBB coin flip    | Wichita State Shockers vs. Oklahoma | Cowboys         @41.0%
[2026-03-21 15:34:19]   Scanning EPL...
[2026-03-21 15:34:19]     Found 4 events
[2026-03-21 15:34:19]     [SIGNAL] T5: EPL Draw <35%    | Newcastle United vs. Sunderland 202 | Draw            @24.0%
[2026-03-21 15:34:19]     [SIGNAL] T5: EPL Draw <35%    | Tottenham Hotspur vs. Nottingham Fo | Draw            @27.0%
[2026-03-21 15:34:19]     [SIGNAL] T5: EPL Draw <35%    | Aston Villa vs. West Ham United 202 | Draw            @24.0%
[2026-03-21 15:34:19] 
[2026-03-21 15:34:19]   Total qualifying markets: 9
[2026-03-21 15:34:19]     T2: CBB coin flip: 5
[2026-03-21 15:34:19]     T4: NBA 50/50: 1
[2026-03-21 15:34:19]     T5: EPL Draw <35%: 3
[2026-03-21 15:34:19]   New (not yet bet): 5
[2026-03-21 15:34:19] 
[2026-03-21 15:34:19]   DRY RUN — use --live to actually place bets
[2026-03-21 15:34:19]   -----------------------------------------------------------------
[2026-03-21 15:34:19]     [T4: NBA 50/50] WOULD BET $2.95 on Rockets         @46.0% | Miami vs. Houston
[2026-03-21 15:34:19]     [T2: CBB coin flip] WOULD BET $2.95 on Cowboys         @41.0% | Wichita State Shockers vs. Oklahoma
[2026-03-21 15:34:19]     [T5: EPL Draw <35%] WOULD BET $2.95 on Draw            @24.0% | Newcastle United vs. Sunderland 202
[2026-03-21 15:34:19]     [T5: EPL Draw <35%] WOULD BET $2.95 on Draw            @27.0% | Tottenham Hotspur vs. Nottingham Fo
[2026-03-21 15:34:19]     [T5: EPL Draw <35%] WOULD BET $2.95 on Draw            @24.0% | Aston Villa vs. West Ham United 202
[2026-03-21 15:39:57] =================================================================
[2026-03-21 15:39:57]   POLYMARKET — HYBRID 5-TIER BOT
[2026-03-21 15:39:57]   Mode: DRY RUN | Sizing: 3% of bankroll
[2026-03-21 15:39:57]   Leagues: nba, cbb, epl
[2026-03-21 15:39:57]   Tiers: T1=B fav 75-90% | T2=CBB coin flip
[2026-03-21 15:39:57]          T3=CBB B dog 50-55% | T4=NBA 50/50
[2026-03-21 15:39:57]          T5=EPL Draw <35%
[2026-03-21 15:39:57] =================================================================
[2026-03-21 15:39:57] 
[2026-03-21 15:39:57] =================================================================
[2026-03-21 15:39:57]   SCANNING — HYBRID 5-TIER STRATEGY
[2026-03-21 15:39:57] =================================================================
[2026-03-21 15:39:57]   Balance: $151.27 | Buying Power: $100.27
[2026-03-21 15:39:57]   Bet size (3% of bankroll): $3.01
[2026-03-21 15:39:57] 
[2026-03-21 15:39:57]   Scanning NBA...
[2026-03-21 15:39:57]     Found 18 events
[2026-03-21 15:39:57]     [SIGNAL] T4: NBA 50/50        | Miami vs. Houston                   | Rockets         @46.0%
[2026-03-21 15:39:57]   Scanning CBB...
[2026-03-21 15:39:58]     Found 23 events
[2026-03-21 15:39:58]     [DONE] T2: CBB coin flip    | Vanderbilt Commodores vs. Nebraska  | Cornhuskers     @55.0%
[2026-03-21 15:39:58]     [DONE] T2: CBB coin flip    | Texas Tech Red Raiders vs. Alabama  | Crimson Tide    @51.0%
[2026-03-21 15:39:58]     [DONE] T2: CBB coin flip    | Tennessee Volunteers vs. Virginia C | Cavaliers       @52.0%
[2026-03-21 15:39:58]     [SIGNAL] T2: CBB coin flip    | Wichita State Shockers vs. Oklahoma | Cowboys         @41.0%
[2026-03-21 15:39:58]   Scanning EPL...
[2026-03-21 15:39:58]     Found 4 events
[2026-03-21 15:39:58]     [SIGNAL] T5: EPL Draw 25-35%  | Tottenham Hotspur vs. Nottingham Fo | Draw            @27.0%
[2026-03-21 15:39:58] 
[2026-03-21 15:39:58]   Total qualifying markets: 6
[2026-03-21 15:39:58]     T2: CBB coin flip: 4
[2026-03-21 15:39:58]     T4: NBA 50/50: 1
[2026-03-21 15:39:58]     T5: EPL Draw 25-35%: 1
[2026-03-21 15:39:58]   New (not yet bet): 3
[2026-03-21 15:39:58] 
[2026-03-21 15:39:58]   DRY RUN — use --live to actually place bets
[2026-03-21 15:39:58]   -----------------------------------------------------------------
[2026-03-21 15:39:58]     [T4: NBA 50/50] WOULD BET $3.01 on Rockets         @46.0% | Miami vs. Houston
[2026-03-21 15:39:58]     [T2: CBB coin flip] WOULD BET $3.01 on Cowboys         @41.0% | Wichita State Shockers vs. Oklahoma
[2026-03-21 15:39:58]     [T5: EPL Draw 25-35%] WOULD BET $3.01 on Draw            @27.0% | Tottenham Hotspur vs. Nottingham Fo
[2026-03-21 15:41:12] =================================================================
[2026-03-21 15:41:12]   POLYMARKET — HYBRID 5-TIER BOT
[2026-03-21 15:41:12]   Mode: LIVE | Sizing: 3% of bankroll
[2026-03-21 15:41:12]   Leagues: nba, cbb, epl
[2026-03-21 15:41:12]   Tiers: T1=B fav 75-90% | T2=CBB coin flip
[2026-03-21 15:41:12]          T3=CBB B dog 50-55% | T4=NBA 50/50
[2026-03-21 15:41:12]          T5=EPL Draw <35%
[2026-03-21 15:41:12] =================================================================
[2026-03-21 15:41:12] 
[2026-03-21 15:41:12] =================================================================
[2026-03-21 15:41:12]   SCANNING — HYBRID 5-TIER STRATEGY
[2026-03-21 15:41:12] =================================================================
[2026-03-21 15:41:12]   Balance: $151.27 | Buying Power: $100.27
[2026-03-21 15:41:12]   Bet size (3% of bankroll): $3.01
[2026-03-21 15:41:12] 
[2026-03-21 15:41:12]   Scanning NBA...
[2026-03-21 15:41:12]     Found 18 events
[2026-03-21 15:41:12]     [SIGNAL] T4: NBA 50/50        | Miami vs. Houston                   | Rockets         @46.0%
[2026-03-21 15:41:12]   Scanning CBB...
[2026-03-21 15:41:12]     Found 23 events
[2026-03-21 15:41:12]     [DONE] T2: CBB coin flip    | Vanderbilt Commodores vs. Nebraska  | Cornhuskers     @55.0%
[2026-03-21 15:41:12]     [DONE] T2: CBB coin flip    | Texas Tech Red Raiders vs. Alabama  | Crimson Tide    @51.0%
[2026-03-21 15:41:12]     [DONE] T2: CBB coin flip    | Tennessee Volunteers vs. Virginia C | Cavaliers       @52.0%
[2026-03-21 15:41:12]     [SIGNAL] T2: CBB coin flip    | Wichita State Shockers vs. Oklahoma | Cowboys         @41.0%
[2026-03-21 15:41:12]   Scanning EPL...
[2026-03-21 15:41:13]     Found 4 events
[2026-03-21 15:41:13]     [SIGNAL] T5: EPL Draw 25-35%  | Tottenham Hotspur vs. Nottingham Fo | Draw            @27.0%
[2026-03-21 15:41:13] 
[2026-03-21 15:41:13]   Total qualifying markets: 6
[2026-03-21 15:41:13]     T2: CBB coin flip: 4
[2026-03-21 15:41:13]     T4: NBA 50/50: 1
[2026-03-21 15:41:13]     T5: EPL Draw 25-35%: 1
[2026-03-21 15:41:13]   New (not yet bet): 3
[2026-03-21 15:41:13] 
[2026-03-21 15:41:13]   PLACING BETS:
[2026-03-21 15:41:13]   -----------------------------------------------------------------
[2026-03-21 15:41:13]     SKIP Rockets — price moved out of tier range
[2026-03-21 15:41:13]     SKIP Cowboys — price moved out of tier range
[2026-03-21 15:41:13]     [T5: EPL Draw 25-35%] Betting $3.01 on Draw @ 29.0% | Tottenham Hotspur vs. Nottingham Fo
[2026-03-21 15:41:13]     Previewing order: 10 shares @ $0.29 = $3.01 (YES)
[2026-03-21 15:41:13]     Preview OK: {"order": {"id": "", "marketSlug": "atc-epl-tot-not-2026-03-22-draw", "side": "ORDER_SIDE_BUY", "type": "ORDER_TYPE_LIMIT", "price": {"value": "0.29", "currency": "USD"}, "quantity": 10, "cumQuantity"
[2026-03-21 15:41:13]     Order result: {"id": "8Y7AD1K02G0G", "executions": []}
[2026-03-21 15:41:13]     BET PLACED on Draw
[2026-03-21 15:41:14] 
  Updated Balance: $148.36 | Buying Power: $97.36
[2026-03-21 15:56:09] =================================================================
[2026-03-21 15:56:09]   POLYMARKET — HYBRID 5-TIER BOT
[2026-03-21 15:56:09]   Mode: DRY RUN | Sizing: 3% of bankroll
[2026-03-21 15:56:09]   Leagues: nba, cbb, epl
[2026-03-21 15:56:09]   Tiers: T1=B fav 75-90% | T2=CBB coin flip
[2026-03-21 15:56:09]          T3=CBB B dog 50-55% | T4=NBA 50/50
[2026-03-21 15:56:09]          T5=EPL Draw <35%
[2026-03-21 15:56:09] =================================================================
[2026-03-21 15:56:09] 
[2026-03-21 15:56:09] =================================================================
[2026-03-21 15:56:09]   SCANNING — HYBRID 5-TIER STRATEGY
[2026-03-21 15:56:09] =================================================================
[2026-03-21 15:56:09]   Balance: $148.36 | Buying Power: $97.36
[2026-03-21 15:56:09]   Bet size (3% of bankroll): $2.92
[2026-03-21 15:56:09] 
[2026-03-21 15:56:09]   Scanning NBA...
[2026-03-21 15:56:09]     Found 16 events
[2026-03-21 15:56:09]     [SIGNAL] T4: NBA 50/50        | Miami vs. Houston                   | Rockets         @46.0%
[2026-03-21 15:56:09]     [SIGNAL] T2: Coin flip        | Toronto vs. Phoenix                 | Suns            @57.0%
[2026-03-21 15:56:09]   Scanning CBB...
[2026-03-21 15:56:10]     Found 23 events
[2026-03-21 15:56:10]     [DONE] T2: Coin flip        | Vanderbilt Commodores vs. Nebraska  | Cornhuskers     @55.0%
[2026-03-21 15:56:10]     [DONE] T2: Coin flip        | Texas Tech Red Raiders vs. Alabama  | Crimson Tide    @51.0%
[2026-03-21 15:56:10]     [DONE] T2: Coin flip        | Tennessee Volunteers vs. Virginia C | Cavaliers       @52.0%
[2026-03-21 15:56:10]     [SIGNAL] T2: Coin flip        | Wichita State Shockers vs. Oklahoma | Cowboys         @41.0%
[2026-03-21 15:56:10]   Scanning EPL...
[2026-03-21 15:56:10]     Found 4 events
[2026-03-21 15:56:10]     [DONE] T5: EPL Draw 25-35%  | Tottenham Hotspur vs. Nottingham Fo | Draw            @27.0%
[2026-03-21 15:56:10] 
[2026-03-21 15:56:10]   Total qualifying markets: 7
[2026-03-21 15:56:10]     T2: Coin flip: 5
[2026-03-21 15:56:10]     T4: NBA 50/50: 1
[2026-03-21 15:56:10]     T5: EPL Draw 25-35%: 1
[2026-03-21 15:56:10]   New (not yet bet): 3
[2026-03-21 15:56:10] 
[2026-03-21 15:56:10]   DRY RUN — use --live to actually place bets
[2026-03-21 15:56:10]   -----------------------------------------------------------------
[2026-03-21 15:56:10]     [T4: NBA 50/50] WOULD BET $2.92 on Rockets         @46.0% | Miami vs. Houston
[2026-03-21 15:56:10]     [T2: Coin flip] WOULD BET $2.92 on Suns            @57.0% | Toronto vs. Phoenix
[2026-03-21 15:56:10]     [T2: Coin flip] WOULD BET $2.92 on Cowboys         @41.0% | Wichita State Shockers vs. Oklahoma
[2026-03-21 15:56:41] =================================================================
[2026-03-21 15:56:41]   POLYMARKET — HYBRID 5-TIER BOT
[2026-03-21 15:56:41]   Mode: LIVE | Sizing: 3% of bankroll
[2026-03-21 15:56:41]   Leagues: nba, cbb, epl
[2026-03-21 15:56:41]   Tiers: T1=B fav 75-90% | T2=CBB coin flip
[2026-03-21 15:56:41]          T3=CBB B dog 50-55% | T4=NBA 50/50
[2026-03-21 15:56:41]          T5=EPL Draw <35%
[2026-03-21 15:56:41] =================================================================
[2026-03-21 15:56:41] 
[2026-03-21 15:56:41] =================================================================
[2026-03-21 15:56:41]   SCANNING — HYBRID 5-TIER STRATEGY
[2026-03-21 15:56:41] =================================================================
[2026-03-21 15:56:42]   Balance: $148.36 | Buying Power: $97.36
[2026-03-21 15:56:42]   Bet size (3% of bankroll): $2.92
[2026-03-21 15:56:42] 
[2026-03-21 15:56:42]   Scanning NBA...
[2026-03-21 15:56:42]     Found 16 events
[2026-03-21 15:56:42]     [SIGNAL] T4: NBA 50/50        | Miami vs. Houston                   | Rockets         @46.0%
[2026-03-21 15:56:42]     [SIGNAL] T2: Coin flip        | Toronto vs. Phoenix                 | Suns            @57.0%
[2026-03-21 15:56:42]   Scanning CBB...
[2026-03-21 15:56:42]     Found 23 events
[2026-03-21 15:56:42]     [DONE] T2: Coin flip        | Vanderbilt Commodores vs. Nebraska  | Cornhuskers     @55.0%
[2026-03-21 15:56:42]     [DONE] T2: Coin flip        | Texas Tech Red Raiders vs. Alabama  | Crimson Tide    @51.0%
[2026-03-21 15:56:42]     [DONE] T2: Coin flip        | Tennessee Volunteers vs. Virginia C | Cavaliers       @52.0%
[2026-03-21 15:56:42]     [SIGNAL] T2: Coin flip        | Wichita State Shockers vs. Oklahoma | Cowboys         @41.0%
[2026-03-21 15:56:42]   Scanning EPL...
[2026-03-21 15:56:42]     Found 4 events
[2026-03-21 15:56:42]     [DONE] T5: EPL Draw 25-35%  | Tottenham Hotspur vs. Nottingham Fo | Draw            @27.0%
[2026-03-21 15:56:42] 
[2026-03-21 15:56:42]   Total qualifying markets: 7
[2026-03-21 15:56:42]     T2: Coin flip: 5
[2026-03-21 15:56:42]     T4: NBA 50/50: 1
[2026-03-21 15:56:42]     T5: EPL Draw 25-35%: 1
[2026-03-21 15:56:42]   New (not yet bet): 3
[2026-03-21 15:56:42] 
[2026-03-21 15:56:42]   PLACING BETS:
[2026-03-21 15:56:42]   -----------------------------------------------------------------
[2026-03-21 15:56:43]     [T4: NBA 50/50] Betting $2.92 on Rockets @ 55.0% | Miami vs. Houston
[2026-03-21 15:56:43]     Previewing order: 5 shares @ $0.55 = $2.92 (NO)
[2026-03-21 15:56:43]     Preview OK: {"order": {"id": "", "marketSlug": "aec-nba-mia-hou-2026-03-21", "side": "ORDER_SIDE_SELL", "type": "ORDER_TYPE_LIMIT", "price": {"value": "0.45", "currency": "USD"}, "quantity": 5, "cumQuantity": 0, 
[2026-03-21 15:56:43]     Order result: {"id": "8Y7W51PG0JTG", "executions": []}
[2026-03-21 15:56:43]     BET PLACED on Rockets
[2026-03-21 15:56:43]     [T2: Coin flip] Betting $2.92 on Suns @ 48.0% | Toronto vs. Phoenix
[2026-03-21 15:56:43]     Previewing order: 6 shares @ $0.48 = $2.92 (NO)
[2026-03-21 15:56:43]     Preview OK: {"order": {"id": "", "marketSlug": "aec-nba-tor-pho-2026-03-22", "side": "ORDER_SIDE_SELL", "type": "ORDER_TYPE_LIMIT", "price": {"value": "0.52", "currency": "USD"}, "quantity": 6, "cumQuantity": 0, 
[2026-03-21 15:56:44]     Order result: {"id": "8Y7V9NVG2HC1", "executions": []}
[2026-03-21 15:56:44]     BET PLACED on Suns
[2026-03-21 15:56:44]     SKIP Cowboys — price moved out of tier range
[2026-03-21 15:56:44] 
  Updated Balance: $153.71 | Buying Power: $91.71
[2026-03-21 20:20:27] =================================================================
[2026-03-21 20:20:27]   POLYMARKET — HYBRID 5-TIER BOT
[2026-03-21 20:20:27]   Mode: DRY RUN | Sizing: 3% of bankroll
[2026-03-21 20:20:27]   Leagues: nba, cbb, epl
[2026-03-21 20:20:27]   Tiers: T1=B fav 75-90% | T2=CBB coin flip
[2026-03-21 20:20:27]          T3=CBB B dog 50-55% | T4=NBA 50/50
[2026-03-21 20:20:27]          T5=EPL Draw <35%
[2026-03-21 20:20:27] =================================================================
[2026-03-21 20:20:27] 
[2026-03-21 20:20:27] =================================================================
[2026-03-21 20:20:27]   SCANNING — HYBRID 5-TIER STRATEGY
[2026-03-21 20:20:27] =================================================================
[2026-03-21 20:20:27]   Balance: $136.63 | Buying Power: $86.63
[2026-03-21 20:20:27]   Bet size (3% of bankroll): $2.60
[2026-03-21 20:20:27] 
[2026-03-21 20:20:27]   Scanning NBA...
[2026-03-21 20:20:27]     Found 19 events
[2026-03-21 20:20:27]     [DONE] T2: Coin flip        | Toronto vs. Phoenix                 | Suns            @54.0%
[2026-03-21 20:20:28]   Scanning CBB...
[2026-03-21 20:20:28]     Found 18 events
[2026-03-21 20:20:28]     [DONE] T2: Coin flip        | Texas Tech Red Raiders vs. Alabama  | Crimson Tide    @52.0%
[2026-03-21 20:20:28]     [DONE] T2: Coin flip        | Tennessee Volunteers vs. Virginia C | Cavaliers       @52.0%
[2026-03-21 20:20:28]     [SIGNAL] T2: Coin flip        | Wichita State Shockers vs. Oklahoma | Cowboys         @41.0%
[2026-03-21 20:20:28]   Scanning EPL...
[2026-03-21 20:20:28]     Found 3 events
[2026-03-21 20:20:28]     [DONE] T5: EPL Draw 25-35%  | Tottenham Hotspur vs. Nottingham Fo | Draw            @27.0%
[2026-03-21 20:20:28] 
[2026-03-21 20:20:28]   Total qualifying markets: 5
[2026-03-21 20:20:28]     T2: Coin flip: 4
[2026-03-21 20:20:28]     T5: EPL Draw 25-35%: 1
[2026-03-21 20:20:28]   New (not yet bet): 1
[2026-03-21 20:20:28] 
[2026-03-21 20:20:28]   DRY RUN — use --live to actually place bets
[2026-03-21 20:20:28]   -----------------------------------------------------------------
[2026-03-21 20:20:28]     [T2: Coin flip] WOULD BET $2.60 on Cowboys         @41.0% | Wichita State Shockers vs. Oklahoma
[2026-03-21 20:21:31] =================================================================
[2026-03-21 20:21:31]   POLYMARKET — HYBRID 5-TIER BOT
[2026-03-21 20:21:31]   Mode: LIVE | Sizing: 3% of bankroll
[2026-03-21 20:21:31]   Leagues: nba, cbb, epl
[2026-03-21 20:21:31]   Tiers: T1=B fav 75-90% | T2=CBB coin flip
[2026-03-21 20:21:31]          T3=CBB B dog 50-55% | T4=NBA 50/50
[2026-03-21 20:21:31]          T5=EPL Draw <35%
[2026-03-21 20:21:31] =================================================================
[2026-03-21 20:21:31] 
[2026-03-21 20:21:31] =================================================================
[2026-03-21 20:21:31]   SCANNING — HYBRID 5-TIER STRATEGY
[2026-03-21 20:21:31] =================================================================
[2026-03-21 20:21:31]   Balance: $136.63 | Buying Power: $86.63
[2026-03-21 20:21:31]   Bet size (3% of bankroll): $2.60
[2026-03-21 20:21:31] 
[2026-03-21 20:21:31]   Scanning NBA...
[2026-03-21 20:21:31]     Found 19 events
[2026-03-21 20:21:31]     [DONE] T2: Coin flip        | Toronto vs. Phoenix                 | Suns            @54.0%
[2026-03-21 20:21:32]   Scanning CBB...
[2026-03-21 20:21:32]     Found 18 events
[2026-03-21 20:21:32]     [DONE] T2: Coin flip        | Texas Tech Red Raiders vs. Alabama  | Crimson Tide    @52.0%
[2026-03-21 20:21:32]     [DONE] T2: Coin flip        | Tennessee Volunteers vs. Virginia C | Cavaliers       @52.0%
[2026-03-21 20:21:32]     [SIGNAL] T2: Coin flip        | Wichita State Shockers vs. Oklahoma | Cowboys         @41.0%
[2026-03-21 20:21:32]   Scanning EPL...
[2026-03-21 20:21:32]     Found 3 events
[2026-03-21 20:21:32]     [DONE] T5: EPL Draw 25-35%  | Tottenham Hotspur vs. Nottingham Fo | Draw            @27.0%
[2026-03-21 20:21:32] 
[2026-03-21 20:21:32]   Total qualifying markets: 5
[2026-03-21 20:21:32]     T2: Coin flip: 4
[2026-03-21 20:21:32]     T5: EPL Draw 25-35%: 1
[2026-03-21 20:21:32]   New (not yet bet): 1
[2026-03-21 20:21:32] 
[2026-03-21 20:21:32]   PLACING BETS:
[2026-03-21 20:21:32]   -----------------------------------------------------------------
[2026-03-21 20:21:32]     SKIP Cowboys — price moved out of tier range
[2026-03-21 20:21:32] 
  Updated Balance: $136.63 | Buying Power: $86.63
[2026-03-21 23:33:54] =================================================================
[2026-03-21 23:33:54]   POLYMARKET — HYBRID 5-TIER BOT
[2026-03-21 23:33:54]   Mode: DRY RUN | Sizing: 3% of bankroll
[2026-03-21 23:33:54]   Leagues: nba, cbb, epl
[2026-03-21 23:33:54]   Tiers: T1=B fav 75-90% | T2=CBB coin flip
[2026-03-21 23:33:54]          T3=CBB B dog 50-55% | T4=NBA 50/50
[2026-03-21 23:33:54]          T5=EPL Draw <35%
[2026-03-21 23:33:54] =================================================================
[2026-03-21 23:33:54] 
[2026-03-21 23:33:54] =================================================================
[2026-03-21 23:33:54]   SCANNING — HYBRID 5-TIER STRATEGY
[2026-03-21 23:33:54] =================================================================
[2026-03-21 23:33:54]   Balance: $163.68 | Buying Power: $142.68
[2026-03-21 23:33:54]   Bet size (3% of bankroll): $4.28
[2026-03-21 23:33:54] 
[2026-03-21 23:33:54]   Scanning NBA...
[2026-03-21 23:33:54]     Found 11 events
[2026-03-21 23:33:54]     [DONE] T2: Coin flip        | Toronto vs. Phoenix                 | Suns            @55.0%
[2026-03-21 23:33:54]     [SIGNAL] T2: Coin flip        | Los Angeles L vs. Detroit           | Pistons         @51.0%
[2026-03-21 23:33:54]   Scanning CBB...
[2026-03-21 23:33:54]     Found 14 events
[2026-03-21 23:33:54]     [DONE] T2: Coin flip        | Texas Tech Red Raiders vs. Alabama  | Crimson Tide    @52.0%
[2026-03-21 23:33:54]     [DONE] T2: Coin flip        | Tennessee Volunteers vs. Virginia C | Cavaliers       @52.0%
[2026-03-21 23:33:54]     [SIGNAL] T2: Coin flip        | Wichita State Shockers vs. Oklahoma | Cowboys         @41.0%
[2026-03-21 23:33:55]   Scanning EPL...
[2026-03-21 23:33:55]     Found 3 events
[2026-03-21 23:33:55]     [DONE] T5: EPL Draw 25-35%  | Tottenham Hotspur vs. Nottingham Fo | Draw            @28.0%
[2026-03-21 23:33:55] 
[2026-03-21 23:33:55]   Total qualifying markets: 6
[2026-03-21 23:33:55]     T2: Coin flip: 5
[2026-03-21 23:33:55]     T5: EPL Draw 25-35%: 1
[2026-03-21 23:33:55]   New (not yet bet): 2
[2026-03-21 23:33:55] 
[2026-03-21 23:33:55]   DRY RUN — use --live to actually place bets
[2026-03-21 23:33:55]   -----------------------------------------------------------------
[2026-03-21 23:33:55]     [T2: Coin flip] WOULD BET $4.28 on Pistons         @51.0% | Los Angeles L vs. Detroit
[2026-03-21 23:33:55]     [T2: Coin flip] WOULD BET $4.28 on Cowboys         @41.0% | Wichita State Shockers vs. Oklahoma
[2026-03-21 23:35:08] =================================================================
[2026-03-21 23:35:08]   POLYMARKET — HYBRID 5-TIER BOT
[2026-03-21 23:35:08]   Mode: LIVE | Sizing: 3% of bankroll
[2026-03-21 23:35:08]   Leagues: nba, cbb, epl
[2026-03-21 23:35:08]   Tiers: T1=B fav 75-90% | T2=CBB coin flip
[2026-03-21 23:35:08]          T3=CBB B dog 50-55% | T4=NBA 50/50
[2026-03-21 23:35:08]          T5=EPL Draw <35%
[2026-03-21 23:35:08] =================================================================
[2026-03-21 23:35:08] 
[2026-03-21 23:35:08] =================================================================
[2026-03-21 23:35:08]   SCANNING — HYBRID 5-TIER STRATEGY
[2026-03-21 23:35:08] =================================================================
[2026-03-21 23:35:08]   Balance: $163.68 | Buying Power: $142.68
[2026-03-21 23:35:08]   Bet size (3% of bankroll): $4.28
[2026-03-21 23:35:08] 
[2026-03-21 23:35:08]   Scanning NBA...
[2026-03-21 23:35:09]     Found 11 events
[2026-03-21 23:35:09]     [DONE] T2: Coin flip        | Toronto vs. Phoenix                 | Suns            @55.0%
[2026-03-21 23:35:09]     [SIGNAL] T2: Coin flip        | Los Angeles L vs. Detroit           | Pistons         @51.0%
[2026-03-21 23:35:09]   Scanning CBB...
[2026-03-21 23:35:09]     Found 14 events
[2026-03-21 23:35:09]     [DONE] T2: Coin flip        | Texas Tech Red Raiders vs. Alabama  | Crimson Tide    @52.0%
[2026-03-21 23:35:09]     [DONE] T2: Coin flip        | Tennessee Volunteers vs. Virginia C | Cavaliers       @52.0%
[2026-03-21 23:35:09]     [SIGNAL] T2: Coin flip        | Wichita State Shockers vs. Oklahoma | Cowboys         @41.0%
[2026-03-21 23:35:09]   Scanning EPL...
[2026-03-21 23:35:09]     Found 3 events
[2026-03-21 23:35:09]     [DONE] T5: EPL Draw 25-35%  | Tottenham Hotspur vs. Nottingham Fo | Draw            @28.0%
[2026-03-21 23:35:09] 
[2026-03-21 23:35:09]   Total qualifying markets: 6
[2026-03-21 23:35:09]     T2: Coin flip: 5
[2026-03-21 23:35:09]     T5: EPL Draw 25-35%: 1
[2026-03-21 23:35:09]   New (not yet bet): 2
[2026-03-21 23:35:09] 
[2026-03-21 23:35:09]   PLACING BETS:
[2026-03-21 23:35:09]   -----------------------------------------------------------------
[2026-03-21 23:35:09]     [T2: Coin flip] Betting $4.28 on Pistons @ 51.0% | Los Angeles L vs. Detroit
[2026-03-21 23:35:09]     Previewing order: 8 shares @ $0.51 = $4.28 (NO)
[2026-03-21 23:35:09]     Preview OK: {"order": {"id": "", "marketSlug": "aec-nba-lal-det-2026-03-23", "side": "ORDER_SIDE_SELL", "type": "ORDER_TYPE_LIMIT", "price": {"value": "0.49", "currency": "USD"}, "quantity": 8, "cumQuantity": 0, 
[2026-03-21 23:35:10]     Order result: {"id": "8YEBQ2C00JTG", "executions": []}
[2026-03-21 23:35:10]     BET PLACED on Pistons
[2026-03-21 23:35:10]     SKIP Cowboys — price moved out of tier range
[2026-03-21 23:35:10] 
  Updated Balance: $167.59 | Buying Power: $138.59
[2026-03-21 23:38:32] =================================================================
[2026-03-21 23:38:32]   POLYMARKET — HYBRID 5-TIER BOT
[2026-03-21 23:38:32]   Mode: LIVE | Sizing: 3% of bankroll
[2026-03-21 23:38:32]   Leagues: nba, cbb, epl
[2026-03-21 23:38:32]   Tiers: T1=B fav 75-90% | T2=CBB coin flip
[2026-03-21 23:38:32]          T3=CBB B dog 50-55% | T4=NBA 50/50
[2026-03-21 23:38:32]          T5=EPL Draw <35%
[2026-03-21 23:38:32] =================================================================
[2026-03-21 23:38:32] 
[2026-03-21 23:38:32] =================================================================
[2026-03-21 23:38:32]   SCANNING — HYBRID 5-TIER STRATEGY
[2026-03-21 23:38:32] =================================================================
[2026-03-21 23:38:33]   Balance: $167.59 | Buying Power: $138.59
[2026-03-21 23:38:33]   Bet size (3% of bankroll): $4.16
[2026-03-21 23:38:33] 
[2026-03-21 23:38:33]   Scanning NBA...
[2026-03-21 23:38:33]     Found 11 events
[2026-03-21 23:38:33]     [DONE] T2: Coin flip        | Toronto vs. Phoenix                 | Suns            @56.0%
[2026-03-21 23:38:33]     [DONE] T2: Coin flip        | Los Angeles L vs. Detroit           | Pistons         @51.0%
[2026-03-21 23:38:33]   Scanning CBB...
[2026-03-21 23:38:33]     Found 14 events
[2026-03-21 23:38:33]     [DONE] T2: Coin flip        | Texas Tech Red Raiders vs. Alabama  | Crimson Tide    @52.0%
[2026-03-21 23:38:33]     [DONE] T2: Coin flip        | Tennessee Volunteers vs. Virginia C | Cavaliers       @52.0%
[2026-03-21 23:38:33]     [SIGNAL] T2: Coin flip        | Wichita State Shockers vs. Oklahoma | Cowboys         @41.0%
[2026-03-21 23:38:33]   Scanning EPL...
[2026-03-21 23:38:33]     Found 3 events
[2026-03-21 23:38:33]     [DONE] T5: EPL Draw 25-35%  | Tottenham Hotspur vs. Nottingham Fo | Draw            @28.0%
[2026-03-21 23:38:33] 
[2026-03-21 23:38:33]   Total qualifying markets: 6
[2026-03-21 23:38:33]     T2: Coin flip: 5
[2026-03-21 23:38:33]     T5: EPL Draw 25-35%: 1
[2026-03-21 23:38:33]   New (not yet bet): 1
[2026-03-21 23:38:33] 
[2026-03-21 23:38:33]   PLACING BETS:
[2026-03-21 23:38:33]   -----------------------------------------------------------------
[2026-03-21 23:38:34]     SKIP Cowboys — price moved out of tier range
[2026-03-21 23:38:34] 
  Updated Balance: $167.59 | Buying Power: $138.59
[2026-03-22 00:55:00] =================================================================
[2026-03-22 00:55:00]   POLYMARKET — HYBRID 5-TIER BOT
[2026-03-22 00:55:00]   Mode: DRY RUN | Sizing: 3% of bankroll
[2026-03-22 00:55:00]   Leagues: nba, cbb, epl
[2026-03-22 00:55:00]   Tiers: T1=B fav 75-90% | T2=CBB coin flip
[2026-03-22 00:55:00]          T3=CBB B dog 50-55% | T4=NBA 50/50
[2026-03-22 00:55:00]          T5=EPL Draw <35%
[2026-03-22 00:55:00] =================================================================
[2026-03-22 00:55:00] 
[2026-03-22 00:55:00] =================================================================
[2026-03-22 00:55:00]   SCANNING — HYBRID 5-TIER STRATEGY
[2026-03-22 00:55:00] =================================================================
[2026-03-22 00:55:00]   Balance: $167.59 | Buying Power: $138.59
[2026-03-22 00:55:00]   Bet size (3% of bankroll): $4.16
[2026-03-22 00:55:00] 
[2026-03-22 00:55:00]   Scanning NBA...
[2026-03-22 00:55:00]     Found 13 events
[2026-03-22 00:55:00]     [DONE] T2: Coin flip        | Toronto vs. Phoenix                 | Suns            @56.0%
[2026-03-22 00:55:00]     [DONE] T2: Coin flip        | Los Angeles L vs. Detroit           | Pistons         @52.0%
[2026-03-22 00:55:00]     [SIGNAL] T2: Coin flip        | Golden State vs. Dallas             | Mavericks       @52.0%
[2026-03-22 00:55:00]   Scanning CBB...
[2026-03-22 00:55:00]     Found 14 events
[2026-03-22 00:55:00]     [DONE] T2: Coin flip        | Texas Tech Red Raiders vs. Alabama  | Crimson Tide    @52.0%
[2026-03-22 00:55:00]     [DONE] T2: Coin flip        | Tennessee Volunteers vs. Virginia C | Cavaliers       @53.0%
[2026-03-22 00:55:00]     [SIGNAL] T2: Coin flip        | Wichita State Shockers vs. Oklahoma | Cowboys         @42.0%
[2026-03-22 00:55:01]   Scanning EPL...
[2026-03-22 00:55:01]     Found 3 events
[2026-03-22 00:55:01]     [DONE] T5: EPL Draw 25-35%  | Tottenham Hotspur vs. Nottingham Fo | Draw            @28.0%
[2026-03-22 00:55:01] 
[2026-03-22 00:55:01]   Total qualifying markets: 7
[2026-03-22 00:55:01]     T2: Coin flip: 6
[2026-03-22 00:55:01]     T5: EPL Draw 25-35%: 1
[2026-03-22 00:55:01]   New (not yet bet): 2
[2026-03-22 00:55:01] 
[2026-03-22 00:55:01]   DRY RUN — use --live to actually place bets
[2026-03-22 00:55:01]   -----------------------------------------------------------------
[2026-03-22 00:55:01]     [T2: Coin flip] WOULD BET $4.16 on Mavericks       @52.0% | Golden State vs. Dallas
[2026-03-22 00:55:01]     [T2: Coin flip] WOULD BET $4.16 on Cowboys         @42.0% | Wichita State Shockers vs. Oklahoma
[2026-03-22 01:08:57] =================================================================
[2026-03-22 01:08:57]   POLYMARKET — HYBRID 5-TIER BOT
[2026-03-22 01:08:57]   Mode: DRY RUN | Sizing: 3% of bankroll
[2026-03-22 01:08:57]   Leagues: nba, cbb, epl
[2026-03-22 01:08:57]   Tiers: T1=B fav 75-90% | T2=CBB coin flip
[2026-03-22 01:08:57]          T3=CBB B dog 50-55% | T4=NBA 50/50
[2026-03-22 01:08:57]          T5=EPL Draw <35%
[2026-03-22 01:08:57] =================================================================
[2026-03-22 01:08:57] 
[2026-03-22 01:08:57] =================================================================
[2026-03-22 01:08:57]   SCANNING — HYBRID 5-TIER STRATEGY
[2026-03-22 01:08:57] =================================================================
[2026-03-22 01:08:58]   Balance: $167.59 | Buying Power: $138.59
[2026-03-22 01:08:58]   Bet size (3% of bankroll): $4.16
[2026-03-22 01:08:58] 
[2026-03-22 01:08:58]   Scanning NBA...
[2026-03-22 01:08:58]     Found 14 events
[2026-03-22 01:08:58]     [DONE] T2: Coin flip        | Toronto vs. Phoenix                 | Suns            @56.0%
[2026-03-22 01:08:58]     [DONE] T2: Coin flip        | Los Angeles L vs. Detroit           | Pistons         @52.0%
[2026-03-22 01:08:58]     [SIGNAL] T2: Coin flip        | Golden State vs. Dallas             | Mavericks       @52.0%
[2026-03-22 01:08:58]   Scanning CBB...
[2026-03-22 01:08:58]     Found 14 events
[2026-03-22 01:08:58]     [DONE] T2: Coin flip        | Texas Tech Red Raiders vs. Alabama  | Crimson Tide    @52.0%
[2026-03-22 01:08:58]     [DONE] T2: Coin flip        | Tennessee Volunteers vs. Virginia C | Cavaliers       @53.0%
[2026-03-22 01:08:58]     [SIGNAL] T2: Coin flip        | Wichita State Shockers vs. Oklahoma | Cowboys         @42.0%
[2026-03-22 01:08:58]   Scanning EPL...
[2026-03-22 01:08:58]     Found 3 events
[2026-03-22 01:08:58]     [DONE] T5: EPL Draw 25-35%  | Tottenham Hotspur vs. Nottingham Fo | Draw            @28.0%
[2026-03-22 01:08:59] 
[2026-03-22 01:08:59]   Total qualifying markets: 7
[2026-03-22 01:08:59]     T2: Coin flip: 6
[2026-03-22 01:08:59]     T5: EPL Draw 25-35%: 1
[2026-03-22 01:08:59]   New (not yet bet): 2
[2026-03-22 01:08:59] 
[2026-03-22 01:08:59]   DRY RUN — use --live to actually place bets
[2026-03-22 01:08:59]   -----------------------------------------------------------------
[2026-03-22 01:08:59]     [T2: Coin flip] WOULD BET $4.16 on Mavericks       @52.0% | Golden State vs. Dallas
[2026-03-22 01:08:59]     [T2: Coin flip] WOULD BET $4.16 on Cowboys         @42.0% | Wichita State Shockers vs. Oklahoma
[2026-03-22 01:13:08] =================================================================
[2026-03-22 01:13:08]   POLYMARKET — HYBRID 5-TIER BOT
[2026-03-22 01:13:08]   Mode: LIVE | Sizing: 3% of bankroll
[2026-03-22 01:13:08]   Leagues: nba, cbb, epl
[2026-03-22 01:13:08]   Tiers: T1=B fav 75-90% | T2=CBB coin flip
[2026-03-22 01:13:08]          T3=CBB B dog 50-55% | T4=NBA 50/50
[2026-03-22 01:13:08]          T5=EPL Draw <35%
[2026-03-22 01:13:08] =================================================================
[2026-03-22 01:13:08] 
[2026-03-22 01:13:08] =================================================================
[2026-03-22 01:13:08]   SCANNING — HYBRID 5-TIER STRATEGY
[2026-03-22 01:13:08] =================================================================
[2026-03-22 01:13:08]   Balance: $167.59 | Buying Power: $138.59
[2026-03-22 01:13:08]   Bet size (3% of bankroll): $4.16
[2026-03-22 01:13:08] 
[2026-03-22 01:13:08]   Scanning NBA...
[2026-03-22 01:13:08]     Found 14 events
[2026-03-22 01:13:08]     [DONE] T2: Coin flip        | Toronto vs. Phoenix                 | Suns            @56.0%
[2026-03-22 01:13:08]     [DONE] T2: Coin flip        | Los Angeles L vs. Detroit           | Pistons         @52.0%
[2026-03-22 01:13:08]     [SIGNAL] T2: Coin flip        | Golden State vs. Dallas             | Mavericks       @52.0%
[2026-03-22 01:13:08]   Scanning CBB...
[2026-03-22 01:13:09]     Found 14 events
[2026-03-22 01:13:09]     [DONE] T2: Coin flip        | Texas Tech Red Raiders vs. Alabama  | Crimson Tide    @52.0%
[2026-03-22 01:13:09]     [DONE] T2: Coin flip        | Tennessee Volunteers vs. Virginia C | Cavaliers       @53.0%
[2026-03-22 01:13:09]     [SIGNAL] T2: Coin flip        | Wichita State Shockers vs. Oklahoma | Cowboys         @42.0%
[2026-03-22 01:13:09]   Scanning EPL...
[2026-03-22 01:13:09]     Found 3 events
[2026-03-22 01:13:09]     [DONE] T5: EPL Draw 25-35%  | Tottenham Hotspur vs. Nottingham Fo | Draw            @28.0%
[2026-03-22 01:13:09] 
[2026-03-22 01:13:09]   Total qualifying markets: 7
[2026-03-22 01:13:09]     T2: Coin flip: 6
[2026-03-22 01:13:09]     T5: EPL Draw 25-35%: 1
[2026-03-22 01:13:09]   New (not yet bet): 2
[2026-03-22 01:13:09] 
[2026-03-22 01:13:09]   PLACING BETS:
[2026-03-22 01:13:09]   -----------------------------------------------------------------
[2026-03-22 01:13:09]     [T2: Coin flip] Betting $4.16 on Mavericks @ 50.0% | Golden State vs. Dallas
[2026-03-22 01:13:09]     Previewing order: 8 shares @ $0.50 = $4.16 (NO)
[2026-03-22 01:13:09]     Preview OK: {"order": {"id": "", "marketSlug": "aec-nba-gs-dal-2026-03-23", "side": "ORDER_SIDE_SELL", "type": "ORDER_TYPE_LIMIT", "price": {"value": "0.5", "currency": "USD"}, "quantity": 8, "cumQuantity": 0, "l
[2026-03-22 01:13:09]     Order result: {"id": "8YENDGPG4JG1", "executions": []}
[2026-03-22 01:13:09]     BET PLACED on Mavericks
[2026-03-22 01:13:10]     SKIP Cowboys — price moved out of tier range
[2026-03-22 01:13:10] 
  Updated Balance: $171.58 | Buying Power: $134.58
[2026-03-22 02:33:03] =================================================================
[2026-03-22 02:33:03]   POLYMARKET — HYBRID 5-TIER BOT
[2026-03-22 02:33:03]   Mode: LIVE | Sizing: 3% of bankroll
[2026-03-22 02:33:03]   Leagues: nba, cbb, epl
[2026-03-22 02:33:03]   Tiers: T1=B fav 75-90% | T2=CBB coin flip
[2026-03-22 02:33:03]          T3=CBB B dog 50-55% | T4=NBA 50/50
[2026-03-22 02:33:03]          T5=EPL Draw <35%
[2026-03-22 02:33:03] =================================================================
[2026-03-22 02:33:03] 
[2026-03-22 02:33:03] =================================================================
[2026-03-22 02:33:03]   SCANNING — HYBRID 5-TIER STRATEGY
[2026-03-22 02:33:03] =================================================================
[2026-03-22 02:33:04]   Balance: $171.58 | Buying Power: $134.58
[2026-03-22 02:33:04]   Bet size (3% of bankroll): $4.04
[2026-03-22 02:33:04] 
[2026-03-22 02:33:04]   Scanning NBA...
[2026-03-22 02:33:04]     Found 15 events
[2026-03-22 02:33:04]     [DONE] T2: Coin flip        | Toronto vs. Phoenix                 | Suns            @57.0%
[2026-03-22 02:33:04]     [DONE] T4: NBA 50/50        | Los Angeles L vs. Detroit           | Pistons         @48.0%
[2026-03-22 02:33:04]     [DONE] T2: Coin flip        | Golden State vs. Dallas             | Mavericks       @52.0%
[2026-03-22 02:33:04]   Scanning CBB...
[2026-03-22 02:33:04]     Found 14 events
[2026-03-22 02:33:04]     [DONE] T2: Coin flip        | Texas Tech Red Raiders vs. Alabama  | Crimson Tide    @52.0%
[2026-03-22 02:33:04]     [DONE] T2: Coin flip        | Tennessee Volunteers vs. Virginia C | Cavaliers       @52.0%
[2026-03-22 02:33:04]     [SIGNAL] T2: Coin flip        | Wichita State Shockers vs. Oklahoma | Cowboys         @42.0%
[2026-03-22 02:33:04]   Scanning EPL...
[2026-03-22 02:33:04]     Found 3 events
[2026-03-22 02:33:04]     [DONE] T5: EPL Draw 25-35%  | Tottenham Hotspur vs. Nottingham Fo | Draw            @29.0%
[2026-03-22 02:33:05] 
[2026-03-22 02:33:05]   Total qualifying markets: 7
[2026-03-22 02:33:05]     T2: Coin flip: 5
[2026-03-22 02:33:05]     T4: NBA 50/50: 1
[2026-03-22 02:33:05]     T5: EPL Draw 25-35%: 1
[2026-03-22 02:33:05]   New (not yet bet): 1
[2026-03-22 02:33:05] 
[2026-03-22 02:33:05]   PLACING BETS:
[2026-03-22 02:33:05]   -----------------------------------------------------------------
[2026-03-22 02:33:05]     SKIP Cowboys — price moved out of tier range
[2026-03-22 02:33:05] 
  Updated Balance: $171.58 | Buying Power: $134.58
[2026-03-22 02:38:05] =================================================================
[2026-03-22 02:38:05]   POLYMARKET — HYBRID 5-TIER BOT
[2026-03-22 02:38:05]   Mode: LIVE | Sizing: 3% of bankroll
[2026-03-22 02:38:05]   Leagues: nba, cbb, epl
[2026-03-22 02:38:05]   Tiers: T1=B fav 75-90% | T2=CBB coin flip
[2026-03-22 02:38:05]          T3=CBB B dog 50-55% | T4=NBA 50/50
[2026-03-22 02:38:05]          T5=EPL Draw <35%
[2026-03-22 02:38:05] =================================================================
[2026-03-22 02:38:05] 
[2026-03-22 02:38:05] =================================================================
[2026-03-22 02:38:05]   SCANNING — HYBRID 5-TIER STRATEGY
[2026-03-22 02:38:05] =================================================================
[2026-03-22 02:38:05]   Balance: $171.58 | Buying Power: $134.58
[2026-03-22 02:38:05]   Bet size (3% of bankroll): $4.04
[2026-03-22 02:38:05] 
[2026-03-22 02:38:05]   Scanning NBA...
[2026-03-22 02:38:05]     Found 15 events
[2026-03-22 02:38:05]     [DONE] T2: Coin flip        | Toronto vs. Phoenix                 | Suns            @57.0%
[2026-03-22 02:38:05]     [DONE] T4: NBA 50/50        | Los Angeles L vs. Detroit           | Pistons         @48.0%
[2026-03-22 02:38:05]   Scanning CBB...
[2026-03-22 02:38:06]     Found 14 events
[2026-03-22 02:38:06]     [DONE] T2: Coin flip        | Texas Tech Red Raiders vs. Alabama  | Crimson Tide    @52.0%
[2026-03-22 02:38:06]     [DONE] T2: Coin flip        | Tennessee Volunteers vs. Virginia C | Cavaliers       @52.0%
[2026-03-22 02:38:06]     [SIGNAL] T2: Coin flip        | Wichita State Shockers vs. Oklahoma | Cowboys         @42.0%
[2026-03-22 02:38:06]   Scanning EPL...
[2026-03-22 02:38:06]     Found 3 events
[2026-03-22 02:38:06]     [SIGNAL] T5: EPL Draw 24-35%  | Newcastle United vs. Sunderland 202 | Draw            @24.0%
[2026-03-22 02:38:06]     [DONE] T5: EPL Draw 24-35%  | Tottenham Hotspur vs. Nottingham Fo | Draw            @29.0%
[2026-03-22 02:38:06]     [SIGNAL] T5: EPL Draw 24-35%  | Aston Villa vs. West Ham United 202 | Draw            @24.0%
[2026-03-22 02:38:06] 
[2026-03-22 02:38:06]   Total qualifying markets: 8
[2026-03-22 02:38:06]     T2: Coin flip: 4
[2026-03-22 02:38:06]     T4: NBA 50/50: 1
[2026-03-22 02:38:06]     T5: EPL Draw 24-35%: 3
[2026-03-22 02:38:06]   New (not yet bet): 3
[2026-03-22 02:38:06] 
[2026-03-22 02:38:06]   PLACING BETS:
[2026-03-22 02:38:06]   -----------------------------------------------------------------
[2026-03-22 02:38:06]     SKIP Cowboys — price moved out of tier range
[2026-03-22 02:38:06]     [T5: EPL Draw 24-35%] Betting $4.04 on Draw @ 25.0% | Newcastle United vs. Sunderland 202
[2026-03-22 02:38:06]     Previewing order: 16 shares @ $0.25 = $4.04 (YES)
[2026-03-22 02:38:06]     Preview OK: {"order": {"id": "", "marketSlug": "atc-epl-new-sun-2026-03-22-draw", "side": "ORDER_SIDE_BUY", "type": "ORDER_TYPE_LIMIT", "price": {"value": "0.25", "currency": "USD"}, "quantity": 16, "cumQuantity"
[2026-03-22 02:38:06]     Order result: {"id": "8YEWR08G0GH1", "executions": []}
[2026-03-22 02:38:06]     BET PLACED on Draw
[2026-03-22 02:38:07]     [T5: EPL Draw 24-35%] Betting $4.04 on Draw @ 25.0% | Aston Villa vs. West Ham United 202
[2026-03-22 02:38:07]     Previewing order: 16 shares @ $0.25 = $4.04 (YES)
[2026-03-22 02:38:07]     Preview OK: {"order": {"id": "", "marketSlug": "atc-epl-ast-whu-2026-03-22-draw", "side": "ORDER_SIDE_BUY", "type": "ORDER_TYPE_LIMIT", "price": {"value": "0.25", "currency": "USD"}, "quantity": 16, "cumQuantity"
[2026-03-22 02:38:07]     Order result: {"id": "8YEWDGZG2JG1", "executions": []}
[2026-03-22 02:38:07]     BET PLACED on Draw
[2026-03-22 02:38:08] 
  Updated Balance: $163.56 | Buying Power: $126.56
[2026-03-22 11:05:26] =================================================================
[2026-03-22 11:05:26]   POLYMARKET — HYBRID 5-TIER BOT
[2026-03-22 11:05:26]   Mode: DRY RUN | Sizing: 3% of bankroll
[2026-03-22 11:05:26]   Leagues: nba, cbb, epl
[2026-03-22 11:05:26]   Tiers: T1=B fav 75-90% | T2=CBB coin flip
[2026-03-22 11:05:26]          T3=CBB B dog 50-55% | T4=NBA 50/50
[2026-03-22 11:05:26]          T5=EPL Draw <35%
[2026-03-22 11:05:26] =================================================================
[2026-03-22 11:05:26] 
[2026-03-22 11:05:26] =================================================================
[2026-03-22 11:05:26]   SCANNING — HYBRID 5-TIER STRATEGY
[2026-03-22 11:05:26] =================================================================
[2026-03-22 11:05:27]   Balance: $163.56 | Buying Power: $126.56
[2026-03-22 11:05:27]   Bet size (3% of bankroll): $3.80
[2026-03-22 11:05:27] 
[2026-03-22 11:05:27]   Scanning NBA...
[2026-03-22 11:05:27]     Found 15 events
[2026-03-22 11:05:27]     [DONE] T2: Coin flip        | Los Angeles L vs. Detroit           | Pistons         @51.0%
[2026-03-22 11:05:27]     [DONE] T2: Coin flip        | Golden State vs. Dallas             | Mavericks       @53.0%
[2026-03-22 11:05:27]   Scanning CBB...
[2026-03-22 11:05:27]     Found 14 events
[2026-03-22 11:05:27]     [DONE] T2: Coin flip        | Texas Tech Red Raiders vs. Alabama  | Crimson Tide    @52.0%
[2026-03-22 11:05:27]     [DONE] T2: Coin flip        | Tennessee Volunteers vs. Virginia C | Cavaliers       @52.0%
[2026-03-22 11:05:27]     [SIGNAL] T2: Coin flip        | Wichita State Shockers vs. Oklahoma | Cowboys         @45.0%
[2026-03-22 11:05:27]   Scanning EPL...
[2026-03-22 11:05:27]     Found 2 events
[2026-03-22 11:05:28] 
[2026-03-22 11:05:28]   Total qualifying markets: 5
[2026-03-22 11:05:28]     T2: Coin flip: 5
[2026-03-22 11:05:28]   New (not yet bet): 1
[2026-03-22 11:05:28] 
[2026-03-22 11:05:28]   DRY RUN — use --live to actually place bets
[2026-03-22 11:05:28]   -----------------------------------------------------------------
[2026-03-22 11:05:28]     [T2: Coin flip] WOULD BET $3.80 on Cowboys         @45.0% | Wichita State Shockers vs. Oklahoma
[2026-03-22 11:07:13] =================================================================
[2026-03-22 11:07:13]   POLYMARKET — HYBRID 5-TIER BOT
[2026-03-22 11:07:13]   Mode: LIVE | Sizing: 3% of bankroll
[2026-03-22 11:07:13]   Leagues: nba, cbb, epl
[2026-03-22 11:07:13]   Tiers: T1=B fav 75-90% | T2=CBB coin flip
[2026-03-22 11:07:13]          T3=CBB B dog 50-55% | T4=NBA 50/50
[2026-03-22 11:07:13]          T5=EPL Draw <35%
[2026-03-22 11:07:13] =================================================================
[2026-03-22 11:07:13] 
[2026-03-22 11:07:13] =================================================================
[2026-03-22 11:07:13]   SCANNING — HYBRID 5-TIER STRATEGY
[2026-03-22 11:07:13] =================================================================
[2026-03-22 11:07:13]   Balance: $163.56 | Buying Power: $126.56
[2026-03-22 11:07:13]   Bet size (3% of bankroll): $3.80
[2026-03-22 11:07:13] 
[2026-03-22 11:07:13]   Scanning NBA...
[2026-03-22 11:07:13]     Found 15 events
[2026-03-22 11:07:13]     [DONE] T2: Coin flip        | Los Angeles L vs. Detroit           | Pistons         @51.0%
[2026-03-22 11:07:13]     [DONE] T2: Coin flip        | Golden State vs. Dallas             | Mavericks       @53.0%
[2026-03-22 11:07:13]   Scanning CBB...
[2026-03-22 11:07:13]     Found 14 events
[2026-03-22 11:07:13]     [DONE] T2: Coin flip        | Texas Tech Red Raiders vs. Alabama  | Crimson Tide    @52.0%
[2026-03-22 11:07:13]     [DONE] T2: Coin flip        | Tennessee Volunteers vs. Virginia C | Cavaliers       @52.0%
[2026-03-22 11:07:13]     [SIGNAL] T2: Coin flip        | Wichita State Shockers vs. Oklahoma | Cowboys         @45.0%
[2026-03-22 11:07:13]   Scanning EPL...
[2026-03-22 11:07:13]     Found 2 events
[2026-03-22 11:07:14] 
[2026-03-22 11:07:14]   Total qualifying markets: 5
[2026-03-22 11:07:14]     T2: Coin flip: 5
[2026-03-22 11:07:14]   New (not yet bet): 1
[2026-03-22 11:07:14] 
[2026-03-22 11:07:14]   PLACING BETS:
[2026-03-22 11:07:14]   -----------------------------------------------------------------
[2026-03-22 11:07:14]     [T2: Coin flip] Betting $3.80 on Cowboys @ 56.0% | Wichita State Shockers vs. Oklahoma
[2026-03-22 11:07:14]     Previewing order: 6 shares @ $0.56 = $3.80 (NO)
[2026-03-22 11:07:14]     Preview OK: {"order": {"id": "", "marketSlug": "aec-cbb-wichst-okst-2026-03-22", "side": "ORDER_SIDE_SELL", "type": "ORDER_TYPE_LIMIT", "price": {"value": "0.44", "currency": "USD"}, "quantity": 6, "cumQuantity":
[2026-03-22 11:07:14]     Order result: {"id": "8YG4Y0602G1H", "executions": []}
[2026-03-22 11:07:14]     BET PLACED on Cowboys
[2026-03-22 11:07:14] 
  Updated Balance: $166.19 | Buying Power: $123.19
[2026-03-23 01:18:02] =================================================================
[2026-03-23 01:18:02]   POLYMARKET — HYBRID 5-TIER BOT
[2026-03-23 01:18:02]   Mode: LIVE | Sizing: 3% of bankroll
[2026-03-23 01:18:02]   Leagues: nba, cbb, epl
[2026-03-23 01:18:02]   Tiers: T1=B fav 75-90% | T2=CBB coin flip
[2026-03-23 01:18:02]          T3=CBB B dog 50-55% | T4=NBA 50/50
[2026-03-23 01:18:02]          T5=EPL Draw <35%
[2026-03-23 01:18:02] =================================================================
[2026-03-23 01:18:02] 
[2026-03-23 01:18:02] =================================================================
[2026-03-23 01:18:02]   SCANNING — HYBRID 5-TIER STRATEGY
[2026-03-23 01:18:02] =================================================================
[2026-03-23 01:18:02]   Balance: $165.90 | Buying Power: $101.90
[2026-03-23 01:18:02]   Bet size (3% of bankroll): $3.06
[2026-03-23 01:18:02] 
[2026-03-23 01:18:02]   WARNING: Could not fetch positions: 404 Client Error: Not Found for url: https://api.polymarket.us/v1/positions?limit=200
[2026-03-23 01:18:02]   Scanning NBA...
[2026-03-23 01:18:02]     Found 15 events
[2026-03-23 01:18:02]     [DONE] T2: Coin flip        | Los Angeles L vs. Detroit           | Pistons         @56.0%
[2026-03-23 01:18:02]     [DONE] T2: Coin flip        | Golden State vs. Dallas             | Mavericks       @57.0%
[2026-03-23 01:18:02]     [SIGNAL] T1: B fav 75-90%     | New Orleans vs. New York            | Knicks          @89.0%
[2026-03-23 01:18:02]   Scanning CBB...
[2026-03-23 01:18:02]     Found 7 events
[2026-03-23 01:18:02]     [DONE] T2: Coin flip        | Texas Tech Red Raiders vs. Alabama  | Crimson Tide    @52.0%
[2026-03-23 01:18:02]   Scanning EPL...
[2026-03-23 01:18:03]     Found 0 events
[2026-03-23 01:18:03] 
[2026-03-23 01:18:03]   Total qualifying markets: 4
[2026-03-23 01:18:03]     T1: B fav 75-90%: 1
[2026-03-23 01:18:03]     T2: Coin flip: 3
[2026-03-23 01:18:03]   New (not yet bet): 1
[2026-03-23 01:18:03] 
[2026-03-23 01:18:03]   PLACING BETS:
[2026-03-23 01:18:03]   -----------------------------------------------------------------
[2026-03-23 01:18:03]     SKIP Knicks — price moved out of tier range
[2026-03-23 01:18:03] 
  Updated Balance: $165.90 | Buying Power: $101.90
[2026-03-23 01:52:04] =================================================================
[2026-03-23 01:52:04]   POLYMARKET — HYBRID 5-TIER BOT
[2026-03-23 01:52:04]   Mode: LIVE | Sizing: 3% of bankroll
[2026-03-23 01:52:04]   Leagues: nba, cbb, epl
[2026-03-23 01:52:04]   Tiers: T1=B fav 75-90% | T2=CBB coin flip
[2026-03-23 01:52:04]          T3=CBB B dog 50-55% | T4=NBA 50/50
[2026-03-23 01:52:04]          T5=EPL Draw <35%
[2026-03-23 01:52:04] =================================================================
[2026-03-23 01:52:04] 
[2026-03-23 01:52:04] =================================================================
[2026-03-23 01:52:04]   SCANNING — HYBRID 5-TIER STRATEGY
[2026-03-23 01:52:04] =================================================================
[2026-03-23 01:52:05]   Balance: $172.90 | Buying Power: $108.90
[2026-03-23 01:52:05]   Bet size (3% of bankroll): $3.27
[2026-03-23 01:52:05] 
[2026-03-23 01:52:05]   WARNING: Could not fetch positions: 404 Client Error: Not Found for url: https://api.polymarket.us/v1/positions?limit=200
[2026-03-23 01:52:05]   Scanning NBA...
[2026-03-23 01:52:05]     Found 14 events
[2026-03-23 01:52:05]     [DONE] T2: Coin flip        | Los Angeles L vs. Detroit           | Pistons         @56.0%
[2026-03-23 01:52:05]     [DONE] T2: Coin flip        | Golden State vs. Dallas             | Mavericks       @57.0%
[2026-03-23 01:52:05]     [SIGNAL] T1: B fav 75-90%     | New Orleans vs. New York            | Knicks          @89.0%
[2026-03-23 01:52:05]   Scanning CBB...
[2026-03-23 01:52:05]     Found 6 events
[2026-03-23 01:52:05]     [DONE] T2: Coin flip        | Texas Tech Red Raiders vs. Alabama  | Crimson Tide    @49.0%
[2026-03-23 01:52:05]   Scanning EPL...
[2026-03-23 01:52:05]     Found 0 events
[2026-03-23 01:52:05] 
[2026-03-23 01:52:05]   Total qualifying markets: 4
[2026-03-23 01:52:05]     T1: B fav 75-90%: 1
[2026-03-23 01:52:05]     T2: Coin flip: 3
[2026-03-23 01:52:05]   New (not yet bet): 1
[2026-03-23 01:52:05] 
[2026-03-23 01:52:05]   PLACING BETS:
[2026-03-23 01:52:05]   -----------------------------------------------------------------
[2026-03-23 01:52:06]     SKIP Knicks — price moved out of tier range
[2026-03-23 01:52:06] 
  Updated Balance: $172.90 | Buying Power: $108.90
[2026-03-23 02:28:13] =================================================================
[2026-03-23 02:28:13]   POLYMARKET — HYBRID 5-TIER BOT
[2026-03-23 02:28:13]   Mode: LIVE | Sizing: 3% of bankroll
[2026-03-23 02:28:13]   Leagues: nba, cbb, epl
[2026-03-23 02:28:13]   Tiers: T1=B fav 75-90% | T2=CBB coin flip
[2026-03-23 02:28:13]          T3=CBB B dog 50-55% | T4=NBA 50/50
[2026-03-23 02:28:13]          T5=EPL Draw <35%
[2026-03-23 02:28:13] =================================================================
[2026-03-23 02:28:13] 
[2026-03-23 02:28:13] =================================================================
[2026-03-23 02:28:13]   SCANNING — HYBRID 5-TIER STRATEGY
[2026-03-23 02:28:13] =================================================================
[2026-03-23 02:28:13]   Balance: $196.93 | Buying Power: $108.93
[2026-03-23 02:28:13]   Bet size (3% of bankroll): $3.27
[2026-03-23 02:28:13] 
[2026-03-23 02:28:14]   WARNING: Could not fetch positions: 404 Client Error: Not Found for url: https://api.polymarket.us/v1/positions?limit=200
[2026-03-23 02:28:14]   Scanning NBA...
[2026-03-23 02:28:14]     Found 13 events
[2026-03-23 02:28:14]     [DONE] T2: Coin flip        | Los Angeles L vs. Detroit           | Pistons         @56.0%
[2026-03-23 02:28:14]     [DONE] T2: Coin flip        | Golden State vs. Dallas             | Mavericks       @56.0%
[2026-03-23 02:28:14]   Scanning CBB...
[2026-03-23 02:28:14]     Found 5 events
[2026-03-23 02:28:14]   Scanning EPL...
[2026-03-23 02:28:14]     Found 0 events
[2026-03-23 02:28:14] 
[2026-03-23 02:28:14]   Total qualifying markets: 2
[2026-03-23 02:28:14]     T2: Coin flip: 2
[2026-03-23 02:28:14]   New (not yet bet): 0
[2026-03-23 02:28:14] 
[2026-03-23 02:28:14]   No new qualifying markets found.
[2026-03-23 03:00:50] =================================================================
[2026-03-23 03:00:50]   POLYMARKET — HYBRID 5-TIER BOT
[2026-03-23 03:00:50]   Mode: LIVE | Sizing: 3% of bankroll
[2026-03-23 03:00:50]   Leagues: nba, cbb, epl, nhl, mlb
[2026-03-23 03:00:50]   Sizing: 3% (NBA/CBB/EPL) | 2% (NHL/MLB)
[2026-03-23 03:00:50]   Tiers: T1=B fav 75-90% | T2=Coin flip
[2026-03-23 03:00:50]          T3=CBB B dog 50-55% | T4=NBA 50/50
[2026-03-23 03:00:50]          T5=EPL Draw <35%
[2026-03-23 03:00:50] =================================================================
[2026-03-23 03:00:50] 
[2026-03-23 03:00:50] =================================================================
[2026-03-23 03:00:50]   SCANNING — HYBRID 5-TIER STRATEGY
[2026-03-23 03:00:50] =================================================================
[2026-03-23 03:00:50]   Balance: $160.70 | Buying Power: $108.70
[2026-03-23 03:00:50]   Bet size: $3.26 (3% proven) / $2.17 (2% new leagues)
[2026-03-23 03:00:50] 
[2026-03-23 03:00:50]   WARNING: Could not fetch positions: 404 Client Error: Not Found for url: https://api.polymarket.us/v1/positions?limit=200
[2026-03-23 03:00:50]   Scanning NBA...
[2026-03-23 03:00:50]     Found 13 events
[2026-03-23 03:00:50]     [DONE] T2: Coin flip        | Los Angeles L vs. Detroit           | Pistons         @56.0%
[2026-03-23 03:00:50]     [DONE] T2: Coin flip        | Golden State vs. Dallas             | Mavericks       @56.0%
[2026-03-23 03:00:51]   Scanning CBB...
[2026-03-23 03:00:51]     Found 3 events
[2026-03-23 03:00:51]   Scanning EPL...
[2026-03-23 03:00:51]     Found 0 events
[2026-03-23 03:00:51]   Scanning NHL...
[2026-03-23 03:00:51]     Found 20 events
[2026-03-23 03:00:51]     [SIGNAL] T2: Coin flip        | SEA Kraken vs. FLA Panthers         | Kraken          @43.0%
[2026-03-23 03:00:51]     [SIGNAL] T2: Coin flip        | CBJ Blue Jackets vs. PHI Flyers     | Flyers          @55.0%
[2026-03-23 03:00:51]     [SIGNAL] T2: Coin flip        | CAR Hurricanes vs. MON Canadiens    | Hurricanes      @55.0%
[2026-03-23 03:00:51]     [SIGNAL] T2: Coin flip        | OTT Senators vs. DET Red Wings      | Red Wings       @50.0%
[2026-03-23 03:00:51]     [SIGNAL] T2: Coin flip        | MIN Wild vs. TB Lightning           | Lightning       @42.0%
[2026-03-23 03:00:51]     [SIGNAL] T2: Coin flip        | VEG Golden Knights vs. WPG Jets     | Jets            @53.0%
[2026-03-23 03:00:51]     [SIGNAL] T2: Coin flip        | SJ Sharks vs. NAS Predators         | Predators       @46.0%
[2026-03-23 03:00:51]     [SIGNAL] T2: Coin flip        | WAS Capitals vs. STL Blues          | Capitals        @53.0%
[2026-03-23 03:00:51]     [SIGNAL] T2: Coin flip        | LA Kings vs. CGY Flames             | Flames          @58.0%
[2026-03-23 03:00:51]     [SIGNAL] T2: Coin flip        | EDM Oilers vs. UTA Mammoth          | Mammoth         @48.0%
[2026-03-23 03:00:51]   Scanning MLB...
[2026-03-23 03:00:51]     Found 50 events
[2026-03-23 03:00:51]     [SIGNAL] T2: Coin flip        | Kansas City Royals vs. Texas Ranger | Texas Rangers   @48.0%
[2026-03-23 03:00:51]     [SIGNAL] T2: Coin flip        | Chicago White Sox vs. Athletics     | Athletics       @47.0%
[2026-03-23 03:00:51]     [SIGNAL] T2: Coin flip        | Seattle Mariners vs. San Diego Padr | San Diego Padres @59.0%
[2026-03-23 03:00:51]     [SIGNAL] T2: Coin flip        | Cleveland Guardians vs. Arizona Dia | Arizona Diamondbacks @46.0%
[2026-03-23 03:00:51]     [SIGNAL] T2: Coin flip        | Atlanta Braves vs. Pittsburgh Pirat | Pittsburgh Pirates @59.0%
[2026-03-23 03:00:51]     [SIGNAL] T2: Coin flip        | Los Angeles Angels vs. Los Angeles  | Los Angeles Dodgers @40.0%
[2026-03-23 03:00:51]     [SIGNAL] T2: Coin flip        | Tampa Bay Rays vs. Philadelphia Phi | Tampa Bay Rays  @43.0%
[2026-03-23 03:00:51]     [SIGNAL] T2: Coin flip        | New York Yankees vs. Chicago Cubs   | Chicago Cubs    @48.0%
[2026-03-23 03:00:51]     [SIGNAL] T2: Coin flip        | Cincinnati Reds vs. Milwaukee Brewe | Milwaukee Brewers @48.0%
[2026-03-23 03:00:51]     [SIGNAL] T2: Coin flip        | Minnesota Twins vs. Boston Red Sox  | Boston Red Sox  @47.0%
[2026-03-23 03:00:51] 
[2026-03-23 03:00:51]   Total qualifying markets: 22
[2026-03-23 03:00:51]     T2: Coin flip: 22
[2026-03-23 03:00:51]   New (not yet bet): 20
[2026-03-23 03:00:51] 
[2026-03-23 03:00:51]   PLACING BETS:
[2026-03-23 03:00:51]   -----------------------------------------------------------------
[2026-03-23 03:00:51]     [T2: Coin flip] Betting $2.17 (2%) on Kraken @ 43.0% | NHL SEA Kraken vs. FLA Panthers
[2026-03-23 03:00:51]     Previewing order: 5 shares @ $0.43 = $2.17 (NO)
[2026-03-23 03:00:51]     Preview OK: {"order": {"id": "", "marketSlug": "aec-nhl-sea-fla-2026-03-24", "side": "ORDER_SIDE_SELL", "type": "ORDER_TYPE_LIMIT", "price": {"value": "0.57", "currency": "USD"}, "quantity": 5, "cumQuantity": 0, 
[2026-03-23 03:00:51]     Order result: {"id": "8Z1KPG6G2HC1", "executions": []}
[2026-03-23 03:00:51]     BET PLACED on Kraken
[2026-03-23 03:00:52]     [T2: Coin flip] Betting $2.17 (2%) on Flyers @ 47.0% | NHL CBJ Blue Jackets vs. PHI Flyer
[2026-03-23 03:00:52]     Previewing order: 4 shares @ $0.47 = $2.17 (NO)
[2026-03-23 03:00:52]     Preview OK: {"order": {"id": "", "marketSlug": "aec-nhl-cbj-phi-2026-03-24", "side": "ORDER_SIDE_SELL", "type": "ORDER_TYPE_LIMIT", "price": {"value": "0.53", "currency": "USD"}, "quantity": 4, "cumQuantity": 0, 
[2026-03-23 03:00:52]     Order result: {"id": "8Z1KPHHG2HC1", "executions": []}
[2026-03-23 03:00:52]     BET PLACED on Flyers
[2026-03-23 03:00:52]     [T2: Coin flip] Betting $2.17 (2%) on Hurricanes @ 55.0% | NHL CAR Hurricanes vs. MON Canadie
[2026-03-23 03:00:52]     Previewing order: 3 shares @ $0.55 = $2.17 (NO)
[2026-03-23 03:00:53]     Preview OK: {"order": {"id": "", "marketSlug": "aec-nhl-car-mon-2026-03-24", "side": "ORDER_SIDE_SELL", "type": "ORDER_TYPE_LIMIT", "price": {"value": "0.45", "currency": "USD"}, "quantity": 3, "cumQuantity": 0, 
[2026-03-23 03:00:53]     Order result: {"id": "8Z1KSG606G1H", "executions": []}
[2026-03-23 03:00:53]     BET PLACED on Hurricanes
[2026-03-23 03:00:53]     [T2: Coin flip] Betting $2.17 (2%) on Red Wings @ 51.0% | NHL OTT Senators vs. DET Red Wings
[2026-03-23 03:00:53]     Previewing order: 4 shares @ $0.51 = $2.17 (NO)
[2026-03-23 03:00:53]     Preview OK: {"order": {"id": "", "marketSlug": "aec-nhl-ott-det-2026-03-24", "side": "ORDER_SIDE_SELL", "type": "ORDER_TYPE_LIMIT", "price": {"value": "0.49", "currency": "USD"}, "quantity": 4, "cumQuantity": 0, 
[2026-03-23 03:00:53]     Order result: {"id": "8Z1KPET06GMH", "executions": []}
[2026-03-23 03:00:53]     BET PLACED on Red Wings
[2026-03-23 03:00:54]     SKIP Lightning — price moved out of tier range
[2026-03-23 03:00:54]     [T2: Coin flip] Betting $2.17 (2%) on Jets @ 49.0% | NHL VEG Golden Knights vs. WPG Jet
[2026-03-23 03:00:54]     Previewing order: 4 shares @ $0.49 = $2.17 (NO)
[2026-03-23 03:00:54]     Preview OK: {"order": {"id": "", "marketSlug": "aec-nhl-veg-wpg-2026-03-24", "side": "ORDER_SIDE_SELL", "type": "ORDER_TYPE_LIMIT", "price": {"value": "0.51", "currency": "USD"}, "quantity": 4, "cumQuantity": 0, 
[2026-03-23 03:00:54]     Order result: {"id": "8Z1KPGBG2GMH", "executions": []}
[2026-03-23 03:00:54]     BET PLACED on Jets
[2026-03-23 03:00:54]     [T2: Coin flip] Betting $2.17 (2%) on Predators @ 56.0% | NHL SJ Sharks vs. NAS Predators
[2026-03-23 03:00:54]     Previewing order: 3 shares @ $0.56 = $2.17 (NO)
[2026-03-23 03:00:54]     Preview OK: {"order": {"id": "", "marketSlug": "aec-nhl-sj-nas-2026-03-24", "side": "ORDER_SIDE_SELL", "type": "ORDER_TYPE_LIMIT", "price": {"value": "0.44", "currency": "USD"}, "quantity": 3, "cumQuantity": 0, "
[2026-03-23 03:00:55]     Order result: {"id": "8Z1KYH6G6H7H", "executions": []}
[2026-03-23 03:00:55]     BET PLACED on Predators
[2026-03-23 03:00:55]     [T2: Coin flip] Betting $2.17 (2%) on Capitals @ 53.0% | NHL WAS Capitals vs. STL Blues
[2026-03-23 03:00:55]     Previewing order: 4 shares @ $0.53 = $2.17 (NO)
[2026-03-23 03:00:55]     Preview OK: {"order": {"id": "", "marketSlug": "aec-nhl-was-stl-2026-03-24", "side": "ORDER_SIDE_SELL", "type": "ORDER_TYPE_LIMIT", "price": {"value": "0.47", "currency": "USD"}, "quantity": 4, "cumQuantity": 0, 
[2026-03-23 03:00:55]     Order result: {"id": "8Z1KN0D00GQ0", "executions": []}
[2026-03-23 03:00:55]     BET PLACED on Capitals
[2026-03-23 03:00:56]     [T2: Coin flip] Betting $2.17 (2%) on Flames @ 47.0% | NHL LA Kings vs. CGY Flames
[2026-03-23 03:00:56]     Previewing order: 4 shares @ $0.47 = $2.17 (NO)
[2026-03-23 03:00:56]     Preview OK: {"order": {"id": "", "marketSlug": "aec-nhl-la-cgy-2026-03-24", "side": "ORDER_SIDE_SELL", "type": "ORDER_TYPE_LIMIT", "price": {"value": "0.53", "currency": "USD"}, "quantity": 4, "cumQuantity": 0, "
[2026-03-23 03:00:56]     Order result: {"id": "8Z1KVBX00JS1", "executions": []}
[2026-03-23 03:00:56]     BET PLACED on Flames
[2026-03-23 03:00:56]     [T2: Coin flip] Betting $2.17 (2%) on Mammoth @ 54.0% | NHL EDM Oilers vs. UTA Mammoth
[2026-03-23 03:00:56]     Previewing order: 4 shares @ $0.54 = $2.17 (NO)
[2026-03-23 03:00:56]     Preview OK: {"order": {"id": "", "marketSlug": "aec-nhl-edm-uta-2026-03-24", "side": "ORDER_SIDE_SELL", "type": "ORDER_TYPE_LIMIT", "price": {"value": "0.46", "currency": "USD"}, "quantity": 4, "cumQuantity": 0, 
[2026-03-23 03:00:56]     Order result: {"id": "8Z1KW2HG2JG1", "executions": []}
[2026-03-23 03:00:56]     BET PLACED on Mammoth
[2026-03-23 03:00:57]     [T2: Coin flip] Betting $2.17 (2%) on Texas Rangers @ 54.0% | MLB Kansas City Royals vs. Texas R
[2026-03-23 03:00:57]     Previewing order: 4 shares @ $0.54 = $2.17 (NO)
[2026-03-23 03:00:57]     Preview OK: {"order": {"id": "", "marketSlug": "aec-mlb-kc-tex-2026-03-23", "side": "ORDER_SIDE_SELL", "type": "ORDER_TYPE_LIMIT", "price": {"value": "0.46", "currency": "USD"}, "quantity": 4, "cumQuantity": 0, "
[2026-03-23 03:00:57]     Order result: {"id": "8Z1KYKP00H7H", "executions": []}
[2026-03-23 03:00:57]     BET PLACED on Texas Rangers
[2026-03-23 03:00:57]     [T2: Coin flip] Betting $2.17 (2%) on Athletics @ 57.0% | MLB Chicago White Sox vs. Athletic
[2026-03-23 03:00:57]     Previewing order: 3 shares @ $0.57 = $2.17 (NO)
[2026-03-23 03:00:57]     Preview OK: {"order": {"id": "", "marketSlug": "aec-mlb-cws-ath-2026-03-23", "side": "ORDER_SIDE_SELL", "type": "ORDER_TYPE_LIMIT", "price": {"value": "0.43", "currency": "USD"}, "quantity": 3, "cumQuantity": 0, 
[2026-03-23 03:00:57]     Order result: {"id": "8Z1KTQ700HCH", "executions": []}
[2026-03-23 03:00:57]     BET PLACED on Athletics
[2026-03-23 03:00:58]     [T2: Coin flip] Betting $2.17 (2%) on San Diego Padres @ 59.0% | MLB Seattle Mariners vs. San Diego
[2026-03-23 03:00:58]     Previewing order: 3 shares @ $0.59 = $2.17 (NO)
[2026-03-23 03:00:58]     Preview OK: {"order": {"id": "", "marketSlug": "aec-mlb-sea-sd-2026-03-23", "side": "ORDER_SIDE_SELL", "type": "ORDER_TYPE_LIMIT", "price": {"value": "0.41", "currency": "USD"}, "quantity": 3, "cumQuantity": 0, "
[2026-03-23 03:00:58]     Order result: {"id": "8Z1KN0NG0GQ0", "executions": []}
[2026-03-23 03:00:58]     BET PLACED on San Diego Padres
[2026-03-23 03:00:59]     [T2: Coin flip] Betting $2.17 (2%) on Arizona Diamondbacks @ 55.0% | MLB Cleveland Guardians vs. Arizon
[2026-03-23 03:00:59]     Previewing order: 3 shares @ $0.55 = $2.17 (NO)
[2026-03-23 03:00:59]     Preview OK: {"order": {"id": "", "marketSlug": "aec-mlb-cle-az-2026-03-23", "side": "ORDER_SIDE_SELL", "type": "ORDER_TYPE_LIMIT", "price": {"value": "0.45", "currency": "USD"}, "quantity": 3, "cumQuantity": 0, "
[2026-03-23 03:00:59]     Order result: {"id": "8Z1KS8B00J5H", "executions": []}
[2026-03-23 03:00:59]     BET PLACED on Arizona Diamondbacks
[2026-03-23 03:00:59]     [T2: Coin flip] Betting $2.17 (2%) on Pittsburgh Pirates @ 44.0% | MLB Atlanta Braves vs. Pittsburgh 
[2026-03-23 03:00:59]     Previewing order: 4 shares @ $0.44 = $2.17 (NO)
[2026-03-23 03:00:59]     Preview OK: {"order": {"id": "", "marketSlug": "aec-mlb-atl-pit-2026-03-23", "side": "ORDER_SIDE_SELL", "type": "ORDER_TYPE_LIMIT", "price": {"value": "0.56", "currency": "USD"}, "quantity": 4, "cumQuantity": 0, 
[2026-03-23 03:00:59]     Order result: {"id": "8Z1KHTK08G0G", "executions": []}
[2026-03-23 03:00:59]     BET PLACED on Pittsburgh Pirates
[2026-03-23 03:01:00]     SKIP Los Angeles Dodgers — price moved out of tier range
[2026-03-23 03:01:00]     [T2: Coin flip] Betting $2.17 (2%) on Tampa Bay Rays @ 59.0% | MLB Tampa Bay Rays vs. Philadelphi
[2026-03-23 03:01:00]     Previewing order: 3 shares @ $0.59 = $2.17 (NO)
[2026-03-23 03:01:00]     Preview OK: {"order": {"id": "", "marketSlug": "aec-mlb-tb-phi-2026-03-23", "side": "ORDER_SIDE_SELL", "type": "ORDER_TYPE_LIMIT", "price": {"value": "0.41", "currency": "USD"}, "quantity": 3, "cumQuantity": 0, "
[2026-03-23 03:01:00]     Order result: {"id": "8Z1KYQCG2H7H", "executions": []}
[2026-03-23 03:01:00]     BET PLACED on Tampa Bay Rays
[2026-03-23 03:01:00]     [T2: Coin flip] Betting $2.17 (2%) on Chicago Cubs @ 48.0% | MLB New York Yankees vs. Chicago C
[2026-03-23 03:01:00]     Previewing order: 4 shares @ $0.48 = $2.17 (NO)
[2026-03-23 03:01:00]     Preview OK: {"order": {"id": "", "marketSlug": "aec-mlb-nyy-chc-2026-03-23", "side": "ORDER_SIDE_SELL", "type": "ORDER_TYPE_LIMIT", "price": {"value": "0.52", "currency": "USD"}, "quantity": 4, "cumQuantity": 0, 
[2026-03-23 03:01:00]     Order result: {"id": "8Z1KSDJG0J5H", "executions": []}
[2026-03-23 03:01:00]     BET PLACED on Chicago Cubs
[2026-03-23 03:01:01]     [T2: Coin flip] Betting $2.17 (2%) on Milwaukee Brewers @ 54.0% | MLB Cincinnati Reds vs. Milwaukee 
[2026-03-23 03:01:01]     Previewing order: 4 shares @ $0.54 = $2.17 (NO)
[2026-03-23 03:01:01]     Preview OK: {"order": {"id": "", "marketSlug": "aec-mlb-cin-mil-2026-03-23", "side": "ORDER_SIDE_SELL", "type": "ORDER_TYPE_LIMIT", "price": {"value": "0.46", "currency": "USD"}, "quantity": 4, "cumQuantity": 0, 
[2026-03-23 03:01:01]     Order result: {"id": "8Z1KPV1G2GMH", "executions": []}
[2026-03-23 03:01:01]     BET PLACED on Milwaukee Brewers
[2026-03-23 03:01:02]     [T2: Coin flip] Betting $2.17 (2%) on Boston Red Sox @ 47.0% | MLB Minnesota Twins vs. Boston Red
[2026-03-23 03:01:02]     Previewing order: 4 shares @ $0.47 = $2.17 (NO)
[2026-03-23 03:01:02]     Preview OK: {"order": {"id": "", "marketSlug": "aec-mlb-min-bos-2026-03-23", "side": "ORDER_SIDE_SELL", "type": "ORDER_TYPE_LIMIT", "price": {"value": "0.53", "currency": "USD"}, "quantity": 4, "cumQuantity": 0, 
[2026-03-23 03:01:02]     Order result: {"id": "8Z1KT0100G1H", "executions": []}
[2026-03-23 03:01:02]     BET PLACED on Boston Red Sox
[2026-03-23 03:01:02] 
  Updated Balance: $187.18 | Buying Power: $81.18
[2026-03-23 03:12:29] =================================================================
[2026-03-23 03:12:29]   POLYMARKET — HYBRID 5-TIER BOT
[2026-03-23 03:12:29]   Mode: LIVE | Sizing: 3% of bankroll
[2026-03-23 03:12:29]   Leagues: nba, cbb, epl, nhl, mlb, atp, wta
[2026-03-23 03:12:29]   Sizing: 3% (NBA/CBB/EPL) | 2% (NHL/MLB)
[2026-03-23 03:12:29]   Tiers: T1=B fav 75-90% | T2=Coin flip
[2026-03-23 03:12:29]          T3=CBB B dog 50-55% | T4=NBA 50/50
[2026-03-23 03:12:29]          T5=EPL Draw <35%
[2026-03-23 03:12:29] =================================================================
[2026-03-23 03:12:29] 
[2026-03-23 03:12:29] =================================================================
[2026-03-23 03:12:29]   SCANNING — HYBRID 5-TIER STRATEGY
[2026-03-23 03:12:29] =================================================================
[2026-03-23 03:12:29]   Balance: $202.70 | Buying Power: $96.70
[2026-03-23 03:12:29]   Bet size: $2.90 (3% proven) / $1.93 (2% new leagues)
[2026-03-23 03:12:29] 
[2026-03-23 03:12:29]   WARNING: Could not fetch positions: 404 Client Error: Not Found for url: https://api.polymarket.us/v1/positions?limit=200
[2026-03-23 03:12:29]   Scanning NBA...
[2026-03-23 03:12:30]     Found 13 events
[2026-03-23 03:12:30]     [DONE] T2: Coin flip        | Los Angeles L vs. Detroit           | Pistons         @56.0%
[2026-03-23 03:12:30]     [DONE] T2: Coin flip        | Golden State vs. Dallas             | Mavericks       @56.0%
[2026-03-23 03:12:30]   Scanning CBB...
[2026-03-23 03:12:30]     Found 2 events
[2026-03-23 03:12:30]   Scanning EPL...
[2026-03-23 03:12:30]     Found 0 events
[2026-03-23 03:12:30]   Scanning NHL...
[2026-03-23 03:12:30]     Found 20 events
[2026-03-23 03:12:30]     [DONE] T2: Coin flip        | SEA Kraken vs. FLA Panthers         | Kraken          @43.0%
[2026-03-23 03:12:30]     [DONE] T2: Coin flip        | CBJ Blue Jackets vs. PHI Flyers     | Flyers          @55.0%
[2026-03-23 03:12:30]     [DONE] T2: Coin flip        | CAR Hurricanes vs. MON Canadiens    | Hurricanes      @55.0%
[2026-03-23 03:12:30]     [DONE] T2: Coin flip        | OTT Senators vs. DET Red Wings      | Red Wings       @50.0%
[2026-03-23 03:12:30]     [SIGNAL] T2: Coin flip        | MIN Wild vs. TB Lightning           | Lightning       @42.0%
[2026-03-23 03:12:30]     [DONE] T2: Coin flip        | VEG Golden Knights vs. WPG Jets     | Jets            @53.0%
[2026-03-23 03:12:30]     [DONE] T2: Coin flip        | SJ Sharks vs. NAS Predators         | Predators       @46.0%
[2026-03-23 03:12:30]     [DONE] T2: Coin flip        | WAS Capitals vs. STL Blues          | Capitals        @53.0%
[2026-03-23 03:12:30]     [DONE] T2: Coin flip        | EDM Oilers vs. UTA Mammoth          | Mammoth         @48.0%
[2026-03-23 03:12:30]   Scanning MLB...
[2026-03-23 03:12:30]     Found 50 events
[2026-03-23 03:12:30]     [DONE] T2: Coin flip        | Kansas City Royals vs. Texas Ranger | Texas Rangers   @48.0%
[2026-03-23 03:12:30]     [DONE] T2: Coin flip        | Chicago White Sox vs. Athletics     | Athletics       @47.0%
[2026-03-23 03:12:30]     [DONE] T2: Coin flip        | Seattle Mariners vs. San Diego Padr | San Diego Padres @57.0%
[2026-03-23 03:12:30]     [DONE] T2: Coin flip        | Cleveland Guardians vs. Arizona Dia | Arizona Diamondbacks @46.0%
[2026-03-23 03:12:30]     [DONE] T2: Coin flip        | Atlanta Braves vs. Pittsburgh Pirat | Pittsburgh Pirates @58.0%
[2026-03-23 03:12:30]     [SIGNAL] T2: Coin flip        | Los Angeles Angels vs. Los Angeles  | Los Angeles Dodgers @40.0%
[2026-03-23 03:12:30]     [DONE] T2: Coin flip        | Tampa Bay Rays vs. Philadelphia Phi | Tampa Bay Rays  @43.0%
[2026-03-23 03:12:30]     [DONE] T2: Coin flip        | New York Yankees vs. Chicago Cubs   | Chicago Cubs    @48.0%
[2026-03-23 03:12:30]     [DONE] T2: Coin flip        | Cincinnati Reds vs. Milwaukee Brewe | Milwaukee Brewers @48.0%
[2026-03-23 03:12:30]     [DONE] T2: Coin flip        | Minnesota Twins vs. Boston Red Sox  | Boston Red Sox  @47.0%
[2026-03-23 03:12:30]   Scanning ATP...
[2026-03-23 03:12:31]     Found 8 events
[2026-03-23 03:12:31]     [SIGNAL] T2: Coin flip        | Quentin Halys vs. Kamil Majchrzak   | Kamil Majchrzak @45.0%
[2026-03-23 03:12:31]     [SIGNAL] T2: Coin flip        | Alejandro Tabilo vs. Alex Michelsen | Alex Michelsen  @40.0%
[2026-03-23 03:12:31]   Scanning WTA...
[2026-03-23 03:12:31]     Found 5 events
[2026-03-23 03:12:31]     [SIGNAL] T2: Coin flip        | Mirra Andreeva vs. Victoria Mboko   | Victoria Mboko  @53.0%
[2026-03-23 03:12:31] 
[2026-03-23 03:12:31]   Total qualifying markets: 24
[2026-03-23 03:12:31]     T2: Coin flip: 24
[2026-03-23 03:12:31]   New (not yet bet): 5
[2026-03-23 03:12:31] 
[2026-03-23 03:12:31]   PLACING BETS:
[2026-03-23 03:12:31]   -----------------------------------------------------------------
[2026-03-23 03:12:31]     SKIP Lightning — price moved out of tier range
[2026-03-23 03:12:31]     SKIP Los Angeles Dodgers — price moved out of tier range
[2026-03-23 03:12:31]     [T2: Coin flip] Betting $1.93 (2%) on Kamil Majchrzak @ 57.0% | ATP Quentin Halys vs. Kamil Majchr
[2026-03-23 03:12:31]     Previewing order: 3 shares @ $0.57 = $1.93 (NO)
[2026-03-23 03:12:31]     Preview OK: {"order": {"id": "", "marketSlug": "aec-atp-quehal-kammaj-2026-03-22", "side": "ORDER_SIDE_SELL", "type": "ORDER_TYPE_LIMIT", "price": {"value": "0.43", "currency": "USD"}, "quantity": 3, "cumQuantity
[2026-03-23 03:12:31]     Order result: {"id": "8Z1PN8X02JS1", "executions": []}
[2026-03-23 03:12:31]     BET PLACED on Kamil Majchrzak
[2026-03-23 03:12:32]     SKIP Alex Michelsen — price moved out of tier range
[2026-03-23 03:12:32]     [T2: Coin flip] Betting $1.93 (2%) on Victoria Mboko @ 48.0% | WTA Mirra Andreeva vs. Victoria Mb
[2026-03-23 03:12:32]     Previewing order: 4 shares @ $0.48 = $1.93 (NO)
[2026-03-23 03:12:32]     Preview OK: {"order": {"id": "", "marketSlug": "aec-wta-mirand-vicmbo-2026-03-23", "side": "ORDER_SIDE_SELL", "type": "ORDER_TYPE_LIMIT", "price": {"value": "0.52", "currency": "USD"}, "quantity": 4, "cumQuantity
[2026-03-23 03:12:32]     Order result: {"id": "8Z1PNBVG2JS1", "executions": []}
[2026-03-23 03:12:32]     BET PLACED on Victoria Mboko
[2026-03-23 03:12:33] 
  Updated Balance: $206.05 | Buying Power: $93.05
[2026-03-23 04:41:15] =================================================================
[2026-03-23 04:41:15]   POLYMARKET — HYBRID 5-TIER BOT
[2026-03-23 04:41:15]   Mode: LIVE | Sizing: 3% of bankroll
[2026-03-23 04:41:15]   Leagues: nba, cbb, epl, nhl, mlb, atp, wta
[2026-03-23 04:41:15]   Sizing: 3% (NBA/CBB/EPL) | 2% (NHL/MLB)
[2026-03-23 04:41:15]   Tiers: T1=B fav 75-90% | T2=Coin flip
[2026-03-23 04:41:15]          T3=CBB B dog 50-55% | T4=NBA 50/50
[2026-03-23 04:41:15]          T5=EPL Draw <35%
[2026-03-23 04:41:15] =================================================================
[2026-03-23 04:41:15] 
[2026-03-23 04:41:15] =================================================================
[2026-03-23 04:41:15]   SCANNING — HYBRID 5-TIER STRATEGY
[2026-03-23 04:41:15] =================================================================
[2026-03-23 04:41:15]   Balance: $214.96 | Buying Power: $114.96
[2026-03-23 04:41:15]   Bet size: $3.45 (3% proven) / $2.30 (2% new leagues)
[2026-03-23 04:41:15] 
[2026-03-23 04:41:15]   WARNING: Could not fetch positions: 404 Client Error: Not Found for url: https://api.polymarket.us/v1/positions?limit=200
[2026-03-23 04:41:15]   Scanning NBA...
[2026-03-23 04:41:15]     Found 13 events
[2026-03-23 04:41:15]     [DONE] T2: Coin flip        | Los Angeles L vs. Detroit           | Pistons         @56.0%
[2026-03-23 04:41:15]     [DONE] T2: Coin flip        | Golden State vs. Dallas             | Mavericks       @56.0%
[2026-03-23 04:41:15]   Scanning CBB...
[2026-03-23 04:41:15]     Found 0 events
[2026-03-23 04:41:15]   Scanning EPL...
[2026-03-23 04:41:15]     Found 0 events
[2026-03-23 04:41:16]   Scanning NHL...
[2026-03-23 04:41:16]     Found 18 events
[2026-03-23 04:41:16]     [DONE] T2: Coin flip        | SEA Kraken vs. FLA Panthers         | Kraken          @43.0%
[2026-03-23 04:41:16]     [DONE] T2: Coin flip        | CBJ Blue Jackets vs. PHI Flyers     | Flyers          @55.0%
[2026-03-23 04:41:16]     [DONE] T2: Coin flip        | CAR Hurricanes vs. MON Canadiens    | Hurricanes      @55.0%
[2026-03-23 04:41:16]     [DONE] T2: Coin flip        | OTT Senators vs. DET Red Wings      | Red Wings       @50.0%
[2026-03-23 04:41:16]     [SIGNAL] T2: Coin flip        | MIN Wild vs. TB Lightning           | Lightning       @42.0%
[2026-03-23 04:41:16]     [DONE] T2: Coin flip        | VEG Golden Knights vs. WPG Jets     | Jets            @53.0%
[2026-03-23 04:41:16]     [DONE] T2: Coin flip        | SJ Sharks vs. NAS Predators         | Predators       @46.0%
[2026-03-23 04:41:16]     [DONE] T2: Coin flip        | WAS Capitals vs. STL Blues          | Capitals        @53.0%
[2026-03-23 04:41:16]     [DONE] T2: Coin flip        | LA Kings vs. CGY Flames             | Flames          @58.0%
[2026-03-23 04:41:16]     [DONE] T2: Coin flip        | EDM Oilers vs. UTA Mammoth          | Mammoth         @47.0%
[2026-03-23 04:41:16]   Scanning MLB...
[2026-03-23 04:41:16]     Found 50 events
[2026-03-23 04:41:16]     [SIGNAL] T2: Coin flip        | New York Yankees vs. Chicago Cubs   | Chicago Cubs    @52.0%
[2026-03-23 04:41:16]     [SIGNAL] T2: Coin flip        | New York Yankees vs. San Francisco  | San Francisco Giants @57.0%
[2026-03-23 04:41:16]     [DONE] T2: Coin flip        | Kansas City Royals vs. Texas Ranger | Texas Rangers   @48.0%
[2026-03-23 04:41:16]     [DONE] T2: Coin flip        | Chicago White Sox vs. Athletics     | Athletics       @46.0%
[2026-03-23 04:41:16]     [DONE] T2: Coin flip        | Seattle Mariners vs. San Diego Padr | San Diego Padres @57.0%
[2026-03-23 04:41:16]     [SIGNAL] T2: Coin flip        | Cleveland Guardians vs. Seattle Mar | Seattle Mariners @44.0%
[2026-03-23 04:41:16]     [DONE] T2: Coin flip        | Cleveland Guardians vs. Arizona Dia | Arizona Diamondbacks @46.0%
[2026-03-23 04:41:16]     [DONE] T2: Coin flip        | Atlanta Braves vs. Pittsburgh Pirat | Pittsburgh Pirates @59.0%
[2026-03-23 04:41:16]     [SIGNAL] T2: Coin flip        | Cleveland Guardians vs. Arizona Dia | Arizona Diamondbacks @54.0%
[2026-03-23 04:41:16]     [SIGNAL] T2: Coin flip        | Los Angeles Angels vs. Los Angeles  | Los Angeles Dodgers @40.0%
[2026-03-23 04:41:16]     [SIGNAL] T2: Coin flip        | Chicago White Sox vs. Milwaukee Bre | Milwaukee Brewers @43.0%
[2026-03-23 04:41:16]     [DONE] T2: Coin flip        | Tampa Bay Rays vs. Philadelphia Phi | Tampa Bay Rays  @42.0%
[2026-03-23 04:41:16]     [SIGNAL] T2: Coin flip        | Kansas City Royals vs. Texas Ranger | Texas Rangers   @56.0%
[2026-03-23 04:41:16]     [SIGNAL] T2: Coin flip        | Tampa Bay Rays vs. St. Louis Cardin | St. Louis Cardinals @53.0%
[2026-03-23 04:41:16]     [SIGNAL] T2: Coin flip        | Texas Rangers vs. Philadelphia Phil | Philadelphia Phillies @42.0%
[2026-03-23 04:41:16]     [SIGNAL] T2: Coin flip        | Los Angeles Angels vs. Houston Astr | Houston Astros  @43.0%
[2026-03-23 04:41:16]     [DONE] T2: Coin flip        | New York Yankees vs. Chicago Cubs   | Chicago Cubs    @47.0%
[2026-03-23 04:41:16]     [DONE] T2: Coin flip        | Cincinnati Reds vs. Milwaukee Brewe | Milwaukee Brewers @49.0%
[2026-03-23 04:41:16]     [DONE] T2: Coin flip        | Minnesota Twins vs. Boston Red Sox  | Boston Red Sox  @45.0%
[2026-03-23 04:41:16]     [SIGNAL] T2: Coin flip        | Pittsburgh Pirates vs. New York Met | New York Mets   @52.0%
[2026-03-23 04:41:16]   Scanning ATP...
[2026-03-23 04:41:16]     Found 8 events
[2026-03-23 04:41:16]     [DONE] T2: Coin flip        | Quentin Halys vs. Kamil Majchrzak   | Kamil Majchrzak @45.0%
[2026-03-23 04:41:16]     [SIGNAL] T2: Coin flip        | Alejandro Tabilo vs. Alex Michelsen | Alex Michelsen  @40.0%
[2026-03-23 04:41:16]   Scanning WTA...
[2026-03-23 04:41:16]     Found 5 events
[2026-03-23 04:41:16]     [DONE] T2: Coin flip        | Mirra Andreeva vs. Victoria Mboko   | Victoria Mboko  @52.0%
[2026-03-23 04:41:17] 
[2026-03-23 04:41:17]   Total qualifying markets: 35
[2026-03-23 04:41:17]     T2: Coin flip: 35
[2026-03-23 04:41:17]   New (not yet bet): 13
[2026-03-23 04:41:17] 
[2026-03-23 04:41:17]   PLACING BETS:
[2026-03-23 04:41:17]   -----------------------------------------------------------------
[2026-03-23 04:41:17]     SKIP Lightning — price moved out of tier range
[2026-03-23 04:41:17]     SKIP Chicago Cubs — price moved out of tier range
[2026-03-23 04:41:17]     [T2: Coin flip] Betting $2.30 (2%) on San Francisco Giants @ 48.0% | MLB New York Yankees vs. San Franc
[2026-03-23 04:41:17]     Previewing order: 4 shares @ $0.48 = $2.30 (NO)
[2026-03-23 04:41:17]     Preview OK: {"order": {"id": "", "marketSlug": "aec-mlb-nyy-sf-2026-03-25", "side": "ORDER_SIDE_SELL", "type": "ORDER_TYPE_LIMIT", "price": {"value": "0.52", "currency": "USD"}, "quantity": 4, "cumQuantity": 0, "
[2026-03-23 04:41:17]     Order result: {"id": "8Z20YW2G4J5H", "executions": []}
[2026-03-23 04:41:17]     BET PLACED on San Francisco Giants
[2026-03-23 04:41:18]     SKIP Seattle Mariners — price moved out of tier range
[2026-03-23 04:41:18]     SKIP Arizona Diamondbacks — price moved out of tier range
[2026-03-23 04:41:18]     SKIP Los Angeles Dodgers — price moved out of tier range
[2026-03-23 04:41:18]     SKIP Milwaukee Brewers — price moved out of tier range
[2026-03-23 04:41:18]     SKIP Texas Rangers — price moved out of tier range
[2026-03-23 04:41:18]     [T2: Coin flip] Betting $2.30 (2%) on St. Louis Cardinals @ 53.0% | MLB Tampa Bay Rays vs. St. Louis C
[2026-03-23 04:41:18]     Previewing order: 4 shares @ $0.53 = $2.30 (NO)
[2026-03-23 04:41:18]     Preview OK: {"order": {"id": "", "marketSlug": "aec-mlb-tb-stl-2026-03-26", "side": "ORDER_SIDE_SELL", "type": "ORDER_TYPE_LIMIT", "price": {"value": "0.47", "currency": "USD"}, "quantity": 4, "cumQuantity": 0, "
[2026-03-23 04:41:18]     Order result: {"id": "8Z216NC00JS1", "executions": []}
[2026-03-23 04:41:18]     BET PLACED on St. Louis Cardinals
[2026-03-23 04:41:19]     SKIP Philadelphia Phillies — price moved out of tier range
[2026-03-23 04:41:19]     SKIP Houston Astros — price moved out of tier range
[2026-03-23 04:41:19]     [T2: Coin flip] Betting $2.30 (2%) on New York Mets @ 57.0% | MLB Pittsburgh Pirates vs. New Yor
[2026-03-23 04:41:19]     Previewing order: 4 shares @ $0.57 = $2.30 (NO)
[2026-03-23 04:41:19]     Preview OK: {"order": {"id": "", "marketSlug": "aec-mlb-pit-nym-2026-03-26", "side": "ORDER_SIDE_SELL", "type": "ORDER_TYPE_LIMIT", "price": {"value": "0.43", "currency": "USD"}, "quantity": 4, "cumQuantity": 0, 
[2026-03-23 04:41:19]     Order result: {"id": "8Z215FCG0JTG", "executions": []}
[2026-03-23 04:41:19]     BET PLACED on New York Mets
[2026-03-23 04:41:20]     SKIP Alex Michelsen — price moved out of tier range
[2026-03-23 04:41:20] 
  Updated Balance: $220.61 | Buying Power: $108.61
[2026-03-23 05:02:15] =================================================================
[2026-03-23 05:02:15]   POLYMARKET — HYBRID 5-TIER BOT
[2026-03-23 05:02:15]   Mode: LIVE | Sizing: 3% of bankroll
[2026-03-23 05:02:15]   Leagues: nba, cbb, epl, nhl, mlb, atp, wta
[2026-03-23 05:02:15]   Sizing: 3% (NBA/CBB/EPL) | 2% (NHL/MLB)
[2026-03-23 05:02:15]   Tiers: T1=B fav 75-90% | T2=Coin flip
[2026-03-23 05:02:15]          T3=CBB B dog 50-55% | T4=NBA 50/50
[2026-03-23 05:02:15]          T5=EPL Draw <35%
[2026-03-23 05:02:15] =================================================================
[2026-03-23 05:02:15] 
[2026-03-23 05:02:15] =================================================================
[2026-03-23 05:02:15]   SCANNING — HYBRID 5-TIER STRATEGY
[2026-03-23 05:02:15] =================================================================
[2026-03-23 05:02:15]   Balance: $220.61 | Buying Power: $108.61
[2026-03-23 05:02:15]   Bet size: $3.26 (3% proven) / $2.17 (2% new leagues)
[2026-03-23 05:02:15] 
[2026-03-23 05:02:15]   WARNING: Could not fetch positions: 404 Client Error: Not Found for url: https://api.polymarket.us/v1/positions?limit=200
[2026-03-23 05:02:15]   Scanning NBA...
[2026-03-23 05:02:15]     Found 13 events
[2026-03-23 05:02:15]     [DONE] T2: Coin flip        | Los Angeles L vs. Detroit           | Pistons         @56.0%
[2026-03-23 05:02:15]     [DONE] T2: Coin flip        | Golden State vs. Dallas             | Mavericks       @56.0%
[2026-03-23 05:02:15]   Scanning CBB...
[2026-03-23 05:02:16]     Found 0 events
[2026-03-23 05:02:16]   Scanning EPL...
[2026-03-23 05:02:16]     Found 0 events
[2026-03-23 05:02:16]   Scanning NHL...
[2026-03-23 05:02:16]     Found 18 events
[2026-03-23 05:02:16]     [DONE] T2: Coin flip        | SEA Kraken vs. FLA Panthers         | Kraken          @43.0%
[2026-03-23 05:02:16]     [DONE] T2: Coin flip        | CBJ Blue Jackets vs. PHI Flyers     | Flyers          @55.0%
[2026-03-23 05:02:16]     [DONE] T2: Coin flip        | CAR Hurricanes vs. MON Canadiens    | Hurricanes      @55.0%
[2026-03-23 05:02:16]     [DONE] T2: Coin flip        | OTT Senators vs. DET Red Wings      | Red Wings       @50.0%
[2026-03-23 05:02:16]     [SIGNAL] T2: Coin flip        | MIN Wild vs. TB Lightning           | Lightning       @42.0%
[2026-03-23 05:02:16]     [DONE] T2: Coin flip        | VEG Golden Knights vs. WPG Jets     | Jets            @52.0%
[2026-03-23 05:02:16]     [DONE] T2: Coin flip        | SJ Sharks vs. NAS Predators         | Predators       @46.0%
[2026-03-23 05:02:16]     [DONE] T2: Coin flip        | WAS Capitals vs. STL Blues          | Capitals        @53.0%
[2026-03-23 05:02:16]     [DONE] T2: Coin flip        | LA Kings vs. CGY Flames             | Flames          @58.0%
[2026-03-23 05:02:16]     [DONE] T2: Coin flip        | EDM Oilers vs. UTA Mammoth          | Mammoth         @47.0%
[2026-03-23 05:02:16]   Scanning MLB...
[2026-03-23 05:02:16]     Found 50 events
[2026-03-23 05:02:16]     [SIGNAL] T2: Coin flip        | New York Yankees vs. Chicago Cubs   | Chicago Cubs    @51.0%
[2026-03-23 05:02:16]     [DONE] T2: Coin flip        | New York Yankees vs. San Francisco  | San Francisco Giants @57.0%
[2026-03-23 05:02:16]     [DONE] T2: Coin flip        | Kansas City Royals vs. Texas Ranger | Texas Rangers   @48.0%
[2026-03-23 05:02:16]     [DONE] T2: Coin flip        | Chicago White Sox vs. Athletics     | Athletics       @46.0%
[2026-03-23 05:02:16]     [DONE] T2: Coin flip        | Seattle Mariners vs. San Diego Padr | San Diego Padres @57.0%
[2026-03-23 05:02:16]     [SIGNAL] T2: Coin flip        | Cleveland Guardians vs. Seattle Mar | Seattle Mariners @44.0%
[2026-03-23 05:02:16]     [DONE] T2: Coin flip        | Cleveland Guardians vs. Arizona Dia | Arizona Diamondbacks @46.0%
[2026-03-23 05:02:16]     [DONE] T2: Coin flip        | Atlanta Braves vs. Pittsburgh Pirat | Pittsburgh Pirates @59.0%
[2026-03-23 05:02:16]     [SIGNAL] T2: Coin flip        | Los Angeles Angels vs. Los Angeles  | Los Angeles Dodgers @40.0%
[2026-03-23 05:02:16]     [SIGNAL] T2: Coin flip        | Chicago White Sox vs. Milwaukee Bre | Milwaukee Brewers @56.0%
[2026-03-23 05:02:16]     [DONE] T2: Coin flip        | Tampa Bay Rays vs. Philadelphia Phi | Tampa Bay Rays  @41.0%
[2026-03-23 05:02:16]     [SIGNAL] T2: Coin flip        | Kansas City Royals vs. Texas Ranger | Texas Rangers   @56.0%
[2026-03-23 05:02:16]     [DONE] T2: Coin flip        | Tampa Bay Rays vs. St. Louis Cardin | St. Louis Cardinals @53.0%
[2026-03-23 05:02:16]     [SIGNAL] T2: Coin flip        | Texas Rangers vs. Philadelphia Phil | Philadelphia Phillies @42.0%
[2026-03-23 05:02:16]     [SIGNAL] T2: Coin flip        | Los Angeles Angels vs. Houston Astr | Houston Astros  @43.0%
[2026-03-23 05:02:16]     [DONE] T2: Coin flip        | New York Yankees vs. Chicago Cubs   | Chicago Cubs    @47.0%
[2026-03-23 05:02:16]     [DONE] T2: Coin flip        | Cincinnati Reds vs. Milwaukee Brewe | Milwaukee Brewers @49.0%
[2026-03-23 05:02:16]     [DONE] T2: Coin flip        | Minnesota Twins vs. Boston Red Sox  | Boston Red Sox  @45.0%
[2026-03-23 05:02:16]     [DONE] T2: Coin flip        | Pittsburgh Pirates vs. New York Met | New York Mets   @52.0%
[2026-03-23 05:02:16]   Scanning ATP...
[2026-03-23 05:02:16]     Found 8 events
[2026-03-23 05:02:16]     [DONE] T2: Coin flip        | Quentin Halys vs. Kamil Majchrzak   | Kamil Majchrzak @46.0%
[2026-03-23 05:02:16]     [SIGNAL] T2: Coin flip        | Alejandro Tabilo vs. Alex Michelsen | Alex Michelsen  @40.0%
[2026-03-23 05:02:17]   Scanning WTA...
[2026-03-23 05:02:17]     Found 6 events
[2026-03-23 05:02:17]     [DONE] T2: Coin flip        | Mirra Andreeva vs. Victoria Mboko   | Victoria Mboko  @51.0%
[2026-03-23 05:02:17] 
[2026-03-23 05:02:17]   Total qualifying markets: 34
[2026-03-23 05:02:17]     T2: Coin flip: 34
[2026-03-23 05:02:17]   New (not yet bet): 9
[2026-03-23 05:02:17] 
[2026-03-23 05:02:17]   PLACING BETS:
[2026-03-23 05:02:17]   -----------------------------------------------------------------
[2026-03-23 05:02:17]     SKIP Lightning — price moved out of tier range
[2026-03-23 05:02:17]     SKIP Chicago Cubs — price moved out of tier range
[2026-03-23 05:02:17]     SKIP Seattle Mariners — price moved out of tier range
[2026-03-23 05:02:17]     SKIP Los Angeles Dodgers — price moved out of tier range
[2026-03-23 05:02:17]     SKIP Milwaukee Brewers — price moved out of tier range
[2026-03-23 05:02:17]     SKIP Texas Rangers — price moved out of tier range
[2026-03-23 05:02:17]     SKIP Philadelphia Phillies — price moved out of tier range
[2026-03-23 05:02:17]     SKIP Houston Astros — price moved out of tier range
[2026-03-23 05:02:18]     SKIP Alex Michelsen — price moved out of tier range
[2026-03-23 05:02:18] 
  Updated Balance: $220.61 | Buying Power: $108.61
[2026-03-23 06:46:24] =================================================================
[2026-03-23 06:46:24]   POLYMARKET — HYBRID 5-TIER BOT
[2026-03-23 06:46:24]   Mode: LIVE | Sizing: 3% of bankroll
[2026-03-23 06:46:24]   Leagues: nba, cbb, epl, nhl, mlb, atp, wta
[2026-03-23 06:46:24]   Sizing: 3% (NBA/CBB/EPL) | 2% (NHL/MLB)
[2026-03-23 06:46:24]   Tiers: T1=B fav 75-90% | T2=Coin flip
[2026-03-23 06:46:24]          T3=CBB B dog 50-55% | T4=NBA 50/50
[2026-03-23 06:46:24]          T5=EPL Draw <35%
[2026-03-23 06:46:24] =================================================================
[2026-03-23 06:46:24] 
[2026-03-23 06:46:24] =================================================================
[2026-03-23 06:46:24]   SCANNING — HYBRID 5-TIER STRATEGY
[2026-03-23 06:46:24] =================================================================
[2026-03-23 06:46:24]   Balance: $211.61 | Buying Power: $108.61
[2026-03-23 06:46:24]   Bet size: $3.26 (3% proven) / $2.17 (2% new leagues)
[2026-03-23 06:46:24] 
[2026-03-23 06:46:24]   WARNING: Could not fetch positions: 404 Client Error: Not Found for url: https://api.polymarket.us/v1/positions?limit=200
[2026-03-23 06:46:24]   Scanning NBA...
[2026-03-23 06:46:24]     Found 13 events
[2026-03-23 06:46:24]     [DONE] T2: Coin flip        | Los Angeles L vs. Detroit           | Pistons         @57.0%
[2026-03-23 06:46:24]     [DONE] T2: Coin flip        | Golden State vs. Dallas             | Mavericks       @55.0%
[2026-03-23 06:46:24]   Scanning CBB...
[2026-03-23 06:46:24]     Found 0 events
[2026-03-23 06:46:25]   Scanning EPL...
[2026-03-23 06:46:25]     Found 0 events
[2026-03-23 06:46:25]   Scanning NHL...
[2026-03-23 06:46:25]     Found 18 events
[2026-03-23 06:46:25]     [DONE] T2: Coin flip        | SEA Kraken vs. FLA Panthers         | Kraken          @42.0%
[2026-03-23 06:46:25]     [DONE] T2: Coin flip        | CBJ Blue Jackets vs. PHI Flyers     | Flyers          @55.0%
[2026-03-23 06:46:25]     [DONE] T2: Coin flip        | CAR Hurricanes vs. MON Canadiens    | Hurricanes      @55.0%
[2026-03-23 06:46:25]     [DONE] T2: Coin flip        | OTT Senators vs. DET Red Wings      | Red Wings       @49.0%
[2026-03-23 06:46:25]     [SIGNAL] T2: Coin flip        | MIN Wild vs. TB Lightning           | Wild            @42.0%
[2026-03-23 06:46:25]     [DONE] T2: Coin flip        | VEG Golden Knights vs. WPG Jets     | Jets            @52.0%
[2026-03-23 06:46:25]     [DONE] T2: Coin flip        | SJ Sharks vs. NAS Predators         | Predators       @46.0%
[2026-03-23 06:46:25]     [DONE] T2: Coin flip        | WAS Capitals vs. STL Blues          | Capitals        @53.0%
[2026-03-23 06:46:25]     [DONE] T2: Coin flip        | LA Kings vs. CGY Flames             | Flames          @58.0%
[2026-03-23 06:46:25]     [DONE] T2: Coin flip        | EDM Oilers vs. UTA Mammoth          | Mammoth         @47.0%
[2026-03-23 06:46:25]   Scanning MLB...
[2026-03-23 06:46:25]     Found 50 events
[2026-03-23 06:46:25]     [SIGNAL] T2: Coin flip        | New York Yankees vs. Chicago Cubs   | Chicago Cubs    @48.0%
[2026-03-23 06:46:25]     [DONE] T2: Coin flip        | New York Yankees vs. San Francisco  | San Francisco Giants @57.0%
[2026-03-23 06:46:25]     [DONE] T2: Coin flip        | Kansas City Royals vs. Texas Ranger | Texas Rangers   @47.0%
[2026-03-23 06:46:25]     [DONE] T2: Coin flip        | Chicago White Sox vs. Athletics     | Athletics       @47.0%
[2026-03-23 06:46:25]     [DONE] T2: Coin flip        | Seattle Mariners vs. San Diego Padr | San Diego Padres @57.0%
[2026-03-23 06:46:25]     [SIGNAL] T2: Coin flip        | Cleveland Guardians vs. Seattle Mar | Seattle Mariners @44.0%
[2026-03-23 06:46:25]     [DONE] T2: Coin flip        | Cleveland Guardians vs. Arizona Dia | Arizona Diamondbacks @45.0%
[2026-03-23 06:46:25]     [DONE] T2: Coin flip        | Atlanta Braves vs. Pittsburgh Pirat | Pittsburgh Pirates @58.0%
[2026-03-23 06:46:25]     [SIGNAL] T1: B fav 75-90%     | Tampa Bay Rays vs. Atlanta Braves   | Atlanta Braves  @82.0%
[2026-03-23 06:46:25]     [SIGNAL] T2: Coin flip        | Cleveland Guardians vs. Arizona Dia | Arizona Diamondbacks @54.0%
[2026-03-23 06:46:25]     [SIGNAL] T2: Coin flip        | Los Angeles Angels vs. Los Angeles  | Los Angeles Dodgers @40.0%
[2026-03-23 06:46:25]     [SIGNAL] T2: Coin flip        | Chicago White Sox vs. Milwaukee Bre | Milwaukee Brewers @41.0%
[2026-03-23 06:46:25]     [DONE] T2: Coin flip        | Tampa Bay Rays vs. Philadelphia Phi | Tampa Bay Rays  @41.0%
[2026-03-23 06:46:25]     [SIGNAL] T2: Coin flip        | Kansas City Royals vs. Texas Ranger | Texas Rangers   @56.0%
[2026-03-23 06:46:25]     [DONE] T2: Coin flip        | Tampa Bay Rays vs. St. Louis Cardin | St. Louis Cardinals @53.0%
[2026-03-23 06:46:25]     [SIGNAL] T2: Coin flip        | Texas Rangers vs. Philadelphia Phil | Philadelphia Phillies @42.0%
[2026-03-23 06:46:25]     [SIGNAL] T2: Coin flip        | Los Angeles Angels vs. Houston Astr | Houston Astros  @43.0%
[2026-03-23 06:46:25]     [DONE] T2: Coin flip        | New York Yankees vs. Chicago Cubs   | Chicago Cubs    @47.0%
[2026-03-23 06:46:25]     [DONE] T2: Coin flip        | Cincinnati Reds vs. Milwaukee Brewe | Milwaukee Brewers @49.0%
[2026-03-23 06:46:25]     [DONE] T2: Coin flip        | Minnesota Twins vs. Boston Red Sox  | Boston Red Sox  @46.0%
[2026-03-23 06:46:25]     [DONE] T2: Coin flip        | Pittsburgh Pirates vs. New York Met | New York Mets   @51.0%
[2026-03-23 06:46:25]   Scanning ATP...
[2026-03-23 06:46:25]     Found 8 events
[2026-03-23 06:46:25]     [DONE] T2: Coin flip        | Quentin Halys vs. Kamil Majchrzak   | Kamil Majchrzak @46.0%
[2026-03-23 06:46:25]   Scanning WTA...
[2026-03-23 06:46:25]     Found 6 events
[2026-03-23 06:46:25]     [DONE] T2: Coin flip        | Mirra Andreeva vs. Victoria Mboko   | Victoria Mboko  @51.0%
[2026-03-23 06:46:25]     [SIGNAL] T2: Coin flip        | Hailey Baptiste vs. Jelena Ostapenk | Jelena Ostapenko @47.0%
[2026-03-23 06:46:26] 
[2026-03-23 06:46:26]   Total qualifying markets: 36
[2026-03-23 06:46:26]     T1: B fav 75-90%: 1
[2026-03-23 06:46:26]     T2: Coin flip: 35
[2026-03-23 06:46:26]   New (not yet bet): 11
[2026-03-23 06:46:26] 
[2026-03-23 06:46:26]   PLACING BETS:
[2026-03-23 06:46:26]   -----------------------------------------------------------------
[2026-03-23 06:46:26]     [T2: Coin flip] Betting $2.17 (2%) on Wild @ 42.0% | NHL MIN Wild vs. TB Lightning
[2026-03-23 06:46:26]     Previewing order: 5 shares @ $0.42 = $2.17 (NO)
[2026-03-23 06:46:26]     Preview OK: {"order": {"id": "", "marketSlug": "aec-nhl-min-tb-2026-03-24", "side": "ORDER_SIDE_SELL", "type": "ORDER_TYPE_LIMIT", "price": {"value": "0.58", "currency": "USD"}, "quantity": 5, "cumQuantity": 0, "
[2026-03-23 06:46:26]     Order result: {"id": "8Z28B4Y04KN0", "executions": []}
[2026-03-23 06:46:26]     BET PLACED on Wild
[2026-03-23 06:46:26]     SKIP Chicago Cubs — price moved out of tier range
[2026-03-23 06:46:26]     SKIP Seattle Mariners — price moved out of tier range
[2026-03-23 06:46:26]     SKIP Atlanta Braves — price moved out of tier range
[2026-03-23 06:46:27]     SKIP Arizona Diamondbacks — price moved out of tier range
[2026-03-23 06:46:27]     SKIP Los Angeles Dodgers — price moved out of tier range
[2026-03-23 06:46:27]     SKIP Milwaukee Brewers — price moved out of tier range
[2026-03-23 06:46:27]     SKIP Texas Rangers — price moved out of tier range
[2026-03-23 06:46:27]     SKIP Philadelphia Phillies — price moved out of tier range
[2026-03-23 06:46:27]     SKIP Houston Astros — price moved out of tier range
[2026-03-23 06:46:27]     [T2: Coin flip] Betting $2.17 (2%) on Jelena Ostapenko @ 54.0% | WTA Hailey Baptiste vs. Jelena Ost
[2026-03-23 06:46:27]     Previewing order: 4 shares @ $0.54 = $2.17 (NO)
[2026-03-23 06:46:27]     Preview OK: {"order": {"id": "", "marketSlug": "aec-wta-haibap-jelost-2026-03-23", "side": "ORDER_SIDE_SELL", "type": "ORDER_TYPE_LIMIT", "price": {"value": "0.46", "currency": "USD"}, "quantity": 4, "cumQuantity
[2026-03-23 06:46:27]     Order result: {"id": "8Z28X4RG2H7H", "executions": []}
[2026-03-23 06:46:27]     BET PLACED on Jelena Ostapenko
[2026-03-23 06:46:28] 
  Updated Balance: $213.44 | Buying Power: $106.44
[2026-03-23 07:09:23] =================================================================
[2026-03-23 07:09:23]   POLYMARKET — HYBRID 5-TIER BOT
[2026-03-23 07:09:23]   Mode: LIVE | Sizing: 3% of bankroll
[2026-03-23 07:09:23]   Leagues: nba, cbb, epl, nhl, mlb, atp, wta
[2026-03-23 07:09:23]   Sizing: 3% (NBA/CBB/EPL) | 2% (NHL/MLB)
[2026-03-23 07:09:23]   Tiers: T1=B fav 75-90% | T2=Coin flip
[2026-03-23 07:09:23]          T3=CBB B dog 50-55% | T4=NBA 50/50
[2026-03-23 07:09:23]          T5=EPL Draw <35%
[2026-03-23 07:09:23] =================================================================
[2026-03-23 07:09:23] 
[2026-03-23 07:09:23] =================================================================
[2026-03-23 07:09:23]   SCANNING — HYBRID 5-TIER STRATEGY
[2026-03-23 07:09:23] =================================================================
[2026-03-23 07:09:23]   Balance: $213.44 | Buying Power: $106.44
[2026-03-23 07:09:23]   Bet size: $3.19 (3% proven) / $2.13 (2% new leagues)
[2026-03-23 07:09:23] 
[2026-03-23 07:09:23]   WARNING: Could not fetch positions: 404 Client Error: Not Found for url: https://api.polymarket.us/v1/positions?limit=200
[2026-03-23 07:09:23]   Scanning NBA...
[2026-03-23 07:09:24]     Found 14 events
[2026-03-23 07:09:24]     [DONE] T2: Coin flip        | Los Angeles L vs. Detroit           | Pistons         @57.0%
[2026-03-23 07:09:24]     [DONE] T2: Coin flip        | Golden State vs. Dallas             | Mavericks       @55.0%
[2026-03-23 07:09:24]   Scanning CBB...
[2026-03-23 07:09:24]     Found 0 events
[2026-03-23 07:09:24]   Scanning EPL...
[2026-03-23 07:09:24]     Found 0 events
[2026-03-23 07:09:24]   Scanning NHL...
[2026-03-23 07:09:24]     Found 18 events
[2026-03-23 07:09:24]     [DONE] T2: Coin flip        | SEA Kraken vs. FLA Panthers         | Kraken          @43.0%
[2026-03-23 07:09:24]     [DONE] T2: Coin flip        | CBJ Blue Jackets vs. PHI Flyers     | Flyers          @55.0%
[2026-03-23 07:09:24]     [DONE] T2: Coin flip        | CAR Hurricanes vs. MON Canadiens    | Hurricanes      @55.0%
[2026-03-23 07:09:24]     [DONE] T2: Coin flip        | OTT Senators vs. DET Red Wings      | Red Wings       @49.0%
[2026-03-23 07:09:24]     [DONE] T2: Coin flip        | MIN Wild vs. TB Lightning           | Wild            @42.0%
[2026-03-23 07:09:24]     [DONE] T2: Coin flip        | VEG Golden Knights vs. WPG Jets     | Jets            @52.0%
[2026-03-23 07:09:24]     [DONE] T2: Coin flip        | SJ Sharks vs. NAS Predators         | Predators       @46.0%
[2026-03-23 07:09:24]     [DONE] T2: Coin flip        | WAS Capitals vs. STL Blues          | Capitals        @53.0%
[2026-03-23 07:09:24]     [DONE] T2: Coin flip        | LA Kings vs. CGY Flames             | Flames          @58.0%
[2026-03-23 07:09:24]     [DONE] T2: Coin flip        | EDM Oilers vs. UTA Mammoth          | Mammoth         @47.0%
[2026-03-23 07:09:24]   Scanning MLB...
[2026-03-23 07:09:24]     Found 50 events
[2026-03-23 07:09:24]     [SIGNAL] T2: Coin flip        | New York Yankees vs. Chicago Cubs   | Chicago Cubs    @48.0%
[2026-03-23 07:09:24]     [DONE] T2: Coin flip        | New York Yankees vs. San Francisco  | San Francisco Giants @57.0%
[2026-03-23 07:09:24]     [DONE] T2: Coin flip        | Kansas City Royals vs. Texas Ranger | Texas Rangers   @47.0%
[2026-03-23 07:09:24]     [DONE] T2: Coin flip        | Chicago White Sox vs. Athletics     | Athletics       @47.0%
[2026-03-23 07:09:24]     [DONE] T2: Coin flip        | Seattle Mariners vs. San Diego Padr | San Diego Padres @57.0%
[2026-03-23 07:09:24]     [SIGNAL] T2: Coin flip        | Cleveland Guardians vs. Seattle Mar | Seattle Mariners @44.0%
[2026-03-23 07:09:24]     [DONE] T2: Coin flip        | Cleveland Guardians vs. Arizona Dia | Arizona Diamondbacks @45.0%
[2026-03-23 07:09:24]     [DONE] T2: Coin flip        | Atlanta Braves vs. Pittsburgh Pirat | Pittsburgh Pirates @58.0%
[2026-03-23 07:09:24]     [SIGNAL] T1: B fav 75-90%     | Tampa Bay Rays vs. Atlanta Braves   | Atlanta Braves  @81.0%
[2026-03-23 07:09:24]     [SIGNAL] T2: Coin flip        | Los Angeles Angels vs. Los Angeles  | Los Angeles Dodgers @40.0%
[2026-03-23 07:09:24]     [SIGNAL] T2: Coin flip        | Chicago White Sox vs. Milwaukee Bre | Milwaukee Brewers @41.0%
[2026-03-23 07:09:24]     [DONE] T2: Coin flip        | Tampa Bay Rays vs. Philadelphia Phi | Tampa Bay Rays  @41.0%
[2026-03-23 07:09:24]     [SIGNAL] T2: Coin flip        | Kansas City Royals vs. Texas Ranger | Texas Rangers   @56.0%
[2026-03-23 07:09:24]     [DONE] T2: Coin flip        | Tampa Bay Rays vs. St. Louis Cardin | St. Louis Cardinals @53.0%
[2026-03-23 07:09:24]     [SIGNAL] T2: Coin flip        | Texas Rangers vs. Philadelphia Phil | Philadelphia Phillies @42.0%
[2026-03-23 07:09:24]     [SIGNAL] T2: Coin flip        | Los Angeles Angels vs. Houston Astr | Houston Astros  @43.0%
[2026-03-23 07:09:24]     [DONE] T2: Coin flip        | New York Yankees vs. Chicago Cubs   | Chicago Cubs    @47.0%
[2026-03-23 07:09:24]     [DONE] T2: Coin flip        | Cincinnati Reds vs. Milwaukee Brewe | Milwaukee Brewers @49.0%
[2026-03-23 07:09:24]     [DONE] T2: Coin flip        | Minnesota Twins vs. Boston Red Sox  | Boston Red Sox  @45.0%
[2026-03-23 07:09:24]     [DONE] T2: Coin flip        | Pittsburgh Pirates vs. New York Met | New York Mets   @51.0%
[2026-03-23 07:09:24]   Scanning ATP...
[2026-03-23 07:09:24]     Found 8 events
[2026-03-23 07:09:24]     [DONE] T2: Coin flip        | Quentin Halys vs. Kamil Majchrzak   | Kamil Majchrzak @46.0%
[2026-03-23 07:09:24]     [SIGNAL] T2: Coin flip        | Alejandro Tabilo vs. Alex Michelsen | Alex Michelsen  @40.0%
[2026-03-23 07:09:24]   Scanning WTA...
[2026-03-23 07:09:25]     Found 6 events
[2026-03-23 07:09:25]     [DONE] T2: Coin flip        | Mirra Andreeva vs. Victoria Mboko   | Victoria Mboko  @51.0%
[2026-03-23 07:09:25]     [DONE] T2: Coin flip        | Hailey Baptiste vs. Jelena Ostapenk | Jelena Ostapenko @48.0%
[2026-03-23 07:09:25] 
[2026-03-23 07:09:25]   Total qualifying markets: 36
[2026-03-23 07:09:25]     T1: B fav 75-90%: 1
[2026-03-23 07:09:25]     T2: Coin flip: 35
[2026-03-23 07:09:25]   New (not yet bet): 9
[2026-03-23 07:09:25] 
[2026-03-23 07:09:25]   PLACING BETS:
[2026-03-23 07:09:25]   -----------------------------------------------------------------
[2026-03-23 07:09:25]     SKIP Chicago Cubs — price moved out of tier range
[2026-03-23 07:09:25]     SKIP Seattle Mariners — price moved out of tier range
[2026-03-23 07:09:25]     SKIP Atlanta Braves — price moved out of tier range
[2026-03-23 07:09:25]     SKIP Los Angeles Dodgers — price moved out of tier range
[2026-03-23 07:09:25]     SKIP Milwaukee Brewers — price moved out of tier range
[2026-03-23 07:09:25]     SKIP Texas Rangers — price moved out of tier range
[2026-03-23 07:09:25]     SKIP Philadelphia Phillies — price moved out of tier range
[2026-03-23 07:09:25]     SKIP Houston Astros — price moved out of tier range
[2026-03-23 07:09:25]     SKIP Alex Michelsen — price moved out of tier range
[2026-03-23 07:09:25] 
  Updated Balance: $213.44 | Buying Power: $106.44
[2026-03-23 08:12:17] =================================================================
[2026-03-23 08:12:17]   POLYMARKET — HYBRID 5-TIER BOT
[2026-03-23 08:12:17]   Mode: LIVE | Sizing: 3% of bankroll
[2026-03-23 08:12:17]   Leagues: nba, cbb, epl, nhl, mlb, atp, wta
[2026-03-23 08:12:17]   Sizing: 3% (NBA/CBB/EPL) | 2% (NHL/MLB)
[2026-03-23 08:12:17]   Tiers: T1=B fav 75-90% | T2=Coin flip
[2026-03-23 08:12:17]          T3=CBB B dog 50-55% | T4=NBA 50/50
[2026-03-23 08:12:17]          T5=EPL Draw <35%
[2026-03-23 08:12:17] =================================================================
[2026-03-23 08:12:17] 
[2026-03-23 08:12:17] =================================================================
[2026-03-23 08:12:17]   SCANNING — HYBRID 5-TIER STRATEGY
[2026-03-23 08:12:17] =================================================================
[2026-03-23 08:12:17]   Balance: $213.44 | Buying Power: $106.44
[2026-03-23 08:12:17]   Bet size: $3.19 (3% proven) / $2.13 (2% new leagues)
[2026-03-23 08:12:17] 
[2026-03-23 08:12:17]   WARNING: Could not fetch positions: 404 Client Error: Not Found for url: https://api.polymarket.us/v1/positions?limit=200
[2026-03-23 08:12:17]   Scanning NBA...
[2026-03-23 08:12:17]     Found 14 events
[2026-03-23 08:12:17]     [DONE] T2: Coin flip        | Los Angeles L vs. Detroit           | Pistons         @57.0%
[2026-03-23 08:12:17]     [DONE] T2: Coin flip        | Golden State vs. Dallas             | Mavericks       @55.0%
[2026-03-23 08:12:18]   Scanning CBB...
[2026-03-23 08:12:18]     Found 2 events
[2026-03-23 08:12:18]   Scanning EPL...
[2026-03-23 08:12:18]     Found 0 events
[2026-03-23 08:12:18]   Scanning NHL...
[2026-03-23 08:12:18]     Found 18 events
[2026-03-23 08:12:18]     [DONE] T2: Coin flip        | SEA Kraken vs. FLA Panthers         | Kraken          @43.0%
[2026-03-23 08:12:18]     [DONE] T2: Coin flip        | CBJ Blue Jackets vs. PHI Flyers     | Flyers          @55.0%
[2026-03-23 08:12:18]     [DONE] T2: Coin flip        | CAR Hurricanes vs. MON Canadiens    | Hurricanes      @55.0%
[2026-03-23 08:12:18]     [DONE] T2: Coin flip        | OTT Senators vs. DET Red Wings      | Red Wings       @49.0%
[2026-03-23 08:12:18]     [DONE] T2: Coin flip        | MIN Wild vs. TB Lightning           | Wild            @42.0%
[2026-03-23 08:12:18]     [DONE] T2: Coin flip        | VEG Golden Knights vs. WPG Jets     | Jets            @52.0%
[2026-03-23 08:12:18]     [DONE] T2: Coin flip        | SJ Sharks vs. NAS Predators         | Predators       @46.0%
[2026-03-23 08:12:18]     [DONE] T2: Coin flip        | WAS Capitals vs. STL Blues          | Capitals        @53.0%
[2026-03-23 08:12:18]     [DONE] T2: Coin flip        | LA Kings vs. CGY Flames             | Flames          @58.0%
[2026-03-23 08:12:18]     [DONE] T2: Coin flip        | EDM Oilers vs. UTA Mammoth          | Mammoth         @47.0%
[2026-03-23 08:12:18]   Scanning MLB...
[2026-03-23 08:12:18]     Found 50 events
[2026-03-23 08:12:18]     [SIGNAL] T2: Coin flip        | New York Yankees vs. Chicago Cubs   | Chicago Cubs    @48.0%
[2026-03-23 08:12:18]     [DONE] T2: Coin flip        | New York Yankees vs. San Francisco  | San Francisco Giants @57.0%
[2026-03-23 08:12:18]     [DONE] T2: Coin flip        | Kansas City Royals vs. Texas Ranger | Texas Rangers   @47.0%
[2026-03-23 08:12:18]     [DONE] T2: Coin flip        | Chicago White Sox vs. Athletics     | Athletics       @46.0%
[2026-03-23 08:12:18]     [DONE] T2: Coin flip        | Seattle Mariners vs. San Diego Padr | San Diego Padres @57.0%
[2026-03-23 08:12:18]     [DONE] T2: Coin flip        | Cleveland Guardians vs. Arizona Dia | Arizona Diamondbacks @45.0%
[2026-03-23 08:12:18]     [DONE] T2: Coin flip        | Atlanta Braves vs. Pittsburgh Pirat | Pittsburgh Pirates @58.0%
[2026-03-23 08:12:18]     [SIGNAL] T1: B fav 75-90%     | Tampa Bay Rays vs. Atlanta Braves   | Atlanta Braves  @82.0%
[2026-03-23 08:12:18]     [SIGNAL] T2: Coin flip        | Los Angeles Angels vs. Los Angeles  | Los Angeles Dodgers @40.0%
[2026-03-23 08:12:18]     [SIGNAL] T2: Coin flip        | Chicago White Sox vs. Milwaukee Bre | Milwaukee Brewers @41.0%
[2026-03-23 08:12:18]     [DONE] T2: Coin flip        | Tampa Bay Rays vs. Philadelphia Phi | Tampa Bay Rays  @40.0%
[2026-03-23 08:12:18]     [SIGNAL] T2: Coin flip        | Kansas City Royals vs. Texas Ranger | Texas Rangers   @56.0%
[2026-03-23 08:12:18]     [DONE] T2: Coin flip        | Tampa Bay Rays vs. St. Louis Cardin | St. Louis Cardinals @53.0%
[2026-03-23 08:12:18]     [SIGNAL] T2: Coin flip        | Texas Rangers vs. Philadelphia Phil | Philadelphia Phillies @42.0%
[2026-03-23 08:12:18]     [SIGNAL] T2: Coin flip        | Los Angeles Angels vs. Houston Astr | Houston Astros  @43.0%
[2026-03-23 08:12:18]     [DONE] T2: Coin flip        | New York Yankees vs. Chicago Cubs   | Chicago Cubs    @47.0%
[2026-03-23 08:12:18]     [DONE] T2: Coin flip        | Cincinnati Reds vs. Milwaukee Brewe | Milwaukee Brewers @49.0%
[2026-03-23 08:12:18]     [DONE] T2: Coin flip        | Minnesota Twins vs. Boston Red Sox  | Boston Red Sox  @46.0%
[2026-03-23 08:12:18]     [DONE] T2: Coin flip        | Pittsburgh Pirates vs. New York Met | New York Mets   @51.0%
[2026-03-23 08:12:18]   Scanning ATP...
[2026-03-23 08:12:18]     Found 8 events
[2026-03-23 08:12:18]     [DONE] T2: Coin flip        | Quentin Halys vs. Kamil Majchrzak   | Kamil Majchrzak @46.0%
[2026-03-23 08:12:18]   Scanning WTA...
[2026-03-23 08:12:18]     Found 6 events
[2026-03-23 08:12:18]     [DONE] T2: Coin flip        | Mirra Andreeva vs. Victoria Mboko   | Victoria Mboko  @51.0%
[2026-03-23 08:12:18]     [DONE] T2: Coin flip        | Hailey Baptiste vs. Jelena Ostapenk | Jelena Ostapenko @47.0%
[2026-03-23 08:12:18] 
[2026-03-23 08:12:18]   Total qualifying markets: 34
[2026-03-23 08:12:18]     T1: B fav 75-90%: 1
[2026-03-23 08:12:18]     T2: Coin flip: 33
[2026-03-23 08:12:18]   New (not yet bet): 7
[2026-03-23 08:12:18] 
[2026-03-23 08:12:18]   PLACING BETS:
[2026-03-23 08:12:18]   -----------------------------------------------------------------
[2026-03-23 08:12:19]     SKIP Chicago Cubs — price moved out of tier range
[2026-03-23 08:12:19]     SKIP Atlanta Braves — price moved out of tier range
[2026-03-23 08:12:19]     SKIP Los Angeles Dodgers — price moved out of tier range
[2026-03-23 08:12:19]     SKIP Milwaukee Brewers — price moved out of tier range
[2026-03-23 08:12:19]     SKIP Texas Rangers — price moved out of tier range
[2026-03-23 08:12:19]     SKIP Philadelphia Phillies — price moved out of tier range
[2026-03-23 08:12:19]     SKIP Houston Astros — price moved out of tier range
[2026-03-23 08:12:19] 
  Updated Balance: $213.44 | Buying Power: $106.44
[2026-03-23 08:55:07] =================================================================
[2026-03-23 08:55:07]   POLYMARKET — HYBRID 5-TIER BOT
[2026-03-23 08:55:07]   Mode: LIVE | Sizing: 3% of bankroll
[2026-03-23 08:55:07]   Leagues: nba, cbb, epl, nhl, mlb, atp, wta
[2026-03-23 08:55:07]   Sizing: 3% (NBA/CBB/EPL) | 2% (NHL/MLB)
[2026-03-23 08:55:07]   Tiers: T1=B fav 75-90% | T2=Coin flip
[2026-03-23 08:55:07]          T3=CBB B dog 50-55% | T4=NBA 50/50
[2026-03-23 08:55:07]          T5=EPL Draw <35%
[2026-03-23 08:55:07] =================================================================
[2026-03-23 08:55:07] 
[2026-03-23 08:55:07] =================================================================
[2026-03-23 08:55:07]   SCANNING — HYBRID 5-TIER STRATEGY
[2026-03-23 08:55:07] =================================================================
[2026-03-23 08:55:07]   Balance: $213.44 | Buying Power: $106.44
[2026-03-23 08:55:07]   Bet size: $3.19 (3% proven) / $2.13 (2% new leagues)
[2026-03-23 08:55:07] 
[2026-03-23 08:55:07]   WARNING: Could not fetch positions: 404 Client Error: Not Found for url: https://api.polymarket.us/v1/positions?limit=200
[2026-03-23 08:55:07]   Scanning NBA...
[2026-03-23 08:55:08]     Found 14 events
[2026-03-23 08:55:08]     [DONE] T2: Coin flip        | Los Angeles L vs. Detroit           | Pistons         @57.0%
[2026-03-23 08:55:08]     [DONE] T2: Coin flip        | Golden State vs. Dallas             | Mavericks       @55.0%
[2026-03-23 08:55:08]   Scanning CBB...
[2026-03-23 08:55:08]     Found 2 events
[2026-03-23 08:55:08]   Scanning EPL...
[2026-03-23 08:55:08]     Found 0 events
[2026-03-23 08:55:08]   Scanning NHL...
[2026-03-23 08:55:08]     Found 18 events
[2026-03-23 08:55:08]     [DONE] T2: Coin flip        | SEA Kraken vs. FLA Panthers         | Kraken          @43.0%
[2026-03-23 08:55:08]     [DONE] T2: Coin flip        | CBJ Blue Jackets vs. PHI Flyers     | Flyers          @55.0%
[2026-03-23 08:55:08]     [DONE] T2: Coin flip        | CAR Hurricanes vs. MON Canadiens    | Hurricanes      @55.0%
[2026-03-23 08:55:08]     [DONE] T2: Coin flip        | OTT Senators vs. DET Red Wings      | Red Wings       @49.0%
[2026-03-23 08:55:08]     [DONE] T2: Coin flip        | MIN Wild vs. TB Lightning           | Wild            @42.0%
[2026-03-23 08:55:08]     [DONE] T2: Coin flip        | VEG Golden Knights vs. WPG Jets     | Jets            @52.0%
[2026-03-23 08:55:08]     [DONE] T2: Coin flip        | SJ Sharks vs. NAS Predators         | Predators       @46.0%
[2026-03-23 08:55:08]     [DONE] T2: Coin flip        | WAS Capitals vs. STL Blues          | Capitals        @53.0%
[2026-03-23 08:55:08]     [DONE] T2: Coin flip        | EDM Oilers vs. UTA Mammoth          | Mammoth         @47.0%
[2026-03-23 08:55:08]   Scanning MLB...
[2026-03-23 08:55:09]     Found 50 events
[2026-03-23 08:55:09]     [SIGNAL] T2: Coin flip        | New York Yankees vs. Chicago Cubs   | Chicago Cubs    @48.0%
[2026-03-23 08:55:09]     [DONE] T2: Coin flip        | New York Yankees vs. San Francisco  | San Francisco Giants @57.0%
[2026-03-23 08:55:09]     [DONE] T2: Coin flip        | Kansas City Royals vs. Texas Ranger | Texas Rangers   @47.0%
[2026-03-23 08:55:09]     [DONE] T2: Coin flip        | Chicago White Sox vs. Athletics     | Athletics       @46.0%
[2026-03-23 08:55:09]     [DONE] T2: Coin flip        | Seattle Mariners vs. San Diego Padr | San Diego Padres @57.0%
[2026-03-23 08:55:09]     [DONE] T2: Coin flip        | Cleveland Guardians vs. Arizona Dia | Arizona Diamondbacks @45.0%
[2026-03-23 08:55:09]     [DONE] T2: Coin flip        | Atlanta Braves vs. Pittsburgh Pirat | Pittsburgh Pirates @58.0%
[2026-03-23 08:55:09]     [SIGNAL] T1: B fav 75-90%     | Tampa Bay Rays vs. Atlanta Braves   | Atlanta Braves  @81.0%
[2026-03-23 08:55:09]     [SIGNAL] T2: Coin flip        | Cleveland Guardians vs. Arizona Dia | Arizona Diamondbacks @53.0%
[2026-03-23 08:55:09]     [SIGNAL] T2: Coin flip        | Los Angeles Angels vs. Los Angeles  | Los Angeles Dodgers @40.0%
[2026-03-23 08:55:09]     [SIGNAL] T2: Coin flip        | Cincinnati Reds vs. Milwaukee Brewe | Milwaukee Brewers @55.0%
[2026-03-23 08:55:09]     [SIGNAL] T2: Coin flip        | Chicago White Sox vs. Milwaukee Bre | Milwaukee Brewers @41.0%
[2026-03-23 08:55:09]     [DONE] T2: Coin flip        | Tampa Bay Rays vs. Philadelphia Phi | Tampa Bay Rays  @40.0%
[2026-03-23 08:55:09]     [SIGNAL] T2: Coin flip        | Kansas City Royals vs. Texas Ranger | Texas Rangers   @56.0%
[2026-03-23 08:55:09]     [DONE] T2: Coin flip        | Tampa Bay Rays vs. St. Louis Cardin | St. Louis Cardinals @53.0%
[2026-03-23 08:55:09]     [SIGNAL] T2: Coin flip        | Texas Rangers vs. Philadelphia Phil | Philadelphia Phillies @42.0%
[2026-03-23 08:55:09]     [SIGNAL] T2: Coin flip        | Los Angeles Angels vs. Houston Astr | Houston Astros  @43.0%
[2026-03-23 08:55:09]     [DONE] T2: Coin flip        | New York Yankees vs. Chicago Cubs   | Chicago Cubs    @46.0%
[2026-03-23 08:55:09]     [DONE] T2: Coin flip        | Cincinnati Reds vs. Milwaukee Brewe | Milwaukee Brewers @49.0%
[2026-03-23 08:55:09]     [DONE] T2: Coin flip        | Minnesota Twins vs. Boston Red Sox  | Boston Red Sox  @45.0%
[2026-03-23 08:55:09]     [DONE] T2: Coin flip        | Pittsburgh Pirates vs. New York Met | New York Mets   @51.0%
[2026-03-23 08:55:09]   Scanning ATP...
[2026-03-23 08:55:09]     Found 8 events
[2026-03-23 08:55:09]     [DONE] T2: Coin flip        | Quentin Halys vs. Kamil Majchrzak   | Kamil Majchrzak @46.0%
[2026-03-23 08:55:09]   Scanning WTA...
[2026-03-23 08:55:09]     Found 6 events
[2026-03-23 08:55:09]     [DONE] T2: Coin flip        | Mirra Andreeva vs. Victoria Mboko   | Victoria Mboko  @51.0%
[2026-03-23 08:55:09]     [DONE] T2: Coin flip        | Hailey Baptiste vs. Jelena Ostapenk | Jelena Ostapenko @49.0%
[2026-03-23 08:55:09] 
[2026-03-23 08:55:09]   Total qualifying markets: 35
[2026-03-23 08:55:09]     T1: B fav 75-90%: 1
[2026-03-23 08:55:09]     T2: Coin flip: 34
[2026-03-23 08:55:09]   New (not yet bet): 9
[2026-03-23 08:55:09] 
[2026-03-23 08:55:09]   PLACING BETS:
[2026-03-23 08:55:09]   -----------------------------------------------------------------
[2026-03-23 08:55:09]     SKIP Chicago Cubs — price moved out of tier range
[2026-03-23 08:55:09]     SKIP Atlanta Braves — price moved out of tier range
[2026-03-23 08:55:09]     SKIP Arizona Diamondbacks — price moved out of tier range
[2026-03-23 08:55:10]     SKIP Los Angeles Dodgers — price moved out of tier range
[2026-03-23 08:55:10]     SKIP Milwaukee Brewers — price moved out of tier range
[2026-03-23 08:55:10]     SKIP Milwaukee Brewers — price moved out of tier range
[2026-03-23 08:55:10]     SKIP Texas Rangers — price moved out of tier range
[2026-03-23 08:55:10]     SKIP Philadelphia Phillies — price moved out of tier range
[2026-03-23 08:55:10]     SKIP Houston Astros — price moved out of tier range
[2026-03-23 08:55:10] 
  Updated Balance: $213.44 | Buying Power: $106.44
[2026-03-23 09:36:01] =================================================================
[2026-03-23 09:36:01]   POLYMARKET — HYBRID 5-TIER BOT
[2026-03-23 09:36:01]   Mode: LIVE | Sizing: 3% of bankroll
[2026-03-23 09:36:01]   Leagues: nba, cbb, epl, nhl, mlb, atp, wta
[2026-03-23 09:36:01]   Sizing: 3% (NBA/CBB/EPL) | 2% (NHL/MLB)
[2026-03-23 09:36:01]   Tiers: T1=B fav 75-90% | T2=Coin flip
[2026-03-23 09:36:01]          T3=CBB B dog 50-55% | T4=NBA 50/50
[2026-03-23 09:36:01]          T5=EPL Draw <35%
[2026-03-23 09:36:01] =================================================================
[2026-03-23 09:36:01] 
[2026-03-23 09:36:01] =================================================================
[2026-03-23 09:36:01]   SCANNING — HYBRID 5-TIER STRATEGY
[2026-03-23 09:36:01] =================================================================
[2026-03-23 09:36:01]   Balance: $213.44 | Buying Power: $106.44
[2026-03-23 09:36:01]   Bet size: $3.19 (3% proven) / $2.13 (2% new leagues)
[2026-03-23 09:36:01] 
[2026-03-23 09:36:01]   WARNING: Could not fetch positions: 404 Client Error: Not Found for url: https://api.polymarket.us/v1/positions?limit=200
[2026-03-23 09:36:01]   Scanning NBA...
[2026-03-23 09:36:01]     Found 14 events
[2026-03-23 09:36:01]     [DONE] T2: Coin flip        | Los Angeles L vs. Detroit           | Pistons         @57.0%
[2026-03-23 09:36:01]     [DONE] T2: Coin flip        | Golden State vs. Dallas             | Mavericks       @55.0%
[2026-03-23 09:36:01]   Scanning CBB...
[2026-03-23 09:36:01]     Found 2 events
[2026-03-23 09:36:01]   Scanning EPL...
[2026-03-23 09:36:01]     Found 0 events
[2026-03-23 09:36:01]   Scanning NHL...
[2026-03-23 09:36:02]     Found 18 events
[2026-03-23 09:36:02]     [DONE] T2: Coin flip        | SEA Kraken vs. FLA Panthers         | Kraken          @43.0%
[2026-03-23 09:36:02]     [DONE] T2: Coin flip        | CBJ Blue Jackets vs. PHI Flyers     | Flyers          @55.0%
[2026-03-23 09:36:02]     [DONE] T2: Coin flip        | CAR Hurricanes vs. MON Canadiens    | Hurricanes      @56.0%
[2026-03-23 09:36:02]     [DONE] T2: Coin flip        | OTT Senators vs. DET Red Wings      | Red Wings       @50.0%
[2026-03-23 09:36:02]     [DONE] T2: Coin flip        | MIN Wild vs. TB Lightning           | Wild            @42.0%
[2026-03-23 09:36:02]     [DONE] T2: Coin flip        | VEG Golden Knights vs. WPG Jets     | Jets            @52.0%
[2026-03-23 09:36:02]     [DONE] T2: Coin flip        | SJ Sharks vs. NAS Predators         | Predators       @46.0%
[2026-03-23 09:36:02]     [DONE] T2: Coin flip        | WAS Capitals vs. STL Blues          | Capitals        @53.0%
[2026-03-23 09:36:02]     [DONE] T2: Coin flip        | EDM Oilers vs. UTA Mammoth          | Mammoth         @47.0%
[2026-03-23 09:36:02]   Scanning MLB...
[2026-03-23 09:36:02]     Found 50 events
[2026-03-23 09:36:02]     [SIGNAL] T2: Coin flip        | New York Yankees vs. Chicago Cubs   | Chicago Cubs    @49.0%
[2026-03-23 09:36:02]     [DONE] T2: Coin flip        | New York Yankees vs. San Francisco  | San Francisco Giants @57.0%
[2026-03-23 09:36:02]     [DONE] T2: Coin flip        | Kansas City Royals vs. Texas Ranger | Texas Rangers   @47.0%
[2026-03-23 09:36:02]     [DONE] T2: Coin flip        | Chicago White Sox vs. Athletics     | Athletics       @46.0%
[2026-03-23 09:36:02]     [DONE] T2: Coin flip        | Seattle Mariners vs. San Diego Padr | San Diego Padres @57.0%
[2026-03-23 09:36:02]     [DONE] T2: Coin flip        | Cleveland Guardians vs. Arizona Dia | Arizona Diamondbacks @45.0%
[2026-03-23 09:36:02]     [DONE] T2: Coin flip        | Atlanta Braves vs. Pittsburgh Pirat | Pittsburgh Pirates @58.0%
[2026-03-23 09:36:02]     [SIGNAL] T1: B fav 75-90%     | Tampa Bay Rays vs. Atlanta Braves   | Atlanta Braves  @81.0%
[2026-03-23 09:36:02]     [SIGNAL] T2: Coin flip        | Cleveland Guardians vs. Arizona Dia | Arizona Diamondbacks @51.0%
[2026-03-23 09:36:02]     [SIGNAL] T2: Coin flip        | Los Angeles Angels vs. Los Angeles  | Los Angeles Dodgers @40.0%
[2026-03-23 09:36:02]     [SIGNAL] T2: Coin flip        | Cincinnati Reds vs. Milwaukee Brewe | Milwaukee Brewers @55.0%
[2026-03-23 09:36:02]     [SIGNAL] T2: Coin flip        | Chicago White Sox vs. Milwaukee Bre | Milwaukee Brewers @41.0%
[2026-03-23 09:36:02]     [DONE] T2: Coin flip        | Tampa Bay Rays vs. Philadelphia Phi | Tampa Bay Rays  @41.0%
[2026-03-23 09:36:02]     [DONE] T2: Coin flip        | Tampa Bay Rays vs. St. Louis Cardin | St. Louis Cardinals @53.0%
[2026-03-23 09:36:02]     [SIGNAL] T2: Coin flip        | Texas Rangers vs. Philadelphia Phil | Philadelphia Phillies @42.0%
[2026-03-23 09:36:02]     [SIGNAL] T2: Coin flip        | Los Angeles Angels vs. Houston Astr | Houston Astros  @43.0%
[2026-03-23 09:36:02]     [DONE] T2: Coin flip        | New York Yankees vs. Chicago Cubs   | Chicago Cubs    @47.0%
[2026-03-23 09:36:02]     [DONE] T2: Coin flip        | Cincinnati Reds vs. Milwaukee Brewe | Milwaukee Brewers @48.0%
[2026-03-23 09:36:02]     [DONE] T2: Coin flip        | Minnesota Twins vs. Boston Red Sox  | Boston Red Sox  @45.0%
[2026-03-23 09:36:02]     [DONE] T2: Coin flip        | Pittsburgh Pirates vs. New York Met | New York Mets   @50.0%
[2026-03-23 09:36:02]   Scanning ATP...
[2026-03-23 09:36:02]     Found 8 events
[2026-03-23 09:36:02]     [DONE] T2: Coin flip        | Quentin Halys vs. Kamil Majchrzak   | Kamil Majchrzak @47.0%
[2026-03-23 09:36:02]   Scanning WTA...
[2026-03-23 09:36:02]     Found 6 events
[2026-03-23 09:36:02]     [DONE] T2: Coin flip        | Mirra Andreeva vs. Victoria Mboko   | Victoria Mboko  @51.0%
[2026-03-23 09:36:02]     [DONE] T2: Coin flip        | Hailey Baptiste vs. Jelena Ostapenk | Jelena Ostapenko @49.0%
[2026-03-23 09:36:02] 
[2026-03-23 09:36:02]   Total qualifying markets: 34
[2026-03-23 09:36:02]     T1: B fav 75-90%: 1
[2026-03-23 09:36:02]     T2: Coin flip: 33
[2026-03-23 09:36:02]   New (not yet bet): 8
[2026-03-23 09:36:02] 
[2026-03-23 09:36:02]   PLACING BETS:
[2026-03-23 09:36:02]   -----------------------------------------------------------------
[2026-03-23 09:36:02]     SKIP Chicago Cubs — price moved out of tier range
[2026-03-23 09:36:02]     SKIP Atlanta Braves — price moved out of tier range
[2026-03-23 09:36:02]     SKIP Arizona Diamondbacks — price moved out of tier range
[2026-03-23 09:36:02]     SKIP Los Angeles Dodgers — price moved out of tier range
[2026-03-23 09:36:03]     SKIP Milwaukee Brewers — price moved out of tier range
[2026-03-23 09:36:03]     SKIP Milwaukee Brewers — price moved out of tier range
[2026-03-23 09:36:03]     SKIP Philadelphia Phillies — price moved out of tier range
[2026-03-23 09:36:03]     SKIP Houston Astros — price moved out of tier range
[2026-03-23 09:36:03] 
  Updated Balance: $213.44 | Buying Power: $106.44
[2026-03-23 10:02:18] =================================================================
[2026-03-23 10:02:18]   POLYMARKET — HYBRID 5-TIER BOT
[2026-03-23 10:02:18]   Mode: LIVE | Sizing: 3% of bankroll
[2026-03-23 10:02:18]   Leagues: nba, cbb, epl, nhl, mlb, atp, wta
[2026-03-23 10:02:18]   Sizing: 3% (NBA/CBB/EPL) | 2% (NHL/MLB)
[2026-03-23 10:02:18]   Tiers: T1=B fav 75-90% | T2=Coin flip
[2026-03-23 10:02:18]          T3=CBB B dog 50-55% | T4=NBA 50/50
[2026-03-23 10:02:18]          T5=EPL Draw <35%
[2026-03-23 10:02:18] =================================================================
[2026-03-23 10:02:18] 
[2026-03-23 10:02:18] =================================================================
[2026-03-23 10:02:18]   SCANNING — HYBRID 5-TIER STRATEGY
[2026-03-23 10:02:18] =================================================================
[2026-03-23 10:02:19]   Balance: $213.44 | Buying Power: $106.44
[2026-03-23 10:02:19]   Bet size: $3.19 (3% proven) / $2.13 (2% new leagues)
[2026-03-23 10:02:19] 
[2026-03-23 10:02:19]   WARNING: Could not fetch positions: 404 Client Error: Not Found for url: https://api.polymarket.us/v1/positions?limit=200
[2026-03-23 10:02:19]   Scanning NBA...
[2026-03-23 10:02:19]     Found 14 events
[2026-03-23 10:02:19]     [DONE] T2: Coin flip        | Los Angeles L vs. Detroit           | Pistons         @57.0%
[2026-03-23 10:02:19]     [DONE] T2: Coin flip        | Golden State vs. Dallas             | Mavericks       @55.0%
[2026-03-23 10:02:19]   Scanning CBB...
[2026-03-23 10:02:19]     Found 2 events
[2026-03-23 10:02:19]   Scanning EPL...
[2026-03-23 10:02:19]     Found 0 events
[2026-03-23 10:02:19]   Scanning NHL...
[2026-03-23 10:02:19]     Found 18 events
[2026-03-23 10:02:19]     [DONE] T2: Coin flip        | SEA Kraken vs. FLA Panthers         | Kraken          @43.0%
[2026-03-23 10:02:19]     [DONE] T2: Coin flip        | CBJ Blue Jackets vs. PHI Flyers     | Flyers          @55.0%
[2026-03-23 10:02:19]     [DONE] T2: Coin flip        | CAR Hurricanes vs. MON Canadiens    | Hurricanes      @56.0%
[2026-03-23 10:02:19]     [DONE] T2: Coin flip        | OTT Senators vs. DET Red Wings      | Red Wings       @49.0%
[2026-03-23 10:02:19]     [DONE] T2: Coin flip        | MIN Wild vs. TB Lightning           | Wild            @42.0%
[2026-03-23 10:02:19]     [DONE] T2: Coin flip        | VEG Golden Knights vs. WPG Jets     | Jets            @52.0%
[2026-03-23 10:02:19]     [DONE] T2: Coin flip        | SJ Sharks vs. NAS Predators         | Predators       @46.0%
[2026-03-23 10:02:19]     [DONE] T2: Coin flip        | WAS Capitals vs. STL Blues          | Capitals        @53.0%
[2026-03-23 10:02:19]     [DONE] T2: Coin flip        | EDM Oilers vs. UTA Mammoth          | Mammoth         @47.0%
[2026-03-23 10:02:19]   Scanning MLB...
[2026-03-23 10:02:20]     Found 50 events
[2026-03-23 10:02:20]     [SIGNAL] T2: Coin flip        | New York Yankees vs. Chicago Cubs   | Chicago Cubs    @50.0%
[2026-03-23 10:02:20]     [DONE] T2: Coin flip        | New York Yankees vs. San Francisco  | San Francisco Giants @57.0%
[2026-03-23 10:02:20]     [DONE] T2: Coin flip        | Kansas City Royals vs. Texas Ranger | Texas Rangers   @47.0%
[2026-03-23 10:02:20]     [DONE] T2: Coin flip        | Chicago White Sox vs. Athletics     | Athletics       @46.0%
[2026-03-23 10:02:20]     [DONE] T2: Coin flip        | Seattle Mariners vs. San Diego Padr | San Diego Padres @57.0%
[2026-03-23 10:02:20]     [DONE] T2: Coin flip        | Cleveland Guardians vs. Arizona Dia | Arizona Diamondbacks @45.0%
[2026-03-23 10:02:20]     [DONE] T2: Coin flip        | Atlanta Braves vs. Pittsburgh Pirat | Pittsburgh Pirates @58.0%
[2026-03-23 10:02:20]     [SIGNAL] T1: B fav 75-90%     | Tampa Bay Rays vs. Atlanta Braves   | Atlanta Braves  @80.0%
[2026-03-23 10:02:20]     [SIGNAL] T2: Coin flip        | Cleveland Guardians vs. Arizona Dia | Arizona Diamondbacks @53.0%
[2026-03-23 10:02:20]     [SIGNAL] T2: Coin flip        | Los Angeles Angels vs. Los Angeles  | Los Angeles Dodgers @40.0%
[2026-03-23 10:02:20]     [SIGNAL] T2: Coin flip        | Cincinnati Reds vs. Milwaukee Brewe | Milwaukee Brewers @55.0%
[2026-03-23 10:02:20]     [SIGNAL] T2: Coin flip        | Chicago White Sox vs. Milwaukee Bre | Milwaukee Brewers @41.0%
[2026-03-23 10:02:20]     [DONE] T2: Coin flip        | Tampa Bay Rays vs. Philadelphia Phi | Tampa Bay Rays  @41.0%
[2026-03-23 10:02:20]     [SIGNAL] T2: Coin flip        | Kansas City Royals vs. Texas Ranger | Texas Rangers   @57.0%
[2026-03-23 10:02:20]     [DONE] T2: Coin flip        | Tampa Bay Rays vs. St. Louis Cardin | St. Louis Cardinals @55.0%
[2026-03-23 10:02:20]     [SIGNAL] T2: Coin flip        | Texas Rangers vs. Philadelphia Phil | Philadelphia Phillies @42.0%
[2026-03-23 10:02:20]     [SIGNAL] T2: Coin flip        | Los Angeles Angels vs. Houston Astr | Houston Astros  @43.0%
[2026-03-23 10:02:20]     [DONE] T2: Coin flip        | New York Yankees vs. Chicago Cubs   | Chicago Cubs    @47.0%
[2026-03-23 10:02:20]     [DONE] T2: Coin flip        | Cincinnati Reds vs. Milwaukee Brewe | Milwaukee Brewers @48.0%
[2026-03-23 10:02:20]     [DONE] T2: Coin flip        | Minnesota Twins vs. Boston Red Sox  | Boston Red Sox  @45.0%
[2026-03-23 10:02:20]     [DONE] T2: Coin flip        | Pittsburgh Pirates vs. New York Met | New York Mets   @51.0%
[2026-03-23 10:02:20]   Scanning ATP...
[2026-03-23 10:02:20]     Found 8 events
[2026-03-23 10:02:20]     [DONE] T2: Coin flip        | Quentin Halys vs. Kamil Majchrzak   | Kamil Majchrzak @46.0%
[2026-03-23 10:02:20]   Scanning WTA...
[2026-03-23 10:02:20]     Found 6 events
[2026-03-23 10:02:20]     [DONE] T2: Coin flip        | Mirra Andreeva vs. Victoria Mboko   | Victoria Mboko  @51.0%
[2026-03-23 10:02:20]     [DONE] T2: Coin flip        | Hailey Baptiste vs. Jelena Ostapenk | Jelena Ostapenko @49.0%
[2026-03-23 10:02:20] 
[2026-03-23 10:02:20]   Total qualifying markets: 35
[2026-03-23 10:02:20]     T1: B fav 75-90%: 1
[2026-03-23 10:02:20]     T2: Coin flip: 34
[2026-03-23 10:02:20]   New (not yet bet): 9
[2026-03-23 10:02:20] 
[2026-03-23 10:02:20]   PLACING BETS:
[2026-03-23 10:02:20]   -----------------------------------------------------------------
[2026-03-23 10:02:20]     SKIP Chicago Cubs — price moved out of tier range
[2026-03-23 10:02:20]     SKIP Atlanta Braves — price moved out of tier range
[2026-03-23 10:02:20]     SKIP Arizona Diamondbacks — price moved out of tier range
[2026-03-23 10:02:20]     SKIP Los Angeles Dodgers — price moved out of tier range
[2026-03-23 10:02:20]     SKIP Milwaukee Brewers — price moved out of tier range
[2026-03-23 10:02:21]     SKIP Milwaukee Brewers — price moved out of tier range
[2026-03-23 10:02:21]     SKIP Texas Rangers — price moved out of tier range
[2026-03-23 10:02:21]     SKIP Philadelphia Phillies — price moved out of tier range
[2026-03-23 10:02:21]     SKIP Houston Astros — price moved out of tier range
[2026-03-23 10:02:21] 
  Updated Balance: $213.44 | Buying Power: $106.44
[2026-03-23 11:13:32] =================================================================
[2026-03-23 11:13:32]   POLYMARKET — HYBRID 5-TIER BOT
[2026-03-23 11:13:32]   Mode: LIVE | Sizing: 3% of bankroll
[2026-03-23 11:13:32]   Leagues: nba, cbb, epl, nhl, mlb, atp, wta
[2026-03-23 11:13:32]   Sizing: 3% (NBA/CBB/EPL) | 2% (NHL/MLB)
[2026-03-23 11:13:32]   Tiers: T1=B fav 75-90% | T2=Coin flip
[2026-03-23 11:13:32]          T3=CBB B dog 50-55% | T4=NBA 50/50
[2026-03-23 11:13:32]          T5=EPL Draw <35%
[2026-03-23 11:13:32] =================================================================
[2026-03-23 11:13:32] 
[2026-03-23 11:13:32] =================================================================
[2026-03-23 11:13:32]   SCANNING — HYBRID 5-TIER STRATEGY
[2026-03-23 11:13:32] =================================================================
[2026-03-23 11:13:33]   Balance: $213.44 | Buying Power: $106.44
[2026-03-23 11:13:33]   Bet size: $3.19 (3% proven) / $2.13 (2% new leagues)
[2026-03-23 11:13:33] 
[2026-03-23 11:13:33]   WARNING: Could not fetch positions: 404 Client Error: Not Found for url: https://api.polymarket.us/v1/positions?limit=200
[2026-03-23 11:13:33]   Scanning NBA...
[2026-03-23 11:13:33]     Found 14 events
[2026-03-23 11:13:33]     [DONE] T2: Coin flip        | Los Angeles L vs. Detroit           | Pistons         @57.0%
[2026-03-23 11:13:33]     [DONE] T2: Coin flip        | Golden State vs. Dallas             | Mavericks       @55.0%
[2026-03-23 11:13:33]   Scanning CBB...
[2026-03-23 11:13:33]     Found 2 events
[2026-03-23 11:13:33]   Scanning EPL...
[2026-03-23 11:13:33]     Found 0 events
[2026-03-23 11:13:33]   Scanning NHL...
[2026-03-23 11:13:34]     Found 18 events
[2026-03-23 11:13:34]     [DONE] T2: Coin flip        | SEA Kraken vs. FLA Panthers         | Kraken          @43.0%
[2026-03-23 11:13:34]     [DONE] T2: Coin flip        | CBJ Blue Jackets vs. PHI Flyers     | Flyers          @54.0%
[2026-03-23 11:13:34]     [DONE] T2: Coin flip        | CAR Hurricanes vs. MON Canadiens    | Hurricanes      @56.0%
[2026-03-23 11:13:34]     [DONE] T2: Coin flip        | OTT Senators vs. DET Red Wings      | Red Wings       @49.0%
[2026-03-23 11:13:34]     [DONE] T2: Coin flip        | MIN Wild vs. TB Lightning           | Wild            @42.0%
[2026-03-23 11:13:34]     [DONE] T2: Coin flip        | VEG Golden Knights vs. WPG Jets     | Jets            @52.0%
[2026-03-23 11:13:34]     [DONE] T2: Coin flip        | SJ Sharks vs. NAS Predators         | Predators       @46.0%
[2026-03-23 11:13:34]     [DONE] T2: Coin flip        | WAS Capitals vs. STL Blues          | Capitals        @53.0%
[2026-03-23 11:13:34]     [DONE] T2: Coin flip        | LA Kings vs. CGY Flames             | Flames          @59.0%
[2026-03-23 11:13:34]     [DONE] T2: Coin flip        | EDM Oilers vs. UTA Mammoth          | Mammoth         @47.0%
[2026-03-23 11:13:34]   Scanning MLB...
[2026-03-23 11:13:34]     Found 50 events
[2026-03-23 11:13:34]     [SIGNAL] T2: Coin flip        | New York Yankees vs. Chicago Cubs   | Chicago Cubs    @52.0%
[2026-03-23 11:13:34]     [DONE] T2: Coin flip        | New York Yankees vs. San Francisco  | San Francisco Giants @57.0%
[2026-03-23 11:13:34]     [DONE] T2: Coin flip        | Kansas City Royals vs. Texas Ranger | Texas Rangers   @47.0%
[2026-03-23 11:13:34]     [DONE] T2: Coin flip        | Chicago White Sox vs. Athletics     | Athletics       @47.0%
[2026-03-23 11:13:34]     [DONE] T2: Coin flip        | Seattle Mariners vs. San Diego Padr | San Diego Padres @56.0%
[2026-03-23 11:13:34]     [DONE] T2: Coin flip        | Cleveland Guardians vs. Arizona Dia | Arizona Diamondbacks @46.0%
[2026-03-23 11:13:34]     [DONE] T2: Coin flip        | Atlanta Braves vs. Pittsburgh Pirat | Pittsburgh Pirates @59.0%
[2026-03-23 11:13:34]     [SIGNAL] T1: B fav 75-90%     | Tampa Bay Rays vs. Atlanta Braves   | Atlanta Braves  @80.0%
[2026-03-23 11:13:34]     [SIGNAL] T2: Coin flip        | Los Angeles Angels vs. Los Angeles  | Los Angeles Dodgers @42.0%
[2026-03-23 11:13:34]     [SIGNAL] T2: Coin flip        | Cincinnati Reds vs. Milwaukee Brewe | Milwaukee Brewers @55.0%
[2026-03-23 11:13:34]     [SIGNAL] T2: Coin flip        | Chicago White Sox vs. Milwaukee Bre | Milwaukee Brewers @41.0%
[2026-03-23 11:13:34]     [DONE] T2: Coin flip        | Tampa Bay Rays vs. Philadelphia Phi | Tampa Bay Rays  @40.0%
[2026-03-23 11:13:34]     [SIGNAL] T2: Coin flip        | Kansas City Royals vs. Texas Ranger | Texas Rangers   @57.0%
[2026-03-23 11:13:34]     [DONE] T2: Coin flip        | Tampa Bay Rays vs. St. Louis Cardin | St. Louis Cardinals @55.0%
[2026-03-23 11:13:34]     [SIGNAL] T2: Coin flip        | Texas Rangers vs. Philadelphia Phil | Philadelphia Phillies @42.0%
[2026-03-23 11:13:34]     [SIGNAL] T2: Coin flip        | Los Angeles Angels vs. Houston Astr | Houston Astros  @43.0%
[2026-03-23 11:13:34]     [DONE] T2: Coin flip        | New York Yankees vs. Chicago Cubs   | Chicago Cubs    @47.0%
[2026-03-23 11:13:34]     [DONE] T2: Coin flip        | Cincinnati Reds vs. Milwaukee Brewe | Milwaukee Brewers @47.0%
[2026-03-23 11:13:34]     [DONE] T2: Coin flip        | Minnesota Twins vs. Boston Red Sox  | Boston Red Sox  @45.0%
[2026-03-23 11:13:34]     [DONE] T2: Coin flip        | Pittsburgh Pirates vs. New York Met | New York Mets   @51.0%
[2026-03-23 11:13:34]   Scanning ATP...
[2026-03-23 11:13:34]     Found 8 events
[2026-03-23 11:13:34]     [DONE] T2: Coin flip        | Quentin Halys vs. Kamil Majchrzak   | Kamil Majchrzak @46.0%
[2026-03-23 11:13:34]   Scanning WTA...
[2026-03-23 11:13:34]     Found 6 events
[2026-03-23 11:13:34]     [DONE] T2: Coin flip        | Mirra Andreeva vs. Victoria Mboko   | Victoria Mboko  @52.0%
[2026-03-23 11:13:34]     [DONE] T2: Coin flip        | Hailey Baptiste vs. Jelena Ostapenk | Jelena Ostapenko @50.0%
[2026-03-23 11:13:34] 
[2026-03-23 11:13:34]   Total qualifying markets: 35
[2026-03-23 11:13:34]     T1: B fav 75-90%: 1
[2026-03-23 11:13:34]     T2: Coin flip: 34
[2026-03-23 11:13:34]   New (not yet bet): 8
[2026-03-23 11:13:34] 
[2026-03-23 11:13:34]   PLACING BETS:
[2026-03-23 11:13:34]   -----------------------------------------------------------------
[2026-03-23 11:13:34]     SKIP Chicago Cubs — price moved out of tier range
[2026-03-23 11:13:35]     SKIP Atlanta Braves — price moved out of tier range
[2026-03-23 11:13:35]     SKIP Los Angeles Dodgers — price moved out of tier range
[2026-03-23 11:13:35]     SKIP Milwaukee Brewers — price moved out of tier range
[2026-03-23 11:13:35]     SKIP Milwaukee Brewers — price moved out of tier range
[2026-03-23 11:13:35]     SKIP Texas Rangers — price moved out of tier range
[2026-03-23 11:13:35]     SKIP Philadelphia Phillies — price moved out of tier range
[2026-03-23 11:13:35]     SKIP Houston Astros — price moved out of tier range
[2026-03-23 11:13:35] 
  Updated Balance: $213.44 | Buying Power: $106.44
[2026-03-23 11:42:34] =================================================================
[2026-03-23 11:42:34]   POLYMARKET — HYBRID 5-TIER BOT
[2026-03-23 11:42:34]   Mode: LIVE | Sizing: 3% of bankroll
[2026-03-23 11:42:34]   Leagues: nba, cbb, epl, nhl, mlb, atp, wta
[2026-03-23 11:42:34]   Sizing: 3% (NBA/CBB/EPL) | 2% (NHL/MLB)
[2026-03-23 11:42:34]   Tiers: T1=B fav 75-90% | T2=Coin flip
[2026-03-23 11:42:34]          T3=CBB B dog 50-55% | T4=NBA 50/50
[2026-03-23 11:42:34]          T5=EPL Draw <35%
[2026-03-23 11:42:34] =================================================================
[2026-03-23 11:42:34] 
[2026-03-23 11:42:34] =================================================================
[2026-03-23 11:42:34]   SCANNING — HYBRID 5-TIER STRATEGY
[2026-03-23 11:42:34] =================================================================
[2026-03-23 11:42:34]   Balance: $213.44 | Buying Power: $106.44
[2026-03-23 11:42:34]   Bet size: $3.19 (3% proven) / $2.13 (2% new leagues)
[2026-03-23 11:42:34] 
[2026-03-23 11:42:34]   WARNING: Could not fetch positions: 404 Client Error: Not Found for url: https://api.polymarket.us/v1/positions?limit=200
[2026-03-23 11:42:34]   Scanning NBA...
[2026-03-23 11:42:34]     Found 14 events
[2026-03-23 11:42:34]     [DONE] T2: Coin flip        | Los Angeles L vs. Detroit           | Pistons         @57.0%
[2026-03-23 11:42:34]     [DONE] T2: Coin flip        | Golden State vs. Dallas             | Mavericks       @55.0%
[2026-03-23 11:42:34]   Scanning CBB...
[2026-03-23 11:42:34]     Found 2 events
[2026-03-23 11:42:35]   Scanning EPL...
[2026-03-23 11:42:35]     Found 0 events
[2026-03-23 11:42:35]   Scanning NHL...
[2026-03-23 11:42:35]     Found 18 events
[2026-03-23 11:42:35]     [DONE] T2: Coin flip        | SEA Kraken vs. FLA Panthers         | Kraken          @43.0%
[2026-03-23 11:42:35]     [DONE] T2: Coin flip        | CBJ Blue Jackets vs. PHI Flyers     | Flyers          @54.0%
[2026-03-23 11:42:35]     [DONE] T2: Coin flip        | CAR Hurricanes vs. MON Canadiens    | Hurricanes      @56.0%
[2026-03-23 11:42:35]     [DONE] T2: Coin flip        | OTT Senators vs. DET Red Wings      | Red Wings       @49.0%
[2026-03-23 11:42:35]     [DONE] T2: Coin flip        | MIN Wild vs. TB Lightning           | Wild            @42.0%
[2026-03-23 11:42:35]     [DONE] T2: Coin flip        | VEG Golden Knights vs. WPG Jets     | Jets            @52.0%
[2026-03-23 11:42:35]     [DONE] T2: Coin flip        | SJ Sharks vs. NAS Predators         | Predators       @46.0%
[2026-03-23 11:42:35]     [DONE] T2: Coin flip        | WAS Capitals vs. STL Blues          | Capitals        @53.0%
[2026-03-23 11:42:35]     [DONE] T2: Coin flip        | LA Kings vs. CGY Flames             | Flames          @59.0%
[2026-03-23 11:42:35]     [DONE] T2: Coin flip        | EDM Oilers vs. UTA Mammoth          | Mammoth         @47.0%
[2026-03-23 11:42:35]   Scanning MLB...
[2026-03-23 11:42:35]     Found 50 events
[2026-03-23 11:42:35]     [SIGNAL] T2: Coin flip        | New York Yankees vs. Chicago Cubs   | Chicago Cubs    @52.0%
[2026-03-23 11:42:35]     [DONE] T2: Coin flip        | New York Yankees vs. San Francisco  | San Francisco Giants @57.0%
[2026-03-23 11:42:35]     [DONE] T2: Coin flip        | Kansas City Royals vs. Texas Ranger | Texas Rangers   @47.0%
[2026-03-23 11:42:35]     [DONE] T2: Coin flip        | Chicago White Sox vs. Athletics     | Athletics       @47.0%
[2026-03-23 11:42:35]     [DONE] T2: Coin flip        | Seattle Mariners vs. San Diego Padr | San Diego Padres @57.0%
[2026-03-23 11:42:35]     [DONE] T2: Coin flip        | Cleveland Guardians vs. Arizona Dia | Arizona Diamondbacks @47.0%
[2026-03-23 11:42:35]     [DONE] T2: Coin flip        | Atlanta Braves vs. Pittsburgh Pirat | Pittsburgh Pirates @59.0%
[2026-03-23 11:42:35]     [SIGNAL] T1: B fav 75-90%     | Tampa Bay Rays vs. Atlanta Braves   | Atlanta Braves  @80.0%
[2026-03-23 11:42:35]     [SIGNAL] T2: Coin flip        | Cleveland Guardians vs. Arizona Dia | Arizona Diamondbacks @54.0%
[2026-03-23 11:42:35]     [SIGNAL] T2: Coin flip        | Los Angeles Angels vs. Los Angeles  | Los Angeles Dodgers @41.0%
[2026-03-23 11:42:35]     [SIGNAL] T2: Coin flip        | Cincinnati Reds vs. Milwaukee Brewe | Milwaukee Brewers @55.0%
[2026-03-23 11:42:35]     [SIGNAL] T2: Coin flip        | Chicago White Sox vs. Milwaukee Bre | Milwaukee Brewers @53.0%
[2026-03-23 11:42:35]     [DONE] T2: Coin flip        | Tampa Bay Rays vs. Philadelphia Phi | Tampa Bay Rays  @40.0%
[2026-03-23 11:42:35]     [SIGNAL] T2: Coin flip        | Kansas City Royals vs. Texas Ranger | Texas Rangers   @57.0%
[2026-03-23 11:42:35]     [DONE] T2: Coin flip        | Tampa Bay Rays vs. St. Louis Cardin | St. Louis Cardinals @55.0%
[2026-03-23 11:42:35]     [SIGNAL] T2: Coin flip        | Texas Rangers vs. Philadelphia Phil | Philadelphia Phillies @42.0%
[2026-03-23 11:42:35]     [SIGNAL] T2: Coin flip        | Los Angeles Angels vs. Houston Astr | Houston Astros  @43.0%
[2026-03-23 11:42:35]     [DONE] T2: Coin flip        | New York Yankees vs. Chicago Cubs   | Chicago Cubs    @47.0%
[2026-03-23 11:42:35]     [DONE] T2: Coin flip        | Cincinnati Reds vs. Milwaukee Brewe | Milwaukee Brewers @47.0%
[2026-03-23 11:42:35]     [DONE] T2: Coin flip        | Minnesota Twins vs. Boston Red Sox  | Boston Red Sox  @44.0%
[2026-03-23 11:42:35]     [SIGNAL] T2: Coin flip        | Boston Red Sox vs. Minnesota Twins  | Minnesota Twins @58.0%
[2026-03-23 11:42:35]     [DONE] T2: Coin flip        | Pittsburgh Pirates vs. New York Met | New York Mets   @51.0%
[2026-03-23 11:42:35]   Scanning ATP...
[2026-03-23 11:42:35]     Found 7 events
[2026-03-23 11:42:35]     [DONE] T2: Coin flip        | Quentin Halys vs. Kamil Majchrzak   | Kamil Majchrzak @46.0%
[2026-03-23 11:42:35]   Scanning WTA...
[2026-03-23 11:42:35]     Found 6 events
[2026-03-23 11:42:35]     [DONE] T2: Coin flip        | Mirra Andreeva vs. Victoria Mboko   | Victoria Mboko  @51.0%
[2026-03-23 11:42:35]     [DONE] T2: Coin flip        | Hailey Baptiste vs. Jelena Ostapenk | Jelena Ostapenko @50.0%
[2026-03-23 11:42:35] 
[2026-03-23 11:42:35]   Total qualifying markets: 37
[2026-03-23 11:42:35]     T1: B fav 75-90%: 1
[2026-03-23 11:42:35]     T2: Coin flip: 36
[2026-03-23 11:42:35]   New (not yet bet): 10
[2026-03-23 11:42:35] 
[2026-03-23 11:42:35]   PLACING BETS:
[2026-03-23 11:42:35]   -----------------------------------------------------------------
[2026-03-23 11:42:35]     SKIP Chicago Cubs — price moved out of tier range
[2026-03-23 11:42:35]     SKIP Atlanta Braves — price moved out of tier range
[2026-03-23 11:42:35]     SKIP Arizona Diamondbacks — price moved out of tier range
[2026-03-23 11:42:35]     SKIP Los Angeles Dodgers — price moved out of tier range
[2026-03-23 11:42:35]     SKIP Milwaukee Brewers — price moved out of tier range
[2026-03-23 11:42:35]     SKIP Milwaukee Brewers — price moved out of tier range
[2026-03-23 11:42:35]     SKIP Texas Rangers — price moved out of tier range
[2026-03-23 11:42:36]     SKIP Philadelphia Phillies — price moved out of tier range
[2026-03-23 11:42:36]     SKIP Houston Astros — price moved out of tier range
[2026-03-23 11:42:36]     [T2: Coin flip] Betting $2.13 (2%) on Minnesota Twins @ 58.0% | MLB Boston Red Sox vs. Minnesota T
[2026-03-23 11:42:36]     Previewing order: 3 shares @ $0.58 = $2.13 (NO)
[2026-03-23 11:42:36]     Preview OK: {"order": {"id": "", "marketSlug": "aec-mlb-bos-min-2026-03-24", "side": "ORDER_SIDE_SELL", "type": "ORDER_TYPE_LIMIT", "price": {"value": "0.42", "currency": "USD"}, "quantity": 3, "cumQuantity": 0, 
[2026-03-23 11:42:36]     Order result: {"id": "8Z2T2ZEG2JXH", "executions": []}
[2026-03-23 11:42:36]     BET PLACED on Minnesota Twins
[2026-03-23 11:42:36] 
  Updated Balance: $214.82 | Buying Power: $104.82
[2026-03-23 12:01:02] =================================================================
[2026-03-23 12:01:02]   POLYMARKET — HYBRID 5-TIER BOT
[2026-03-23 12:01:02]   Mode: LIVE | Sizing: 3% of bankroll
[2026-03-23 12:01:02]   Leagues: nba, cbb, epl, nhl, mlb, atp, wta
[2026-03-23 12:01:02]   Sizing: 3% (NBA/CBB/EPL) | 2% (NHL/MLB)
[2026-03-23 12:01:02]   Tiers: T1=B fav 75-90% | T2=Coin flip
[2026-03-23 12:01:02]          T3=CBB B dog 50-55% | T4=NBA 50/50
[2026-03-23 12:01:02]          T5=EPL Draw <35%
[2026-03-23 12:01:02] =================================================================
[2026-03-23 12:01:02] 
[2026-03-23 12:01:02] =================================================================
[2026-03-23 12:01:02]   SCANNING — HYBRID 5-TIER STRATEGY
[2026-03-23 12:01:02] =================================================================
[2026-03-23 12:01:02]   Balance: $214.82 | Buying Power: $104.82
[2026-03-23 12:01:02]   Bet size: $3.14 (3% proven) / $2.10 (2% new leagues)
[2026-03-23 12:01:02] 
[2026-03-23 12:01:02]   WARNING: Could not fetch positions: 404 Client Error: Not Found for url: https://api.polymarket.us/v1/positions?limit=200
[2026-03-23 12:01:02]   Scanning NBA...
[2026-03-23 12:01:02]     Found 14 events
[2026-03-23 12:01:02]     [DONE] T2: Coin flip        | Los Angeles L vs. Detroit           | Pistons         @57.0%
[2026-03-23 12:01:02]     [DONE] T2: Coin flip        | Golden State vs. Dallas             | Mavericks       @55.0%
[2026-03-23 12:01:02]   Scanning CBB...
[2026-03-23 12:01:02]     Found 2 events
[2026-03-23 12:01:02]   Scanning EPL...
[2026-03-23 12:01:02]     Found 0 events
[2026-03-23 12:01:02]   Scanning NHL...
[2026-03-23 12:01:02]     Found 18 events
[2026-03-23 12:01:02]     [DONE] T2: Coin flip        | SEA Kraken vs. FLA Panthers         | Kraken          @43.0%
[2026-03-23 12:01:02]     [DONE] T2: Coin flip        | CBJ Blue Jackets vs. PHI Flyers     | Flyers          @55.0%
[2026-03-23 12:01:02]     [DONE] T2: Coin flip        | CAR Hurricanes vs. MON Canadiens    | Hurricanes      @56.0%
[2026-03-23 12:01:02]     [DONE] T2: Coin flip        | OTT Senators vs. DET Red Wings      | Red Wings       @49.0%
[2026-03-23 12:01:02]     [DONE] T2: Coin flip        | MIN Wild vs. TB Lightning           | Wild            @42.0%
[2026-03-23 12:01:02]     [DONE] T2: Coin flip        | VEG Golden Knights vs. WPG Jets     | Jets            @52.0%
[2026-03-23 12:01:02]     [DONE] T2: Coin flip        | SJ Sharks vs. NAS Predators         | Predators       @46.0%
[2026-03-23 12:01:02]     [DONE] T2: Coin flip        | WAS Capitals vs. STL Blues          | Capitals        @53.0%
[2026-03-23 12:01:02]     [DONE] T2: Coin flip        | LA Kings vs. CGY Flames             | Flames          @59.0%
[2026-03-23 12:01:02]     [DONE] T2: Coin flip        | EDM Oilers vs. UTA Mammoth          | Mammoth         @47.0%
[2026-03-23 12:01:03]   Scanning MLB...
[2026-03-23 12:01:03]     Found 50 events
[2026-03-23 12:01:03]     [SIGNAL] T2: Coin flip        | New York Yankees vs. Chicago Cubs   | Chicago Cubs    @52.0%
[2026-03-23 12:01:03]     [DONE] T2: Coin flip        | New York Yankees vs. San Francisco  | San Francisco Giants @57.0%
[2026-03-23 12:01:03]     [DONE] T2: Coin flip        | Kansas City Royals vs. Texas Ranger | Texas Rangers   @47.0%
[2026-03-23 12:01:03]     [DONE] T2: Coin flip        | Chicago White Sox vs. Athletics     | Athletics       @47.0%
[2026-03-23 12:01:03]     [DONE] T2: Coin flip        | Seattle Mariners vs. San Diego Padr | San Diego Padres @57.0%
[2026-03-23 12:01:03]     [DONE] T2: Coin flip        | Cleveland Guardians vs. Arizona Dia | Arizona Diamondbacks @47.0%
[2026-03-23 12:01:03]     [DONE] T2: Coin flip        | Atlanta Braves vs. Pittsburgh Pirat | Pittsburgh Pirates @59.0%
[2026-03-23 12:01:03]     [SIGNAL] T1: B fav 75-90%     | Tampa Bay Rays vs. Atlanta Braves   | Atlanta Braves  @80.0%
[2026-03-23 12:01:03]     [SIGNAL] T2: Coin flip        | Cleveland Guardians vs. Arizona Dia | Arizona Diamondbacks @54.0%
[2026-03-23 12:01:03]     [SIGNAL] T2: Coin flip        | Los Angeles Angels vs. Los Angeles  | Los Angeles Dodgers @40.0%
[2026-03-23 12:01:03]     [SIGNAL] T2: Coin flip        | Cincinnati Reds vs. Milwaukee Brewe | Milwaukee Brewers @55.0%
[2026-03-23 12:01:03]     [SIGNAL] T2: Coin flip        | Chicago White Sox vs. Milwaukee Bre | Milwaukee Brewers @53.0%
[2026-03-23 12:01:03]     [DONE] T2: Coin flip        | Tampa Bay Rays vs. Philadelphia Phi | Tampa Bay Rays  @40.0%
[2026-03-23 12:01:03]     [DONE] T2: Coin flip        | Tampa Bay Rays vs. St. Louis Cardin | St. Louis Cardinals @55.0%
[2026-03-23 12:01:03]     [SIGNAL] T2: Coin flip        | Texas Rangers vs. Philadelphia Phil | Philadelphia Phillies @50.0%
[2026-03-23 12:01:03]     [SIGNAL] T2: Coin flip        | Los Angeles Angels vs. Houston Astr | Houston Astros  @43.0%
[2026-03-23 12:01:03]     [DONE] T2: Coin flip        | New York Yankees vs. Chicago Cubs   | Chicago Cubs    @47.0%
[2026-03-23 12:01:03]     [DONE] T2: Coin flip        | Cincinnati Reds vs. Milwaukee Brewe | Milwaukee Brewers @47.0%
[2026-03-23 12:01:03]     [DONE] T2: Coin flip        | Minnesota Twins vs. Boston Red Sox  | Boston Red Sox  @45.0%
[2026-03-23 12:01:03]     [DONE] T2: Coin flip        | Boston Red Sox vs. Minnesota Twins  | Minnesota Twins @58.0%
[2026-03-23 12:01:03]     [DONE] T2: Coin flip        | Pittsburgh Pirates vs. New York Met | New York Mets   @52.0%
[2026-03-23 12:01:03]   Scanning ATP...
[2026-03-23 12:01:03]     Found 7 events
[2026-03-23 12:01:03]     [DONE] T2: Coin flip        | Quentin Halys vs. Kamil Majchrzak   | Kamil Majchrzak @46.0%
[2026-03-23 12:01:03]   Scanning WTA...
[2026-03-23 12:01:03]     Found 6 events
[2026-03-23 12:01:03]     [DONE] T2: Coin flip        | Mirra Andreeva vs. Victoria Mboko   | Victoria Mboko  @52.0%
[2026-03-23 12:01:03]     [DONE] T2: Coin flip        | Hailey Baptiste vs. Jelena Ostapenk | Jelena Ostapenko @50.0%
[2026-03-23 12:01:03] 
[2026-03-23 12:01:03]   Total qualifying markets: 36
[2026-03-23 12:01:03]     T1: B fav 75-90%: 1
[2026-03-23 12:01:03]     T2: Coin flip: 35
[2026-03-23 12:01:03]   New (not yet bet): 8
[2026-03-23 12:01:03] 
[2026-03-23 12:01:03]   PLACING BETS:
[2026-03-23 12:01:03]   -----------------------------------------------------------------
[2026-03-23 12:01:03]     SKIP Chicago Cubs — price moved out of tier range
[2026-03-23 12:01:03]     SKIP Atlanta Braves — price moved out of tier range
[2026-03-23 12:01:03]     SKIP Arizona Diamondbacks — price moved out of tier range
[2026-03-23 12:01:03]     SKIP Los Angeles Dodgers — price moved out of tier range
[2026-03-23 12:01:03]     SKIP Milwaukee Brewers — price moved out of tier range
[2026-03-23 12:01:03]     SKIP Milwaukee Brewers — price moved out of tier range
[2026-03-23 12:01:03]     SKIP Philadelphia Phillies — price moved out of tier range
[2026-03-23 12:01:03]     SKIP Houston Astros — price moved out of tier range
[2026-03-23 12:01:03] 
  Updated Balance: $214.82 | Buying Power: $104.82
[2026-03-23 13:05:49] =================================================================
[2026-03-23 13:05:49]   POLYMARKET — HYBRID 5-TIER BOT
[2026-03-23 13:05:49]   Mode: LIVE | Sizing: 3% of bankroll
[2026-03-23 13:05:49]   Leagues: nba, cbb, epl, nhl, mlb, atp, wta
[2026-03-23 13:05:49]   Sizing: 3% (NBA/CBB/EPL) | 2% (NHL/MLB)
[2026-03-23 13:05:49]   Tiers: T1=B fav 75-90% | T2=Coin flip
[2026-03-23 13:05:49]          T3=CBB B dog 50-55% | T4=NBA 50/50
[2026-03-23 13:05:49]          T5=EPL Draw <35%
[2026-03-23 13:05:49] =================================================================
[2026-03-23 13:05:49] 
[2026-03-23 13:05:49] =================================================================
[2026-03-23 13:05:49]   SCANNING — HYBRID 5-TIER STRATEGY
[2026-03-23 13:05:49] =================================================================
[2026-03-23 13:05:49]   Balance: $214.82 | Buying Power: $104.82
[2026-03-23 13:05:49]   Bet size: $3.14 (3% proven) / $2.10 (2% new leagues)
[2026-03-23 13:05:49] 
[2026-03-23 13:05:49]   WARNING: Could not fetch positions: 404 Client Error: Not Found for url: https://api.polymarket.us/v1/positions?limit=200
[2026-03-23 13:05:49]   Scanning NBA...
[2026-03-23 13:05:49]     Found 14 events
[2026-03-23 13:05:49]     [DONE] T2: Coin flip        | Los Angeles L vs. Detroit           | Pistons         @56.0%
[2026-03-23 13:05:49]     [DONE] T2: Coin flip        | Golden State vs. Dallas             | Mavericks       @55.0%
[2026-03-23 13:05:49]   Scanning CBB...
[2026-03-23 13:05:49]     Found 2 events
[2026-03-23 13:05:49]   Scanning EPL...
[2026-03-23 13:05:49]     Found 0 events
[2026-03-23 13:05:50]   Scanning NHL...
[2026-03-23 13:05:50]     Found 18 events
[2026-03-23 13:05:50]     [DONE] T2: Coin flip        | SEA Kraken vs. FLA Panthers         | Kraken          @43.0%
[2026-03-23 13:05:50]     [DONE] T2: Coin flip        | CBJ Blue Jackets vs. PHI Flyers     | Flyers          @55.0%
[2026-03-23 13:05:50]     [DONE] T2: Coin flip        | CAR Hurricanes vs. MON Canadiens    | Hurricanes      @56.0%
[2026-03-23 13:05:50]     [DONE] T2: Coin flip        | OTT Senators vs. DET Red Wings      | Red Wings       @49.0%
[2026-03-23 13:05:50]     [DONE] T2: Coin flip        | MIN Wild vs. TB Lightning           | Wild            @42.0%
[2026-03-23 13:05:50]     [DONE] T2: Coin flip        | VEG Golden Knights vs. WPG Jets     | Jets            @53.0%
[2026-03-23 13:05:50]     [DONE] T2: Coin flip        | SJ Sharks vs. NAS Predators         | Predators       @46.0%
[2026-03-23 13:05:50]     [DONE] T2: Coin flip        | WAS Capitals vs. STL Blues          | Capitals        @53.0%
[2026-03-23 13:05:50]     [DONE] T2: Coin flip        | LA Kings vs. CGY Flames             | Flames          @59.0%
[2026-03-23 13:05:50]     [DONE] T2: Coin flip        | EDM Oilers vs. UTA Mammoth          | Mammoth         @46.0%
[2026-03-23 13:05:50]   Scanning MLB...
[2026-03-23 13:05:50]     Found 50 events
[2026-03-23 13:05:50]     [SIGNAL] T2: Coin flip        | New York Yankees vs. Chicago Cubs   | Chicago Cubs    @52.0%
[2026-03-23 13:05:50]     [DONE] T2: Coin flip        | Kansas City Royals vs. Texas Ranger | Texas Rangers   @47.0%
[2026-03-23 13:05:50]     [DONE] T2: Coin flip        | Chicago White Sox vs. Athletics     | Athletics       @47.0%
[2026-03-23 13:05:50]     [DONE] T2: Coin flip        | Seattle Mariners vs. San Diego Padr | San Diego Padres @57.0%
[2026-03-23 13:05:50]     [SIGNAL] T2: Coin flip        | Cleveland Guardians vs. Seattle Mar | Seattle Mariners @44.0%
[2026-03-23 13:05:50]     [DONE] T2: Coin flip        | Cleveland Guardians vs. Arizona Dia | Arizona Diamondbacks @47.0%
[2026-03-23 13:05:50]     [DONE] T2: Coin flip        | Atlanta Braves vs. Pittsburgh Pirat | Pittsburgh Pirates @58.0%
[2026-03-23 13:05:50]     [SIGNAL] T1: B fav 75-90%     | Tampa Bay Rays vs. Atlanta Braves   | Atlanta Braves  @79.0%
[2026-03-23 13:05:50]     [SIGNAL] T2: Coin flip        | Los Angeles Angels vs. Los Angeles  | Los Angeles Dodgers @40.0%
[2026-03-23 13:05:50]     [SIGNAL] T2: Coin flip        | Cincinnati Reds vs. Milwaukee Brewe | Milwaukee Brewers @55.0%
[2026-03-23 13:05:50]     [SIGNAL] T2: Coin flip        | Chicago White Sox vs. Milwaukee Bre | Milwaukee Brewers @54.0%
[2026-03-23 13:05:50]     [DONE] T2: Coin flip        | Tampa Bay Rays vs. Philadelphia Phi | Tampa Bay Rays  @42.0%
[2026-03-23 13:05:50]     [DONE] T2: Coin flip        | Tampa Bay Rays vs. St. Louis Cardin | St. Louis Cardinals @56.0%
[2026-03-23 13:05:50]     [SIGNAL] T2: Coin flip        | Texas Rangers vs. Philadelphia Phil | Philadelphia Phillies @50.0%
[2026-03-23 13:05:50]     [SIGNAL] T2: Coin flip        | Los Angeles Angels vs. Houston Astr | Houston Astros  @43.0%
[2026-03-23 13:05:50]     [DONE] T2: Coin flip        | New York Yankees vs. Chicago Cubs   | Chicago Cubs    @47.0%
[2026-03-23 13:05:50]     [DONE] T2: Coin flip        | Cincinnati Reds vs. Milwaukee Brewe | Milwaukee Brewers @47.0%
[2026-03-23 13:05:50]     [DONE] T2: Coin flip        | Minnesota Twins vs. Boston Red Sox  | Boston Red Sox  @40.0%
[2026-03-23 13:05:50]     [DONE] T2: Coin flip        | Pittsburgh Pirates vs. New York Met | New York Mets   @52.0%
[2026-03-23 13:05:50]   Scanning ATP...
[2026-03-23 13:05:50]     Found 7 events
[2026-03-23 13:05:50]     [DONE] T2: Coin flip        | Quentin Halys vs. Kamil Majchrzak   | Kamil Majchrzak @47.0%
[2026-03-23 13:05:50]   Scanning WTA...
[2026-03-23 13:05:51]     Found 6 events
[2026-03-23 13:05:51]     [DONE] T2: Coin flip        | Mirra Andreeva vs. Victoria Mboko   | Victoria Mboko  @53.0%
[2026-03-23 13:05:51]     [DONE] T2: Coin flip        | Hailey Baptiste vs. Jelena Ostapenk | Jelena Ostapenko @50.0%
[2026-03-23 13:05:51]     [SIGNAL] T1: B fav 75-90%     | Elena Rybakina vs. Talia Gibson     | Talia Gibson    @89.0%
[2026-03-23 13:05:51] 
[2026-03-23 13:05:51]   Total qualifying markets: 35
[2026-03-23 13:05:51]     T1: B fav 75-90%: 2
[2026-03-23 13:05:51]     T2: Coin flip: 33
[2026-03-23 13:05:51]   New (not yet bet): 9
[2026-03-23 13:05:51] 
[2026-03-23 13:05:51]   PLACING BETS:
[2026-03-23 13:05:51]   -----------------------------------------------------------------
[2026-03-23 13:05:51]     SKIP Chicago Cubs — price moved out of tier range
[2026-03-23 13:05:51]     SKIP Seattle Mariners — price moved out of tier range
[2026-03-23 13:05:51]     SKIP Atlanta Braves — price moved out of tier range
[2026-03-23 13:05:51]     SKIP Los Angeles Dodgers — price moved out of tier range
[2026-03-23 13:05:51]     SKIP Milwaukee Brewers — price moved out of tier range
[2026-03-23 13:05:51]     SKIP Milwaukee Brewers — price moved out of tier range
[2026-03-23 13:05:51]     SKIP Philadelphia Phillies — price moved out of tier range
[2026-03-23 13:05:52]     SKIP Houston Astros — price moved out of tier range
[2026-03-23 13:05:52]     SKIP Talia Gibson — price moved out of tier range
[2026-03-23 13:05:52] 
  Updated Balance: $214.82 | Buying Power: $104.82
[2026-03-23 13:54:04] =================================================================
[2026-03-23 13:54:04]   POLYMARKET — HYBRID 5-TIER BOT
[2026-03-23 13:54:04]   Mode: LIVE | Sizing: 3% of bankroll
[2026-03-23 13:54:04]   Leagues: nba, cbb, epl, nhl, mlb, atp, wta
[2026-03-23 13:54:04]   Sizing: 3% (NBA/CBB/EPL) | 2% (NHL/MLB)
[2026-03-23 13:54:04]   Tiers: T1=B fav 75-90% | T2=Coin flip
[2026-03-23 13:54:04]          T3=CBB B dog 50-55% | T4=NBA 50/50
[2026-03-23 13:54:04]          T5=EPL Draw <35%
[2026-03-23 13:54:04] =================================================================
[2026-03-23 13:54:04] 
[2026-03-23 13:54:04] =================================================================
[2026-03-23 13:54:04]   SCANNING — HYBRID 5-TIER STRATEGY
[2026-03-23 13:54:04] =================================================================
[2026-03-23 13:54:04]   Balance: $214.82 | Buying Power: $104.82
[2026-03-23 13:54:04]   Bet size: $3.14 (3% proven) / $2.10 (2% new leagues)
[2026-03-23 13:54:04] 
[2026-03-23 13:54:04]   WARNING: Could not fetch positions: 404 Client Error: Not Found for url: https://api.polymarket.us/v1/positions?limit=200
[2026-03-23 13:54:04]   Scanning NBA...
[2026-03-23 13:54:04]     Found 14 events
[2026-03-23 13:54:04]     [DONE] T2: Coin flip        | Los Angeles L vs. Detroit           | Pistons         @55.0%
[2026-03-23 13:54:04]     [DONE] T2: Coin flip        | Golden State vs. Dallas             | Mavericks       @55.0%
[2026-03-23 13:54:04]   Scanning CBB...
[2026-03-23 13:54:04]     Found 2 events
[2026-03-23 13:54:04]   Scanning EPL...
[2026-03-23 13:54:04]     Found 0 events
[2026-03-23 13:54:04]   Scanning NHL...
[2026-03-23 13:54:04]     Found 18 events
[2026-03-23 13:54:04]     [DONE] T2: Coin flip        | SEA Kraken vs. FLA Panthers         | Kraken          @43.0%
[2026-03-23 13:54:04]     [DONE] T2: Coin flip        | CBJ Blue Jackets vs. PHI Flyers     | Flyers          @55.0%
[2026-03-23 13:54:04]     [DONE] T2: Coin flip        | CAR Hurricanes vs. MON Canadiens    | Hurricanes      @55.0%
[2026-03-23 13:54:04]     [DONE] T2: Coin flip        | OTT Senators vs. DET Red Wings      | Red Wings       @49.0%
[2026-03-23 13:54:04]     [DONE] T2: Coin flip        | MIN Wild vs. TB Lightning           | Wild            @42.0%
[2026-03-23 13:54:04]     [DONE] T2: Coin flip        | VEG Golden Knights vs. WPG Jets     | Jets            @53.0%
[2026-03-23 13:54:04]     [DONE] T2: Coin flip        | SJ Sharks vs. NAS Predators         | Predators       @46.0%
[2026-03-23 13:54:04]     [DONE] T2: Coin flip        | WAS Capitals vs. STL Blues          | Capitals        @53.0%
[2026-03-23 13:54:04]     [DONE] T2: Coin flip        | LA Kings vs. CGY Flames             | Flames          @59.0%
[2026-03-23 13:54:04]     [DONE] T2: Coin flip        | EDM Oilers vs. UTA Mammoth          | Mammoth         @46.0%
[2026-03-23 13:54:04]   Scanning MLB...
[2026-03-23 13:54:05]     Found 50 events
[2026-03-23 13:54:05]     [SIGNAL] T2: Coin flip        | New York Yankees vs. Chicago Cubs   | Chicago Cubs    @46.0%
[2026-03-23 13:54:05]     [DONE] T2: Coin flip        | New York Yankees vs. San Francisco  | San Francisco Giants @59.0%
[2026-03-23 13:54:05]     [SIGNAL] T2: Coin flip        | Baltimore Orioles vs. Washington Na | Washington Nationals @57.0%
[2026-03-23 13:54:05]     [SIGNAL] T2: Coin flip        | Minnesota Twins vs. Baltimore Oriol | Baltimore Orioles @45.0%
[2026-03-23 13:54:05]     [DONE] T2: Coin flip        | Kansas City Royals vs. Texas Ranger | Texas Rangers   @47.0%
[2026-03-23 13:54:05]     [DONE] T2: Coin flip        | Chicago White Sox vs. Athletics     | Athletics       @47.0%
[2026-03-23 13:54:05]     [SIGNAL] T2: Coin flip        | Detroit Tigers vs. Colorado Rockies | Colorado Rockies @54.0%
[2026-03-23 13:54:05]     [DONE] T2: Coin flip        | Seattle Mariners vs. San Diego Padr | San Diego Padres @57.0%
[2026-03-23 13:54:05]     [SIGNAL] T2: Coin flip        | Cleveland Guardians vs. Seattle Mar | Seattle Mariners @45.0%
[2026-03-23 13:54:05]     [DONE] T2: Coin flip        | Cleveland Guardians vs. Arizona Dia | Arizona Diamondbacks @47.0%
[2026-03-23 13:54:05]     [DONE] T2: Coin flip        | Atlanta Braves vs. Pittsburgh Pirat | Pittsburgh Pirates @56.0%
[2026-03-23 13:54:05]     [SIGNAL] T2: Coin flip        | Cleveland Guardians vs. Arizona Dia | Arizona Diamondbacks @57.0%
[2026-03-23 13:54:05]     [SIGNAL] T2: Coin flip        | Los Angeles Angels vs. Los Angeles  | Los Angeles Dodgers @45.0%
[2026-03-23 13:54:05]     [SIGNAL] T2: Coin flip        | Chicago White Sox vs. Milwaukee Bre | Milwaukee Brewers @40.0%
[2026-03-23 13:54:05]     [DONE] T2: Coin flip        | Tampa Bay Rays vs. Philadelphia Phi | Tampa Bay Rays  @41.0%
[2026-03-23 13:54:05]     [DONE] T2: Coin flip        | Tampa Bay Rays vs. St. Louis Cardin | St. Louis Cardinals @55.0%
[2026-03-23 13:54:05]     [SIGNAL] T2: Coin flip        | Texas Rangers vs. Philadelphia Phil | Philadelphia Phillies @43.0%
[2026-03-23 13:54:05]     [SIGNAL] T2: Coin flip        | Los Angeles Angels vs. Houston Astr | Houston Astros  @43.0%
[2026-03-23 13:54:05]     [DONE] T2: Coin flip        | New York Yankees vs. Chicago Cubs   | Chicago Cubs    @48.0%
[2026-03-23 13:54:05]     [DONE] T2: Coin flip        | Cincinnati Reds vs. Milwaukee Brewe | Milwaukee Brewers @47.0%
[2026-03-23 13:54:05]     [DONE] T2: Coin flip        | Minnesota Twins vs. Boston Red Sox  | Boston Red Sox  @40.0%
[2026-03-23 13:54:05]     [DONE] T2: Coin flip        | Pittsburgh Pirates vs. New York Met | New York Mets   @52.0%
[2026-03-23 13:54:05]   Scanning ATP...
[2026-03-23 13:54:05]     Found 7 events
[2026-03-23 13:54:05]     [DONE] T2: Coin flip        | Quentin Halys vs. Kamil Majchrzak   | Kamil Majchrzak @47.0%
[2026-03-23 13:54:05]   Scanning WTA...
[2026-03-23 13:54:05]     Found 6 events
[2026-03-23 13:54:05]     [DONE] T2: Coin flip        | Mirra Andreeva vs. Victoria Mboko   | Victoria Mboko  @52.0%
[2026-03-23 13:54:05]     [DONE] T2: Coin flip        | Hailey Baptiste vs. Jelena Ostapenk | Jelena Ostapenko @49.0%
[2026-03-23 13:54:05] 
[2026-03-23 13:54:05]   Total qualifying markets: 37
[2026-03-23 13:54:05]     T2: Coin flip: 37
[2026-03-23 13:54:05]   New (not yet bet): 10
[2026-03-23 13:54:05] 
[2026-03-23 13:54:05]   PLACING BETS:
[2026-03-23 13:54:05]   -----------------------------------------------------------------
[2026-03-23 13:54:05]     SKIP Chicago Cubs — price moved out of tier range
[2026-03-23 13:54:05]     [T2: Coin flip] Betting $2.10 (2%) on Washington Nationals @ 57.0% | MLB Baltimore Orioles vs. Washingt
[2026-03-23 13:54:05]     Previewing order: 3 shares @ $0.57 = $2.10 (NO)
[2026-03-23 13:54:05]     Preview OK: {"order": {"id": "", "marketSlug": "aec-mlb-bal-wsh-2026-03-23", "side": "ORDER_SIDE_SELL", "type": "ORDER_TYPE_LIMIT", "price": {"value": "0.43", "currency": "USD"}, "quantity": 3, "cumQuantity": 0, 
[2026-03-23 13:54:05]     Order result: {"id": "8Z335YMG6J5H", "executions": []}
[2026-03-23 13:54:05]     BET PLACED on Washington Nationals
[2026-03-23 13:54:06]     SKIP Baltimore Orioles — price moved out of tier range
[2026-03-23 13:54:06]     [T2: Coin flip] Betting $2.10 (2%) on Colorado Rockies @ 48.0% | MLB Detroit Tigers vs. Colorado Ro
[2026-03-23 13:54:06]     Previewing order: 4 shares @ $0.48 = $2.10 (NO)
[2026-03-23 13:54:06]     Preview OK: {"order": {"id": "", "marketSlug": "aec-mlb-det-col-2026-03-23", "side": "ORDER_SIDE_SELL", "type": "ORDER_TYPE_LIMIT", "price": {"value": "0.52", "currency": "USD"}, "quantity": 4, "cumQuantity": 0, 
[2026-03-23 13:54:06]     Order result: {"id": "8Z335TSG0GMH", "executions": []}
[2026-03-23 13:54:06]     BET PLACED on Colorado Rockies
[2026-03-23 13:54:06]     SKIP Seattle Mariners — price moved out of tier range
[2026-03-23 13:54:06]     SKIP Arizona Diamondbacks — price moved out of tier range
[2026-03-23 13:54:07]     [T2: Coin flip] Betting $2.10 (2%) on Los Angeles Dodgers @ 45.0% | MLB Los Angeles Angels vs. Los Ang
[2026-03-23 13:54:07]     Previewing order: 4 shares @ $0.45 = $2.10 (NO)
[2026-03-23 13:54:07]     Preview OK: {"order": {"id": "", "marketSlug": "aec-mlb-laa-lad-2026-03-23", "side": "ORDER_SIDE_SELL", "type": "ORDER_TYPE_LIMIT", "price": {"value": "0.55", "currency": "USD"}, "quantity": 4, "cumQuantity": 0, 
[2026-03-23 13:54:07]     Order result: {"id": "8Z335YXG0GMH", "executions": []}
[2026-03-23 13:54:07]     BET PLACED on Los Angeles Dodgers
[2026-03-23 13:54:07]     SKIP Milwaukee Brewers — price moved out of tier range
[2026-03-23 13:54:07]     SKIP Philadelphia Phillies — price moved out of tier range
[2026-03-23 13:54:07]     SKIP Houston Astros — price moved out of tier range
[2026-03-23 13:54:07] 
  Updated Balance: $218.51 | Buying Power: $101.51
[2026-03-23 14:54:23] =================================================================
[2026-03-23 14:54:23]   POLYMARKET — HYBRID 5-TIER BOT
[2026-03-23 14:54:23]   Mode: LIVE | Sizing: 3% of bankroll
[2026-03-23 14:54:23]   Leagues: nba, cbb, epl, nhl, mlb, atp, wta
[2026-03-23 14:54:23]   Sizing: 3% (NBA/CBB/EPL) | 2% (NHL/MLB)
[2026-03-23 14:54:23]   Tiers: T1=B fav 75-90% | T2=Coin flip
[2026-03-23 14:54:23]          T3=CBB B dog 50-55% | T4=NBA 50/50
[2026-03-23 14:54:23]          T5=EPL Draw <35%
[2026-03-23 14:54:23] =================================================================
[2026-03-23 14:54:23] 
[2026-03-23 14:54:23] =================================================================
[2026-03-23 14:54:23]   SCANNING — HYBRID 5-TIER STRATEGY
[2026-03-23 14:54:23] =================================================================
[2026-03-23 14:54:23]   Balance: $218.51 | Buying Power: $101.51
[2026-03-23 14:54:23]   Bet size: $3.05 (3% proven) / $2.03 (2% new leagues)
[2026-03-23 14:54:23] 
[2026-03-23 14:54:24]   WARNING: Could not fetch positions: 404 Client Error: Not Found for url: https://api.polymarket.us/v1/positions?limit=200
[2026-03-23 14:54:24]   Scanning NBA...
[2026-03-23 14:54:24]     Found 14 events
[2026-03-23 14:54:24]     [DONE] T2: Coin flip        | Los Angeles L vs. Detroit           | Pistons         @54.0%
[2026-03-23 14:54:24]     [DONE] T2: Coin flip        | Golden State vs. Dallas             | Mavericks       @55.0%
[2026-03-23 14:54:24]   Scanning CBB...
[2026-03-23 14:54:24]     Found 2 events
[2026-03-23 14:54:24]   Scanning EPL...
[2026-03-23 14:54:24]     Found 0 events
[2026-03-23 14:54:24]   Scanning NHL...
[2026-03-23 14:54:24]     Found 18 events
[2026-03-23 14:54:24]     [DONE] T2: Coin flip        | SEA Kraken vs. FLA Panthers         | Kraken          @43.0%
[2026-03-23 14:54:24]     [DONE] T2: Coin flip        | CBJ Blue Jackets vs. PHI Flyers     | Flyers          @55.0%
[2026-03-23 14:54:24]     [DONE] T2: Coin flip        | CAR Hurricanes vs. MON Canadiens    | Hurricanes      @55.0%
[2026-03-23 14:54:24]     [DONE] T2: Coin flip        | OTT Senators vs. DET Red Wings      | Red Wings       @49.0%
[2026-03-23 14:54:24]     [DONE] T2: Coin flip        | MIN Wild vs. TB Lightning           | Wild            @42.0%
[2026-03-23 14:54:24]     [DONE] T2: Coin flip        | VEG Golden Knights vs. WPG Jets     | Jets            @53.0%
[2026-03-23 14:54:24]     [DONE] T2: Coin flip        | SJ Sharks vs. NAS Predators         | Predators       @46.0%
[2026-03-23 14:54:24]     [DONE] T2: Coin flip        | WAS Capitals vs. STL Blues          | Capitals        @53.0%
[2026-03-23 14:54:24]     [DONE] T2: Coin flip        | LA Kings vs. CGY Flames             | Flames          @58.0%
[2026-03-23 14:54:24]     [DONE] T2: Coin flip        | EDM Oilers vs. UTA Mammoth          | Mammoth         @46.0%
[2026-03-23 14:54:24]   Scanning MLB...
[2026-03-23 14:54:25]     Found 50 events
[2026-03-23 14:54:25]     [SIGNAL] T2: Coin flip        | New York Yankees vs. Chicago Cubs   | Chicago Cubs    @48.0%
[2026-03-23 14:54:25]     [DONE] T2: Coin flip        | New York Yankees vs. San Francisco  | San Francisco Giants @53.0%
[2026-03-23 14:54:25]     [DONE] T2: Coin flip        | Baltimore Orioles vs. Washington Na | Washington Nationals @59.0%
[2026-03-23 14:54:25]     [SIGNAL] T2: Coin flip        | Minnesota Twins vs. Baltimore Oriol | Baltimore Orioles @49.0%
[2026-03-23 14:54:25]     [DONE] T2: Coin flip        | Kansas City Royals vs. Texas Ranger | Texas Rangers   @48.0%
[2026-03-23 14:54:25]     [DONE] T2: Coin flip        | Chicago White Sox vs. Athletics     | Athletics       @47.0%
[2026-03-23 14:54:25]     [DONE] T2: Coin flip        | Detroit Tigers vs. Colorado Rockies | Colorado Rockies @53.0%
[2026-03-23 14:54:25]     [DONE] T2: Coin flip        | Seattle Mariners vs. San Diego Padr | San Diego Padres @57.0%
[2026-03-23 14:54:25]     [SIGNAL] T2: Coin flip        | Cleveland Guardians vs. Seattle Mar | Seattle Mariners @44.0%
[2026-03-23 14:54:25]     [DONE] T2: Coin flip        | Cleveland Guardians vs. Arizona Dia | Arizona Diamondbacks @47.0%
[2026-03-23 14:54:25]     [DONE] T2: Coin flip        | Atlanta Braves vs. Pittsburgh Pirat | Pittsburgh Pirates @58.0%
[2026-03-23 14:54:25]     [SIGNAL] T2: Coin flip        | Tampa Bay Rays vs. Atlanta Braves   | Atlanta Braves  @57.0%
[2026-03-23 14:54:25]     [SIGNAL] T2: Coin flip        | Los Angeles Angels vs. Los Angeles  | Los Angeles Dodgers @44.0%
[2026-03-23 14:54:25]     [SIGNAL] T2: Coin flip        | Cleveland Guardians vs. Arizona Dia | Arizona Diamondbacks @54.0%
[2026-03-23 14:54:25]     [DONE] T2: Coin flip        | Los Angeles Angels vs. Los Angeles  | Los Angeles Dodgers @45.0%
[2026-03-23 14:54:25]     [SIGNAL] T2: Coin flip        | Cincinnati Reds vs. Milwaukee Brewe | Milwaukee Brewers @55.0%
[2026-03-23 14:54:25]     [SIGNAL] T2: Coin flip        | Chicago White Sox vs. Milwaukee Bre | Milwaukee Brewers @40.0%
[2026-03-23 14:54:25]     [SIGNAL] T2: Coin flip        | Kansas City Royals vs. Texas Ranger | Texas Rangers   @57.0%
[2026-03-23 14:54:25]     [DONE] T2: Coin flip        | Tampa Bay Rays vs. St. Louis Cardin | St. Louis Cardinals @54.0%
[2026-03-23 14:54:25]     [SIGNAL] T2: Coin flip        | Texas Rangers vs. Philadelphia Phil | Philadelphia Phillies @43.0%
[2026-03-23 14:54:25]     [SIGNAL] T2: Coin flip        | Los Angeles Angels vs. Houston Astr | Houston Astros  @41.0%
[2026-03-23 14:54:25]     [DONE] T2: Coin flip        | New York Yankees vs. Chicago Cubs   | Chicago Cubs    @48.0%
[2026-03-23 14:54:25]     [DONE] T2: Coin flip        | Cincinnati Reds vs. Milwaukee Brewe | Milwaukee Brewers @47.0%
[2026-03-23 14:54:25]     [DONE] T2: Coin flip        | Pittsburgh Pirates vs. New York Met | New York Mets   @52.0%
[2026-03-23 14:54:25]   Scanning ATP...
[2026-03-23 14:54:25]     Found 7 events
[2026-03-23 14:54:25]     [DONE] T2: Coin flip        | Quentin Halys vs. Kamil Majchrzak   | Kamil Majchrzak @46.0%
[2026-03-23 14:54:25]   Scanning WTA...
[2026-03-23 14:54:25]     Found 6 events
[2026-03-23 14:54:25]     [DONE] T2: Coin flip        | Mirra Andreeva vs. Victoria Mboko   | Victoria Mboko  @51.0%
[2026-03-23 14:54:25]     [DONE] T2: Coin flip        | Hailey Baptiste vs. Jelena Ostapenk | Jelena Ostapenko @51.0%
[2026-03-23 14:54:25] 
[2026-03-23 14:54:25]   Total qualifying markets: 39
[2026-03-23 14:54:25]     T2: Coin flip: 39
[2026-03-23 14:54:25]   New (not yet bet): 11
[2026-03-23 14:54:25] 
[2026-03-23 14:54:25]   PLACING BETS:
[2026-03-23 14:54:25]   -----------------------------------------------------------------
[2026-03-23 14:54:25]     SKIP Chicago Cubs — price moved out of tier range
[2026-03-23 14:54:25]     SKIP Baltimore Orioles — price moved out of tier range
[2026-03-23 14:54:25]     SKIP Seattle Mariners — price moved out of tier range
[2026-03-23 14:54:25]     [T2: Coin flip] Betting $2.03 (2%) on Atlanta Braves @ 57.0% | MLB Tampa Bay Rays vs. Atlanta Bra
[2026-03-23 14:54:25]     Previewing order: 3 shares @ $0.57 = $2.03 (NO)
[2026-03-23 14:54:25]     Preview OK: {"order": {"id": "", "marketSlug": "aec-mlb-tb-atl-2026-03-24", "side": "ORDER_SIDE_SELL", "type": "ORDER_TYPE_LIMIT", "price": {"value": "0.43", "currency": "USD"}, "quantity": 3, "cumQuantity": 0, "
[2026-03-23 14:54:25]     Order result: {"id": "8Z3BJYG02JXH", "executions": []}
[2026-03-23 14:54:25]     BET PLACED on Atlanta Braves
[2026-03-23 14:54:26]     SKIP Los Angeles Dodgers — price moved out of tier range
[2026-03-23 14:54:26]     SKIP Arizona Diamondbacks — price moved out of tier range
[2026-03-23 14:54:26]     SKIP Milwaukee Brewers — price moved out of tier range
[2026-03-23 14:54:26]     SKIP Milwaukee Brewers — price moved out of tier range
[2026-03-23 14:54:26]     SKIP Texas Rangers — price moved out of tier range
[2026-03-23 14:54:26]     [T2: Coin flip] Betting $2.03 (2%) on Philadelphia Phillies @ 59.0% | MLB Texas Rangers vs. Philadelphia
[2026-03-23 14:54:26]     Previewing order: 3 shares @ $0.59 = $2.03 (NO)
[2026-03-23 14:54:26]     Preview OK: {"order": {"id": "", "marketSlug": "aec-mlb-tex-phi-2026-03-26", "side": "ORDER_SIDE_SELL", "type": "ORDER_TYPE_LIMIT", "price": {"value": "0.41", "currency": "USD"}, "quantity": 3, "cumQuantity": 0, 
[2026-03-23 14:54:27]     Order result: {"id": "8Z3BG67G4JG1", "executions": []}
[2026-03-23 14:54:27]     BET PLACED on Philadelphia Phillies
[2026-03-23 14:54:27]     SKIP Houston Astros — price moved out of tier range
[2026-03-23 14:54:27] 
  Updated Balance: $221.01 | Buying Power: $98.01
[2026-03-23 15:35:01] =================================================================
[2026-03-23 15:35:01]   POLYMARKET — HYBRID 5-TIER BOT
[2026-03-23 15:35:01]   Mode: LIVE | Sizing: 3% of bankroll
[2026-03-23 15:35:01]   Leagues: nba, cbb, epl, nhl, mlb, atp, wta
[2026-03-23 15:35:01]   Sizing: 3% (NBA/CBB/EPL) | 2% (NHL/MLB)
[2026-03-23 15:35:01]   Tiers: T1=B fav 75-90% | T2=Coin flip
[2026-03-23 15:35:01]          T3=CBB B dog 50-55% | T4=NBA 50/50
[2026-03-23 15:35:01]          T5=EPL Draw <35%
[2026-03-23 15:35:01] =================================================================
[2026-03-23 15:35:01] 
[2026-03-23 15:35:01] =================================================================
[2026-03-23 15:35:01]   SCANNING — HYBRID 5-TIER STRATEGY
[2026-03-23 15:35:01] =================================================================
[2026-03-23 15:35:01]   Balance: $221.01 | Buying Power: $98.01
[2026-03-23 15:35:01]   Bet size: $2.94 (3% proven) / $1.96 (2% new leagues)
[2026-03-23 15:35:01] 
[2026-03-23 15:35:01]   WARNING: Could not fetch positions: 404 Client Error: Not Found for url: https://api.polymarket.us/v1/positions?limit=200
[2026-03-23 15:35:01]   Scanning NBA...
[2026-03-23 15:35:02]     Found 14 events
[2026-03-23 15:35:02]     [DONE] T2: Coin flip        | Los Angeles L vs. Detroit           | Pistons         @54.0%
[2026-03-23 15:35:02]     [DONE] T2: Coin flip        | Golden State vs. Dallas             | Mavericks       @55.0%
[2026-03-23 15:35:02]   Scanning CBB...
[2026-03-23 15:35:02]     Found 2 events
[2026-03-23 15:35:02]   Scanning EPL...
[2026-03-23 15:35:02]     Found 0 events
[2026-03-23 15:35:02]   Scanning NHL...
[2026-03-23 15:35:03]     Found 18 events
[2026-03-23 15:35:03]     [DONE] T2: Coin flip        | SEA Kraken vs. FLA Panthers         | Kraken          @43.0%
[2026-03-23 15:35:03]     [DONE] T2: Coin flip        | CBJ Blue Jackets vs. PHI Flyers     | Flyers          @55.0%
[2026-03-23 15:35:03]     [DONE] T2: Coin flip        | CAR Hurricanes vs. MON Canadiens    | Hurricanes      @55.0%
[2026-03-23 15:35:03]     [DONE] T2: Coin flip        | OTT Senators vs. DET Red Wings      | Red Wings       @49.0%
[2026-03-23 15:35:03]     [DONE] T2: Coin flip        | MIN Wild vs. TB Lightning           | Wild            @42.0%
[2026-03-23 15:35:03]     [DONE] T2: Coin flip        | VEG Golden Knights vs. WPG Jets     | Jets            @53.0%
[2026-03-23 15:35:03]     [DONE] T2: Coin flip        | SJ Sharks vs. NAS Predators         | Predators       @45.0%
[2026-03-23 15:35:03]     [DONE] T2: Coin flip        | WAS Capitals vs. STL Blues          | Capitals        @53.0%
[2026-03-23 15:35:03]     [DONE] T2: Coin flip        | LA Kings vs. CGY Flames             | Flames          @57.0%
[2026-03-23 15:35:03]     [DONE] T2: Coin flip        | EDM Oilers vs. UTA Mammoth          | Mammoth         @46.0%
[2026-03-23 15:35:03]   Scanning MLB...
[2026-03-23 15:35:03]     Found 50 events
[2026-03-23 15:35:03]     [DONE] T2: Coin flip        | Baltimore Orioles vs. Washington Na | Washington Nationals @59.0%
[2026-03-23 15:35:03]     [DONE] T2: Coin flip        | Kansas City Royals vs. Texas Ranger | Texas Rangers   @48.0%
[2026-03-23 15:35:03]     [DONE] T2: Coin flip        | Chicago White Sox vs. Athletics     | Athletics       @47.0%
[2026-03-23 15:35:03]     [DONE] T2: Coin flip        | Detroit Tigers vs. Colorado Rockies | Colorado Rockies @56.0%
[2026-03-23 15:35:03]     [DONE] T2: Coin flip        | Seattle Mariners vs. San Diego Padr | San Diego Padres @58.0%
[2026-03-23 15:35:03]     [DONE] T2: Coin flip        | Cleveland Guardians vs. Arizona Dia | Arizona Diamondbacks @46.0%
[2026-03-23 15:35:03]     [DONE] T2: Coin flip        | Atlanta Braves vs. Pittsburgh Pirat | Pittsburgh Pirates @57.0%
[2026-03-23 15:35:03]     [DONE] T2: Coin flip        | Los Angeles Angels vs. Los Angeles  | Los Angeles Dodgers @45.0%
[2026-03-23 15:35:03]     [DONE] T2: Coin flip        | New York Yankees vs. Chicago Cubs   | Chicago Cubs    @47.0%
[2026-03-23 15:35:03]     [DONE] T2: Coin flip        | Cincinnati Reds vs. Milwaukee Brewe | Milwaukee Brewers @47.0%
[2026-03-23 15:35:03]     [DONE] T2: Coin flip        | Minnesota Twins vs. Boston Red Sox  | Boston Red Sox  @40.0%
[2026-03-23 15:35:03]   Scanning ATP...
[2026-03-23 15:35:03]     Found 7 events
[2026-03-23 15:35:03]     [DONE] T2: Coin flip        | Quentin Halys vs. Kamil Majchrzak   | Kamil Majchrzak @47.0%
[2026-03-23 15:35:03]     [SIGNAL] T2: Coin flip        | Alejandro Tabilo vs. Alex Michelsen | Alex Michelsen  @40.0%
[2026-03-23 15:35:03]     [SIGNAL] T1: B fav 75-90%     | Jiri Lehecka vs. Taylor Fritz       | Jiri Lehecka    @89.0%
[2026-03-23 15:35:03]   Scanning WTA...
[2026-03-23 15:35:03]     Found 6 events
[2026-03-23 15:35:03]     [DONE] T2: Coin flip        | Mirra Andreeva vs. Victoria Mboko   | Victoria Mboko  @51.0%
[2026-03-23 15:35:03]     [DONE] T2: Coin flip        | Hailey Baptiste vs. Jelena Ostapenk | Jelena Ostapenko @51.0%
[2026-03-23 15:35:04] 
[2026-03-23 15:35:04]   Total qualifying markets: 28
[2026-03-23 15:35:04]     T1: B fav 75-90%: 1
[2026-03-23 15:35:04]     T2: Coin flip: 27
[2026-03-23 15:35:04]   New (not yet bet): 2
[2026-03-23 15:35:04] 
[2026-03-23 15:35:04]   PLACING BETS:
[2026-03-23 15:35:04]   -----------------------------------------------------------------
[2026-03-23 15:35:04]     SKIP Alex Michelsen — price moved out of tier range
[2026-03-23 15:35:04]     SKIP Jiri Lehecka — price moved out of tier range
[2026-03-23 15:35:04] 
  Updated Balance: $221.01 | Buying Power: $98.01
[2026-03-23 15:59:18] =================================================================
[2026-03-23 15:59:18]   POLYMARKET — HYBRID 5-TIER BOT
[2026-03-23 15:59:18]   Mode: LIVE | Sizing: 3% of bankroll
[2026-03-23 15:59:18]   Leagues: nba, cbb, epl, nhl, mlb, atp, wta
[2026-03-23 15:59:18]   Sizing: 3% (NBA/CBB/EPL) | 2% (NHL/MLB)
[2026-03-23 15:59:18]   Tiers: T1=B fav 75-90% | T2=Coin flip
[2026-03-23 15:59:18]          T3=CBB B dog 50-55% | T4=NBA 50/50
[2026-03-23 15:59:18]          T5=EPL Draw <35%
[2026-03-23 15:59:18] =================================================================
[2026-03-23 15:59:18] 
[2026-03-23 15:59:18] =================================================================
[2026-03-23 15:59:18]   SCANNING — HYBRID 5-TIER STRATEGY
[2026-03-23 15:59:18] =================================================================
[2026-03-23 15:59:18]   Balance: $221.01 | Buying Power: $98.01
[2026-03-23 15:59:18]   Bet size: $2.94 (3% proven) / $1.96 (2% new leagues)
[2026-03-23 15:59:18] 
[2026-03-23 15:59:18]   WARNING: Could not fetch positions: 404 Client Error: Not Found for url: https://api.polymarket.us/v1/positions?limit=200
[2026-03-23 15:59:18]   Scanning NBA...
[2026-03-23 15:59:18]     Found 14 events
[2026-03-23 15:59:18]     [DONE] T2: Coin flip        | Los Angeles L vs. Detroit           | Pistons         @54.0%
[2026-03-23 15:59:18]     [DONE] T2: Coin flip        | Golden State vs. Dallas             | Mavericks       @55.0%
[2026-03-23 15:59:18]   Scanning CBB...
[2026-03-23 15:59:18]     Found 2 events
[2026-03-23 15:59:18]   Scanning EPL...
[2026-03-23 15:59:19]     Found 0 events
[2026-03-23 15:59:19]   Scanning NHL...
[2026-03-23 15:59:19]     Found 18 events
[2026-03-23 15:59:19]     [DONE] T2: Coin flip        | SEA Kraken vs. FLA Panthers         | Kraken          @43.0%
[2026-03-23 15:59:19]     [DONE] T2: Coin flip        | CBJ Blue Jackets vs. PHI Flyers     | Flyers          @55.0%
[2026-03-23 15:59:19]     [DONE] T2: Coin flip        | CAR Hurricanes vs. MON Canadiens    | Hurricanes      @55.0%
[2026-03-23 15:59:19]     [DONE] T2: Coin flip        | OTT Senators vs. DET Red Wings      | Red Wings       @49.0%
[2026-03-23 15:59:19]     [DONE] T2: Coin flip        | MIN Wild vs. TB Lightning           | Wild            @42.0%
[2026-03-23 15:59:19]     [DONE] T2: Coin flip        | VEG Golden Knights vs. WPG Jets     | Jets            @53.0%
[2026-03-23 15:59:19]     [DONE] T2: Coin flip        | SJ Sharks vs. NAS Predators         | Predators       @45.0%
[2026-03-23 15:59:19]     [DONE] T2: Coin flip        | WAS Capitals vs. STL Blues          | Capitals        @53.0%
[2026-03-23 15:59:19]     [DONE] T2: Coin flip        | LA Kings vs. CGY Flames             | Flames          @57.0%
[2026-03-23 15:59:19]     [DONE] T2: Coin flip        | EDM Oilers vs. UTA Mammoth          | Mammoth         @46.0%
[2026-03-23 15:59:19]     [SIGNAL] T2: Coin flip        | BOS Bruins vs. BUF Sabres           | Sabres          @40.0%
[2026-03-23 15:59:19]     [SIGNAL] T2: Coin flip        | NYR Rangers vs. TOR Maple Leafs     | Maple Leafs     @55.0%
[2026-03-23 15:59:19]   Scanning MLB...
[2026-03-23 15:59:19]     Found 50 events
[2026-03-23 15:59:19]     [SIGNAL] T2: Coin flip        | New York Yankees vs. Chicago Cubs   | Chicago Cubs    @47.0%
[2026-03-23 15:59:19]     [DONE] T2: Coin flip        | New York Yankees vs. San Francisco  | San Francisco Giants @56.0%
[2026-03-23 15:59:19]     [DONE] T2: Coin flip        | Baltimore Orioles vs. Washington Na | Washington Nationals @58.0%
[2026-03-23 15:59:19]     [SIGNAL] T2: Coin flip        | Minnesota Twins vs. Baltimore Oriol | Baltimore Orioles @49.0%
[2026-03-23 15:59:19]     [DONE] T2: Coin flip        | Kansas City Royals vs. Texas Ranger | Texas Rangers   @47.0%
[2026-03-23 15:59:19]     [DONE] T2: Coin flip        | Chicago White Sox vs. Athletics     | Athletics       @47.0%
[2026-03-23 15:59:19]     [DONE] T2: Coin flip        | Detroit Tigers vs. Colorado Rockies | Colorado Rockies @56.0%
[2026-03-23 15:59:19]     [DONE] T2: Coin flip        | Seattle Mariners vs. San Diego Padr | San Diego Padres @57.0%
[2026-03-23 15:59:19]     [SIGNAL] T2: Coin flip        | Cleveland Guardians vs. Seattle Mar | Seattle Mariners @44.0%
[2026-03-23 15:59:19]     [DONE] T2: Coin flip        | Cleveland Guardians vs. Arizona Dia | Arizona Diamondbacks @46.0%
[2026-03-23 15:59:19]     [DONE] T2: Coin flip        | Atlanta Braves vs. Pittsburgh Pirat | Pittsburgh Pirates @57.0%
[2026-03-23 15:59:19]     [DONE] T2: Coin flip        | Tampa Bay Rays vs. Atlanta Braves   | Atlanta Braves  @49.0%
[2026-03-23 15:59:19]     [DONE] T2: Coin flip        | Los Angeles Angels vs. Los Angeles  | Los Angeles Dodgers @43.0%
[2026-03-23 15:59:19]     [SIGNAL] T2: Coin flip        | Chicago White Sox vs. Milwaukee Bre | Milwaukee Brewers @41.0%
[2026-03-23 15:59:19]     [SIGNAL] T2: Coin flip        | Kansas City Royals vs. Texas Ranger | Texas Rangers   @58.0%
[2026-03-23 15:59:19]     [DONE] T2: Coin flip        | Tampa Bay Rays vs. St. Louis Cardin | St. Louis Cardinals @54.0%
[2026-03-23 15:59:19]     [DONE] T2: Coin flip        | Texas Rangers vs. Philadelphia Phil | Philadelphia Phillies @43.0%
[2026-03-23 15:59:19]     [SIGNAL] T2: Coin flip        | Los Angeles Angels vs. Houston Astr | Houston Astros  @43.0%
[2026-03-23 15:59:19]     [DONE] T2: Coin flip        | New York Yankees vs. Chicago Cubs   | Chicago Cubs    @47.0%
[2026-03-23 15:59:19]     [DONE] T2: Coin flip        | Cincinnati Reds vs. Milwaukee Brewe | Milwaukee Brewers @47.0%
[2026-03-23 15:59:19]     [DONE] T2: Coin flip        | Pittsburgh Pirates vs. New York Met | New York Mets   @52.0%
[2026-03-23 15:59:19]   Scanning ATP...
[2026-03-23 15:59:19]     Found 7 events
[2026-03-23 15:59:19]     [DONE] T2: Coin flip        | Quentin Halys vs. Kamil Majchrzak   | Kamil Majchrzak @47.0%
[2026-03-23 15:59:19]     [SIGNAL] T2: Coin flip        | Alejandro Tabilo vs. Alex Michelsen | Alex Michelsen  @40.0%
[2026-03-23 15:59:19]   Scanning WTA...
[2026-03-23 15:59:19]     Found 6 events
[2026-03-23 15:59:19]     [DONE] T2: Coin flip        | Mirra Andreeva vs. Victoria Mboko   | Victoria Mboko  @52.0%
[2026-03-23 15:59:19]     [DONE] T2: Coin flip        | Hailey Baptiste vs. Jelena Ostapenk | Jelena Ostapenko @52.0%
[2026-03-23 15:59:19] 
[2026-03-23 15:59:19]   Total qualifying markets: 39
[2026-03-23 15:59:19]     T2: Coin flip: 39
[2026-03-23 15:59:19]   New (not yet bet): 9
[2026-03-23 15:59:19] 
[2026-03-23 15:59:19]   PLACING BETS:
[2026-03-23 15:59:19]   -----------------------------------------------------------------
[2026-03-23 15:59:20]     SKIP Sabres — price moved out of tier range
[2026-03-23 15:59:20]     [T2: Coin flip] Betting $1.96 (2%) on Maple Leafs @ 53.0% | NHL NYR Rangers vs. TOR Maple Leaf
[2026-03-23 15:59:20]     Previewing order: 3 shares @ $0.53 = $1.96 (NO)
[2026-03-23 15:59:20]     Preview OK: {"order": {"id": "", "marketSlug": "aec-nhl-nyr-tor-2026-03-25", "side": "ORDER_SIDE_SELL", "type": "ORDER_TYPE_LIMIT", "price": {"value": "0.47", "currency": "USD"}, "quantity": 3, "cumQuantity": 0, 
[2026-03-23 15:59:20]     Order result: {"id": "8Z3E5R6G2G1H", "executions": []}
[2026-03-23 15:59:20]     BET PLACED on Maple Leafs
[2026-03-23 15:59:20]     SKIP Chicago Cubs — price moved out of tier range
[2026-03-23 15:59:20]     SKIP Baltimore Orioles — price moved out of tier range
[2026-03-23 15:59:20]     SKIP Seattle Mariners — price moved out of tier range
[2026-03-23 15:59:21]     SKIP Milwaukee Brewers — price moved out of tier range
[2026-03-23 15:59:21]     SKIP Texas Rangers — price moved out of tier range
[2026-03-23 15:59:21]     SKIP Houston Astros — price moved out of tier range
[2026-03-23 15:59:21]     SKIP Alex Michelsen — price moved out of tier range
[2026-03-23 15:59:21] 
  Updated Balance: $222.42 | Buying Power: $96.42
[2026-03-23 17:03:46] =================================================================
[2026-03-23 17:03:46]   POLYMARKET — HYBRID 5-TIER BOT
[2026-03-23 17:03:46]   Mode: LIVE | Sizing: 3% of bankroll
[2026-03-23 17:03:46]   Leagues: nba, cbb, epl, nhl, mlb, atp, wta
[2026-03-23 17:03:46]   Sizing: 3% (NBA/CBB/EPL) | 2% (NHL/MLB)
[2026-03-23 17:03:46]   Tiers: T1=B fav 75-90% | T2=Coin flip
[2026-03-23 17:03:46]          T3=CBB B dog 50-55% | T4=NBA 50/50
[2026-03-23 17:03:46]          T5=EPL Draw <35%
[2026-03-23 17:03:46] =================================================================
[2026-03-23 17:03:46] 
[2026-03-23 17:03:46] =================================================================
[2026-03-23 17:03:46]   SCANNING — HYBRID 5-TIER STRATEGY
[2026-03-23 17:03:46] =================================================================
[2026-03-23 17:03:47]   Balance: $222.42 | Buying Power: $96.42
[2026-03-23 17:03:47]   Bet size: $2.89 (3% proven) / $1.93 (2% new leagues)
[2026-03-23 17:03:47] 
[2026-03-23 17:03:47]   WARNING: Could not fetch positions: 404 Client Error: Not Found for url: https://api.polymarket.us/v1/positions?limit=200
[2026-03-23 17:03:47]   Scanning NBA...
[2026-03-23 17:03:47]     Found 14 events
[2026-03-23 17:03:47]     [DONE] T2: Coin flip        | Los Angeles L vs. Detroit           | Pistons         @54.0%
[2026-03-23 17:03:47]     [DONE] T2: Coin flip        | Golden State vs. Dallas             | Mavericks       @55.0%
[2026-03-23 17:03:47]   Scanning CBB...
[2026-03-23 17:03:47]     Found 2 events
[2026-03-23 17:03:47]     [SIGNAL] T2: Coin flip        | Wichita State Shockers vs. Tulsa Go | Golden Hurricane @40.0%
[2026-03-23 17:03:47]   Scanning EPL...
[2026-03-23 17:03:47]     Found 0 events
[2026-03-23 17:03:47]   Scanning NHL...
[2026-03-23 17:03:47]     Found 18 events
[2026-03-23 17:03:47]     [DONE] T2: Coin flip        | SEA Kraken vs. FLA Panthers         | Kraken          @43.0%
[2026-03-23 17:03:47]     [DONE] T2: Coin flip        | CBJ Blue Jackets vs. PHI Flyers     | Flyers          @55.0%
[2026-03-23 17:03:47]     [DONE] T2: Coin flip        | CAR Hurricanes vs. MON Canadiens    | Hurricanes      @55.0%
[2026-03-23 17:03:47]     [DONE] T2: Coin flip        | OTT Senators vs. DET Red Wings      | Red Wings       @49.0%
[2026-03-23 17:03:47]     [DONE] T2: Coin flip        | MIN Wild vs. TB Lightning           | Wild            @42.0%
[2026-03-23 17:03:47]     [DONE] T2: Coin flip        | VEG Golden Knights vs. WPG Jets     | Jets            @53.0%
[2026-03-23 17:03:47]     [DONE] T2: Coin flip        | SJ Sharks vs. NAS Predators         | Predators       @45.0%
[2026-03-23 17:03:47]     [DONE] T2: Coin flip        | WAS Capitals vs. STL Blues          | Capitals        @53.0%
[2026-03-23 17:03:47]     [DONE] T2: Coin flip        | LA Kings vs. CGY Flames             | Flames          @56.0%
[2026-03-23 17:03:47]     [DONE] T2: Coin flip        | EDM Oilers vs. UTA Mammoth          | Mammoth         @46.0%
[2026-03-23 17:03:47]     [SIGNAL] T2: Coin flip        | BOS Bruins vs. BUF Sabres           | Sabres          @40.0%
[2026-03-23 17:03:47]     [DONE] T2: Coin flip        | NYR Rangers vs. TOR Maple Leafs     | Maple Leafs     @54.0%
[2026-03-23 17:03:47]   Scanning MLB...
[2026-03-23 17:03:47]     Found 50 events
[2026-03-23 17:03:47]     [SIGNAL] T2: Coin flip        | New York Yankees vs. Chicago Cubs   | Chicago Cubs    @54.0%
[2026-03-23 17:03:47]     [DONE] T2: Coin flip        | New York Yankees vs. San Francisco  | San Francisco Giants @54.0%
[2026-03-23 17:03:47]     [DONE] T2: Coin flip        | Baltimore Orioles vs. Washington Na | Washington Nationals @58.0%
[2026-03-23 17:03:47]     [SIGNAL] T2: Coin flip        | Minnesota Twins vs. Baltimore Oriol | Baltimore Orioles @47.0%
[2026-03-23 17:03:47]     [DONE] T2: Coin flip        | Kansas City Royals vs. Texas Ranger | Texas Rangers   @47.0%
[2026-03-23 17:03:47]     [DONE] T2: Coin flip        | Chicago White Sox vs. Athletics     | Athletics       @47.0%
[2026-03-23 17:03:47]     [DONE] T2: Coin flip        | Detroit Tigers vs. Colorado Rockies | Colorado Rockies @56.0%
[2026-03-23 17:03:47]     [DONE] T2: Coin flip        | Seattle Mariners vs. San Diego Padr | San Diego Padres @54.0%
[2026-03-23 17:03:47]     [SIGNAL] T2: Coin flip        | Cleveland Guardians vs. Seattle Mar | Seattle Mariners @44.0%
[2026-03-23 17:03:47]     [DONE] T2: Coin flip        | Cleveland Guardians vs. Arizona Dia | Arizona Diamondbacks @46.0%
[2026-03-23 17:03:47]     [DONE] T2: Coin flip        | Atlanta Braves vs. Pittsburgh Pirat | Pittsburgh Pirates @57.0%
[2026-03-23 17:03:47]     [DONE] T2: Coin flip        | Tampa Bay Rays vs. Atlanta Braves   | Atlanta Braves  @50.0%
[2026-03-23 17:03:47]     [DONE] T2: Coin flip        | Los Angeles Angels vs. Los Angeles  | Los Angeles Dodgers @42.0%
[2026-03-23 17:03:47]     [SIGNAL] T2: Coin flip        | Cincinnati Reds vs. Milwaukee Brewe | Milwaukee Brewers @56.0%
[2026-03-23 17:03:47]     [SIGNAL] T2: Coin flip        | Chicago White Sox vs. Milwaukee Bre | Milwaukee Brewers @40.0%
[2026-03-23 17:03:47]     [SIGNAL] T2: Coin flip        | Kansas City Royals vs. Texas Ranger | Texas Rangers   @58.0%
[2026-03-23 17:03:47]     [DONE] T2: Coin flip        | Tampa Bay Rays vs. St. Louis Cardin | St. Louis Cardinals @58.0%
[2026-03-23 17:03:47]     [DONE] T2: Coin flip        | Texas Rangers vs. Philadelphia Phil | Philadelphia Phillies @43.0%
[2026-03-23 17:03:47]     [SIGNAL] T2: Coin flip        | Los Angeles Angels vs. Houston Astr | Houston Astros  @42.0%
[2026-03-23 17:03:47]     [DONE] T2: Coin flip        | New York Yankees vs. Chicago Cubs   | Chicago Cubs    @47.0%
[2026-03-23 17:03:47]     [DONE] T2: Coin flip        | Cincinnati Reds vs. Milwaukee Brewe | Milwaukee Brewers @46.0%
[2026-03-23 17:03:47]     [DONE] T1: B fav 75-90%     | Boston Red Sox vs. Minnesota Twins  | Minnesota Twins @76.0%
[2026-03-23 17:03:47]     [DONE] T2: Coin flip        | Pittsburgh Pirates vs. New York Met | New York Mets   @52.0%
[2026-03-23 17:03:48]   Scanning ATP...
[2026-03-23 17:03:48]     Found 7 events
[2026-03-23 17:03:48]     [DONE] T2: Coin flip        | Quentin Halys vs. Kamil Majchrzak   | Kamil Majchrzak @47.0%
[2026-03-23 17:03:48]     [SIGNAL] T2: Coin flip        | Alejandro Tabilo vs. Alex Michelsen | Alex Michelsen  @40.0%
[2026-03-23 17:03:48]   Scanning WTA...
[2026-03-23 17:03:48]     Found 5 events
[2026-03-23 17:03:48]     [DONE] T2: Coin flip        | Hailey Baptiste vs. Jelena Ostapenk | Jelena Ostapenko @52.0%
[2026-03-23 17:03:48] 
[2026-03-23 17:03:48]   Total qualifying markets: 41
[2026-03-23 17:03:48]     T1: B fav 75-90%: 1
[2026-03-23 17:03:48]     T2: Coin flip: 40
[2026-03-23 17:03:48]   New (not yet bet): 10
[2026-03-23 17:03:48] 
[2026-03-23 17:03:48]   PLACING BETS:
[2026-03-23 17:03:48]   -----------------------------------------------------------------
[2026-03-23 17:03:48]     SKIP Golden Hurricane — price moved out of tier range
[2026-03-23 17:03:48]     SKIP Sabres — price moved out of tier range
[2026-03-23 17:03:48]     SKIP Chicago Cubs — price moved out of tier range
[2026-03-23 17:03:48]     SKIP Baltimore Orioles — price moved out of tier range
[2026-03-23 17:03:48]     SKIP Seattle Mariners — price moved out of tier range
[2026-03-23 17:03:48]     SKIP Milwaukee Brewers — price moved out of tier range
[2026-03-23 17:03:48]     SKIP Milwaukee Brewers — price moved out of tier range
[2026-03-23 17:03:48]     SKIP Texas Rangers — price moved out of tier range
[2026-03-23 17:03:49]     SKIP Houston Astros — price moved out of tier range
[2026-03-23 17:03:49]     SKIP Alex Michelsen — price moved out of tier range
[2026-03-23 17:03:49] 
  Updated Balance: $222.42 | Buying Power: $96.42
[2026-03-23 17:14:03] =================================================================
[2026-03-23 17:14:03]   POLYMARKET — HYBRID 5-TIER BOT
[2026-03-23 17:14:03]   Mode: LIVE | Sizing: 3% of bankroll
[2026-03-23 17:14:03]   Leagues: nba, cbb, epl, nhl, mlb, atp, wta
[2026-03-23 17:14:03]   Sizing: 3% (NBA/CBB/EPL) | 2% (NHL/MLB)
[2026-03-23 17:14:03]   Tiers: T1=B fav 75-90% | T2=Coin flip
[2026-03-23 17:14:03]          T3=CBB B dog 50-55% | T4=NBA 50/50
[2026-03-23 17:14:03]          T5=EPL Draw <35%
[2026-03-23 17:14:03] =================================================================
[2026-03-23 17:14:03] 
[2026-03-23 17:14:03] =================================================================
[2026-03-23 17:14:03]   SCANNING — HYBRID 5-TIER STRATEGY
[2026-03-23 17:14:03] =================================================================
[2026-03-23 17:14:03]   Balance: $222.42 | Buying Power: $96.42
[2026-03-23 17:14:03]   Bet size: $2.89 (3% proven) / $1.93 (2% new leagues)
[2026-03-23 17:14:03] 
[2026-03-23 17:14:03]   WARNING: Could not fetch positions: 404 Client Error: Not Found for url: https://api.polymarket.us/v1/positions?limit=200
[2026-03-23 17:14:03]   Scanning NBA...
[2026-03-23 17:14:03]     Found 14 events
[2026-03-23 17:14:03]     [DONE] T2: Coin flip        | Los Angeles L vs. Detroit           | Pistons         @53.0%
[2026-03-23 17:14:03]     [DONE] T2: Coin flip        | Golden State vs. Dallas             | Mavericks       @55.0%
[2026-03-23 17:14:04]   Scanning CBB...
[2026-03-23 17:14:04]     Found 2 events
[2026-03-23 17:14:04]     [SIGNAL] T2: Coin flip        | Wichita State Shockers vs. Tulsa Go | Golden Hurricane @40.0%
[2026-03-23 17:14:04]   Scanning EPL...
[2026-03-23 17:14:04]     Found 0 events
[2026-03-23 17:14:04]   Scanning NHL...
[2026-03-23 17:14:04]     Found 18 events
[2026-03-23 17:14:04]     [DONE] T2: Coin flip        | SEA Kraken vs. FLA Panthers         | Kraken          @43.0%
[2026-03-23 17:14:04]     [DONE] T2: Coin flip        | CBJ Blue Jackets vs. PHI Flyers     | Flyers          @55.0%
[2026-03-23 17:14:04]     [DONE] T2: Coin flip        | CAR Hurricanes vs. MON Canadiens    | Hurricanes      @55.0%
[2026-03-23 17:14:04]     [DONE] T2: Coin flip        | OTT Senators vs. DET Red Wings      | Red Wings       @49.0%
[2026-03-23 17:14:04]     [DONE] T2: Coin flip        | MIN Wild vs. TB Lightning           | Wild            @42.0%
[2026-03-23 17:14:04]     [DONE] T2: Coin flip        | VEG Golden Knights vs. WPG Jets     | Jets            @53.0%
[2026-03-23 17:14:04]     [DONE] T2: Coin flip        | SJ Sharks vs. NAS Predators         | Predators       @45.0%
[2026-03-23 17:14:04]     [DONE] T2: Coin flip        | WAS Capitals vs. STL Blues          | Capitals        @53.0%
[2026-03-23 17:14:04]     [DONE] T2: Coin flip        | LA Kings vs. CGY Flames             | Flames          @56.0%
[2026-03-23 17:14:04]     [DONE] T2: Coin flip        | EDM Oilers vs. UTA Mammoth          | Mammoth         @46.0%
[2026-03-23 17:14:04]     [SIGNAL] T2: Coin flip        | BOS Bruins vs. BUF Sabres           | Sabres          @40.0%
[2026-03-23 17:14:04]     [DONE] T2: Coin flip        | NYR Rangers vs. TOR Maple Leafs     | Maple Leafs     @54.0%
[2026-03-23 17:14:04]   Scanning MLB...
[2026-03-23 17:14:04]     Found 50 events
[2026-03-23 17:14:04]     [SIGNAL] T2: Coin flip        | New York Yankees vs. Chicago Cubs   | Chicago Cubs    @51.0%
[2026-03-23 17:14:04]     [DONE] T2: Coin flip        | New York Yankees vs. San Francisco  | San Francisco Giants @54.0%
[2026-03-23 17:14:04]     [SIGNAL] T2: Coin flip        | Minnesota Twins vs. Baltimore Oriol | Baltimore Orioles @47.0%
[2026-03-23 17:14:04]     [DONE] T2: Coin flip        | Kansas City Royals vs. Texas Ranger | Texas Rangers   @47.0%
[2026-03-23 17:14:04]     [DONE] T2: Coin flip        | Chicago White Sox vs. Athletics     | Athletics       @47.0%
[2026-03-23 17:14:04]     [DONE] T2: Coin flip        | Detroit Tigers vs. Colorado Rockies | Colorado Rockies @56.0%
[2026-03-23 17:14:04]     [DONE] T2: Coin flip        | Seattle Mariners vs. San Diego Padr | San Diego Padres @55.0%
[2026-03-23 17:14:04]     [SIGNAL] T2: Coin flip        | Cleveland Guardians vs. Seattle Mar | Seattle Mariners @44.0%
[2026-03-23 17:14:04]     [DONE] T2: Coin flip        | Cleveland Guardians vs. Arizona Dia | Arizona Diamondbacks @46.0%
[2026-03-23 17:14:04]     [DONE] T2: Coin flip        | Tampa Bay Rays vs. Atlanta Braves   | Atlanta Braves  @50.0%
[2026-03-23 17:14:04]     [DONE] T2: Coin flip        | Los Angeles Angels vs. Los Angeles  | Los Angeles Dodgers @43.0%
[2026-03-23 17:14:04]     [SIGNAL] T2: Coin flip        | Cincinnati Reds vs. Milwaukee Brewe | Milwaukee Brewers @56.0%
[2026-03-23 17:14:04]     [SIGNAL] T2: Coin flip        | Chicago White Sox vs. Milwaukee Bre | Milwaukee Brewers @40.0%
[2026-03-23 17:14:04]     [SIGNAL] T2: Coin flip        | Kansas City Royals vs. Texas Ranger | Texas Rangers   @58.0%
[2026-03-23 17:14:04]     [DONE] T2: Coin flip        | Tampa Bay Rays vs. St. Louis Cardin | St. Louis Cardinals @59.0%
[2026-03-23 17:14:04]     [DONE] T2: Coin flip        | Texas Rangers vs. Philadelphia Phil | Philadelphia Phillies @43.0%
[2026-03-23 17:14:04]     [SIGNAL] T2: Coin flip        | Los Angeles Angels vs. Houston Astr | Houston Astros  @42.0%
[2026-03-23 17:14:04]     [SIGNAL] T2: Coin flip        | Detroit Tigers vs. San Diego Padres | San Diego Padres @59.0%
[2026-03-23 17:14:04]     [DONE] T2: Coin flip        | New York Yankees vs. Chicago Cubs   | Chicago Cubs    @47.0%
[2026-03-23 17:14:04]     [DONE] T2: Coin flip        | Cincinnati Reds vs. Milwaukee Brewe | Milwaukee Brewers @46.0%
[2026-03-23 17:14:04]     [DONE] T2: Coin flip        | Pittsburgh Pirates vs. New York Met | New York Mets   @52.0%
[2026-03-23 17:14:04]   Scanning ATP...
[2026-03-23 17:14:04]     Found 7 events
[2026-03-23 17:14:04]     [DONE] T2: Coin flip        | Quentin Halys vs. Kamil Majchrzak   | Kamil Majchrzak @47.0%
[2026-03-23 17:14:04]     [SIGNAL] T2: Coin flip        | Alejandro Tabilo vs. Alex Michelsen | Alex Michelsen  @40.0%
[2026-03-23 17:14:04]   Scanning WTA...
[2026-03-23 17:14:04]     Found 5 events
[2026-03-23 17:14:04]     [DONE] T2: Coin flip        | Hailey Baptiste vs. Jelena Ostapenk | Jelena Ostapenko @52.0%
[2026-03-23 17:14:04] 
[2026-03-23 17:14:04]   Total qualifying markets: 39
[2026-03-23 17:14:04]     T2: Coin flip: 39
[2026-03-23 17:14:04]   New (not yet bet): 11
[2026-03-23 17:14:04] 
[2026-03-23 17:14:04]   PLACING BETS:
[2026-03-23 17:14:04]   -----------------------------------------------------------------
[2026-03-23 17:14:04]     SKIP Golden Hurricane — price moved out of tier range
[2026-03-23 17:14:05]     SKIP Sabres — price moved out of tier range
[2026-03-23 17:14:05]     SKIP Chicago Cubs — price moved out of tier range
[2026-03-23 17:14:05]     SKIP Baltimore Orioles — price moved out of tier range
[2026-03-23 17:14:05]     SKIP Seattle Mariners — price moved out of tier range
[2026-03-23 17:14:05]     [T2: Coin flip] Betting $1.93 (2%) on Milwaukee Brewers @ 56.0% | MLB Cincinnati Reds vs. Milwaukee 
[2026-03-23 17:14:05]     Previewing order: 3 shares @ $0.56 = $1.93 (NO)
[2026-03-23 17:14:05]     Preview OK: {"order": {"id": "", "marketSlug": "aec-mlb-cin-mil-2026-03-24", "side": "ORDER_SIDE_SELL", "type": "ORDER_TYPE_LIMIT", "price": {"value": "0.44", "currency": "USD"}, "quantity": 3, "cumQuantity": 0, 
[2026-03-23 17:14:05]     Order result: {"id": "8Z3NWKWG2JG1", "executions": []}
[2026-03-23 17:14:05]     BET PLACED on Milwaukee Brewers
[2026-03-23 17:14:05]     SKIP Milwaukee Brewers — price moved out of tier range
[2026-03-23 17:14:05]     SKIP Texas Rangers — price moved out of tier range
[2026-03-23 17:14:05]     SKIP Houston Astros — price moved out of tier range
[2026-03-23 17:14:05]     [T2: Coin flip] Betting $1.93 (2%) on San Diego Padres @ 59.0% | MLB Detroit Tigers vs. San Diego P
[2026-03-23 17:14:05]     Previewing order: 3 shares @ $0.59 = $1.93 (NO)
[2026-03-23 17:14:05]     Preview OK: {"order": {"id": "", "marketSlug": "aec-mlb-det-sd-2026-03-26", "side": "ORDER_SIDE_SELL", "type": "ORDER_TYPE_LIMIT", "price": {"value": "0.41", "currency": "USD"}, "quantity": 3, "cumQuantity": 0, "
[2026-03-23 17:14:06]     Order result: {"id": "8Z3P96E00H7H", "executions": []}
[2026-03-23 17:14:06]     BET PLACED on San Diego Padres
[2026-03-23 17:14:06]     SKIP Alex Michelsen — price moved out of tier range
[2026-03-23 17:14:06] 
  Updated Balance: $223.95 | Buying Power: $94.95
[2026-03-23 18:08:52] =================================================================
[2026-03-23 18:08:52]   POLYMARKET — HYBRID 5-TIER BOT
[2026-03-23 18:08:52]   Mode: LIVE | Sizing: 3% of bankroll
[2026-03-23 18:08:52]   Leagues: nba, cbb, epl, nhl, mlb, atp, wta
[2026-03-23 18:08:52]   Sizing: 3% (NBA/CBB/EPL) | 2% (NHL/MLB)
[2026-03-23 18:08:52]   Tiers: T1=B fav 75-90% | T2=Coin flip
[2026-03-23 18:08:52]          T3=CBB B dog 50-55% | T4=NBA 50/50
[2026-03-23 18:08:52]          T5=EPL Draw <35%
[2026-03-23 18:08:52] =================================================================
[2026-03-23 18:08:52] 
[2026-03-23 18:08:52] =================================================================
[2026-03-23 18:08:52]   SCANNING — HYBRID 5-TIER STRATEGY
[2026-03-23 18:08:52] =================================================================
[2026-03-23 18:08:52]   Balance: $223.95 | Buying Power: $94.95
[2026-03-23 18:08:52]   Bet size: $2.85 (3% proven) / $1.90 (2% new leagues)
[2026-03-23 18:08:52] 
[2026-03-23 18:08:52]   WARNING: Could not fetch positions: 404 Client Error: Not Found for url: https://api.polymarket.us/v1/positions?limit=200
[2026-03-23 18:08:52]   Scanning NBA...
[2026-03-23 18:08:53]     Found 14 events
[2026-03-23 18:08:53]     [DONE] T2: Coin flip        | Los Angeles L vs. Detroit           | Pistons         @53.0%
[2026-03-23 18:08:53]     [DONE] T2: Coin flip        | Golden State vs. Dallas             | Mavericks       @54.0%
[2026-03-23 18:08:53]   Scanning CBB...
[2026-03-23 18:08:53]     Found 2 events
[2026-03-23 18:08:53]   Scanning EPL...
[2026-03-23 18:08:53]     Found 0 events
[2026-03-23 18:08:53]   Scanning NHL...
[2026-03-23 18:08:53]     Found 18 events
[2026-03-23 18:08:53]     [DONE] T2: Coin flip        | SEA Kraken vs. FLA Panthers         | Kraken          @43.0%
[2026-03-23 18:08:53]     [DONE] T2: Coin flip        | CBJ Blue Jackets vs. PHI Flyers     | Flyers          @55.0%
[2026-03-23 18:08:53]     [DONE] T2: Coin flip        | CAR Hurricanes vs. MON Canadiens    | Hurricanes      @55.0%
[2026-03-23 18:08:53]     [DONE] T2: Coin flip        | OTT Senators vs. DET Red Wings      | Red Wings       @49.0%
[2026-03-23 18:08:53]     [DONE] T2: Coin flip        | MIN Wild vs. TB Lightning           | Wild            @41.0%
[2026-03-23 18:08:53]     [DONE] T2: Coin flip        | VEG Golden Knights vs. WPG Jets     | Jets            @53.0%
[2026-03-23 18:08:53]     [DONE] T2: Coin flip        | SJ Sharks vs. NAS Predators         | Predators       @45.0%
[2026-03-23 18:08:53]     [DONE] T2: Coin flip        | WAS Capitals vs. STL Blues          | Capitals        @53.0%
[2026-03-23 18:08:53]     [DONE] T2: Coin flip        | LA Kings vs. CGY Flames             | Flames          @56.0%
[2026-03-23 18:08:53]     [DONE] T2: Coin flip        | EDM Oilers vs. UTA Mammoth          | Mammoth         @46.0%
[2026-03-23 18:08:53]     [SIGNAL] T2: Coin flip        | BOS Bruins vs. BUF Sabres           | Sabres          @41.0%
[2026-03-23 18:08:53]     [DONE] T2: Coin flip        | NYR Rangers vs. TOR Maple Leafs     | Maple Leafs     @54.0%
[2026-03-23 18:08:53]   Scanning MLB...
[2026-03-23 18:08:54]     Found 50 events
[2026-03-23 18:08:54]     [SIGNAL] T2: Coin flip        | New York Yankees vs. Chicago Cubs   | Chicago Cubs    @50.0%
[2026-03-23 18:08:54]     [DONE] T2: Coin flip        | New York Yankees vs. San Francisco  | San Francisco Giants @54.0%
[2026-03-23 18:08:54]     [SIGNAL] T1: B fav 75-90%     | Detroit Tigers vs. Colorado Rockies | Colorado Rockies @82.0%
[2026-03-23 18:08:54]     [SIGNAL] T2: Coin flip        | Minnesota Twins vs. Baltimore Oriol | Baltimore Orioles @47.0%
[2026-03-23 18:08:54]     [DONE] T2: Coin flip        | Kansas City Royals vs. Texas Ranger | Texas Rangers   @47.0%
[2026-03-23 18:08:54]     [DONE] T2: Coin flip        | Detroit Tigers vs. Colorado Rockies | Colorado Rockies @56.0%
[2026-03-23 18:08:54]     [DONE] T2: Coin flip        | Seattle Mariners vs. San Diego Padr | San Diego Padres @55.0%
[2026-03-23 18:08:54]     [SIGNAL] T2: Coin flip        | Cleveland Guardians vs. Seattle Mar | Seattle Mariners @43.0%
[2026-03-23 18:08:54]     [DONE] T2: Coin flip        | Cleveland Guardians vs. Arizona Dia | Arizona Diamondbacks @46.0%
[2026-03-23 18:08:54]     [DONE] T2: Coin flip        | Tampa Bay Rays vs. Atlanta Braves   | Atlanta Braves  @50.0%
[2026-03-23 18:08:54]     [DONE] T2: Coin flip        | Los Angeles Angels vs. Los Angeles  | Los Angeles Dodgers @42.0%
[2026-03-23 18:08:54]     [SIGNAL] T2: Coin flip        | Chicago White Sox vs. Milwaukee Bre | Milwaukee Brewers @40.0%
[2026-03-23 18:08:54]     [DONE] T2: Coin flip        | Tampa Bay Rays vs. St. Louis Cardin | St. Louis Cardinals @58.0%
[2026-03-23 18:08:54]     [DONE] T2: Coin flip        | Texas Rangers vs. Philadelphia Phil | Philadelphia Phillies @43.0%
[2026-03-23 18:08:54]     [SIGNAL] T2: Coin flip        | Los Angeles Angels vs. Houston Astr | Houston Astros  @42.0%
[2026-03-23 18:08:54]     [DONE] T2: Coin flip        | New York Yankees vs. Chicago Cubs   | Chicago Cubs    @50.0%
[2026-03-23 18:08:54]     [DONE] T2: Coin flip        | Cincinnati Reds vs. Milwaukee Brewe | Milwaukee Brewers @46.0%
[2026-03-23 18:08:54]     [DONE] T2: Coin flip        | Pittsburgh Pirates vs. New York Met | New York Mets   @52.0%
[2026-03-23 18:08:54]   Scanning ATP...
[2026-03-23 18:08:54]     Found 7 events
[2026-03-23 18:08:54]     [DONE] T2: Coin flip        | Quentin Halys vs. Kamil Majchrzak   | Kamil Majchrzak @46.0%
[2026-03-23 18:08:54]     [SIGNAL] T2: Coin flip        | Alejandro Tabilo vs. Alex Michelsen | Alex Michelsen  @40.0%
[2026-03-23 18:08:54]   Scanning WTA...
[2026-03-23 18:08:54]     Found 5 events
[2026-03-23 18:08:54]     [DONE] T2: Coin flip        | Hailey Baptiste vs. Jelena Ostapenk | Jelena Ostapenko @51.0%
[2026-03-23 18:08:54] 
[2026-03-23 18:08:54]   Total qualifying markets: 35
[2026-03-23 18:08:54]     T1: B fav 75-90%: 1
[2026-03-23 18:08:54]     T2: Coin flip: 34
[2026-03-23 18:08:54]   New (not yet bet): 8
[2026-03-23 18:08:54] 
[2026-03-23 18:08:54]   PLACING BETS:
[2026-03-23 18:08:54]   -----------------------------------------------------------------
[2026-03-23 18:08:54]     SKIP Sabres — price moved out of tier range
[2026-03-23 18:08:55]     SKIP Chicago Cubs — price moved out of tier range
[2026-03-23 18:08:55]     SKIP Colorado Rockies — price moved out of tier range
[2026-03-23 18:08:55]     SKIP Baltimore Orioles — price moved out of tier range
[2026-03-23 18:08:55]     SKIP Seattle Mariners — price moved out of tier range
[2026-03-23 18:08:55]     SKIP Milwaukee Brewers — price moved out of tier range
[2026-03-23 18:08:55]     SKIP Houston Astros — price moved out of tier range
[2026-03-23 18:08:55]     SKIP Alex Michelsen — price moved out of tier range
[2026-03-23 18:08:55] 
  Updated Balance: $223.95 | Buying Power: $94.95
[2026-03-23 18:53:36] =================================================================
[2026-03-23 18:53:36]   POLYMARKET — HYBRID 5-TIER BOT
[2026-03-23 18:53:36]   Mode: LIVE | Sizing: 3% of bankroll
[2026-03-23 18:53:36]   Leagues: nba, cbb, epl, nhl, mlb, atp, wta
[2026-03-23 18:53:36]   Sizing: 3% (NBA/CBB/EPL) | 2% (NHL/MLB)
[2026-03-23 18:53:36]   Tiers: T1=B fav 75-90% | T2=Coin flip
[2026-03-23 18:53:36]          T3=CBB B dog 50-55% | T4=NBA 50/50
[2026-03-23 18:53:36]          T5=EPL Draw <35%
[2026-03-23 18:53:36] =================================================================
[2026-03-23 18:53:36] 
[2026-03-23 18:53:36] =================================================================
[2026-03-23 18:53:36]   SCANNING — HYBRID 5-TIER STRATEGY
[2026-03-23 18:53:36] =================================================================
[2026-03-23 18:53:36]   Balance: $223.95 | Buying Power: $94.95
[2026-03-23 18:53:36]   Bet size: $2.85 (3% proven) / $1.90 (2% new leagues)
[2026-03-23 18:53:36] 
[2026-03-23 18:53:36]   WARNING: Could not fetch positions: 404 Client Error: Not Found for url: https://api.polymarket.us/v1/positions?limit=200
[2026-03-23 18:53:36]   Scanning NBA...
[2026-03-23 18:53:36]     Found 14 events
[2026-03-23 18:53:36]     [DONE] T2: Coin flip        | Los Angeles L vs. Detroit           | Pistons         @53.0%
[2026-03-23 18:53:36]     [DONE] T2: Coin flip        | Golden State vs. Dallas             | Mavericks       @54.0%
[2026-03-23 18:53:36]   Scanning CBB...
[2026-03-23 18:53:37]     Found 2 events
[2026-03-23 18:53:37]   Scanning EPL...
[2026-03-23 18:53:37]     Found 0 events
[2026-03-23 18:53:37]   Scanning NHL...
[2026-03-23 18:53:37]     Found 18 events
[2026-03-23 18:53:37]     [DONE] T2: Coin flip        | SEA Kraken vs. FLA Panthers         | Kraken          @45.0%
[2026-03-23 18:53:37]     [DONE] T2: Coin flip        | CBJ Blue Jackets vs. PHI Flyers     | Flyers          @55.0%
[2026-03-23 18:53:37]     [DONE] T2: Coin flip        | CAR Hurricanes vs. MON Canadiens    | Hurricanes      @55.0%
[2026-03-23 18:53:37]     [DONE] T2: Coin flip        | OTT Senators vs. DET Red Wings      | Red Wings       @49.0%
[2026-03-23 18:53:37]     [DONE] T2: Coin flip        | MIN Wild vs. TB Lightning           | Wild            @41.0%
[2026-03-23 18:53:37]     [DONE] T2: Coin flip        | VEG Golden Knights vs. WPG Jets     | Jets            @53.0%
[2026-03-23 18:53:37]     [DONE] T2: Coin flip        | SJ Sharks vs. NAS Predators         | Predators       @45.0%
[2026-03-23 18:53:37]     [DONE] T2: Coin flip        | WAS Capitals vs. STL Blues          | Capitals        @53.0%
[2026-03-23 18:53:37]     [DONE] T2: Coin flip        | LA Kings vs. CGY Flames             | Flames          @56.0%
[2026-03-23 18:53:37]     [DONE] T2: Coin flip        | EDM Oilers vs. UTA Mammoth          | Mammoth         @46.0%
[2026-03-23 18:53:37]     [SIGNAL] T2: Coin flip        | BOS Bruins vs. BUF Sabres           | Sabres          @40.0%
[2026-03-23 18:53:37]     [DONE] T2: Coin flip        | NYR Rangers vs. TOR Maple Leafs     | Maple Leafs     @54.0%
[2026-03-23 18:53:37]   Scanning MLB...
[2026-03-23 18:53:37]     Found 50 events
[2026-03-23 18:53:37]     [SIGNAL] T2: Coin flip        | New York Yankees vs. Chicago Cubs   | Chicago Cubs    @47.0%
[2026-03-23 18:53:37]     [DONE] T2: Coin flip        | New York Yankees vs. San Francisco  | San Francisco Giants @54.0%
[2026-03-23 18:53:37]     [SIGNAL] T1: B fav 75-90%     | Detroit Tigers vs. Colorado Rockies | Colorado Rockies @82.0%
[2026-03-23 18:53:37]     [SIGNAL] T2: Coin flip        | Minnesota Twins vs. Baltimore Oriol | Baltimore Orioles @47.0%
[2026-03-23 18:53:37]     [DONE] T2: Coin flip        | Kansas City Royals vs. Texas Ranger | Texas Rangers   @47.0%
[2026-03-23 18:53:37]     [DONE] T2: Coin flip        | Detroit Tigers vs. Colorado Rockies | Colorado Rockies @56.0%
[2026-03-23 18:53:37]     [DONE] T2: Coin flip        | Seattle Mariners vs. San Diego Padr | San Diego Padres @55.0%
[2026-03-23 18:53:37]     [SIGNAL] T2: Coin flip        | Cleveland Guardians vs. Seattle Mar | Seattle Mariners @43.0%
[2026-03-23 18:53:37]     [DONE] T2: Coin flip        | Cleveland Guardians vs. Arizona Dia | Arizona Diamondbacks @47.0%
[2026-03-23 18:53:37]     [DONE] T2: Coin flip        | Tampa Bay Rays vs. Atlanta Braves   | Atlanta Braves  @51.0%
[2026-03-23 18:53:37]     [DONE] T2: Coin flip        | Los Angeles Angels vs. Los Angeles  | Los Angeles Dodgers @42.0%
[2026-03-23 18:53:37]     [DONE] T2: Coin flip        | Tampa Bay Rays vs. St. Louis Cardin | St. Louis Cardinals @58.0%
[2026-03-23 18:53:37]     [DONE] T2: Coin flip        | Texas Rangers vs. Philadelphia Phil | Philadelphia Phillies @43.0%
[2026-03-23 18:53:37]     [SIGNAL] T2: Coin flip        | Los Angeles Angels vs. Houston Astr | Houston Astros  @42.0%
[2026-03-23 18:53:37]     [DONE] T2: Coin flip        | New York Yankees vs. Chicago Cubs   | Chicago Cubs    @51.0%
[2026-03-23 18:53:37]     [DONE] T2: Coin flip        | Cincinnati Reds vs. Milwaukee Brewe | Milwaukee Brewers @46.0%
[2026-03-23 18:53:37]     [DONE] T2: Coin flip        | Pittsburgh Pirates vs. New York Met | New York Mets   @52.0%
[2026-03-23 18:53:37]   Scanning ATP...
[2026-03-23 18:53:37]     Found 50 events
[2026-03-23 18:53:37]     [DONE] T2: Coin flip        | Quentin Halys vs. Kamil Majchrzak   | Kamil Majchrzak @46.0%
[2026-03-23 18:53:38]   Scanning WTA...
[2026-03-23 18:53:38]     Found 18 events
[2026-03-23 18:53:38]     [DONE] T2: Coin flip        | Hailey Baptiste vs. Jelena Ostapenk | Jelena Ostapenko @52.0%
[2026-03-23 18:53:38] 
[2026-03-23 18:53:38]   Total qualifying markets: 33
[2026-03-23 18:53:38]     T1: B fav 75-90%: 1
[2026-03-23 18:53:38]     T2: Coin flip: 32
[2026-03-23 18:53:38]   New (not yet bet): 6
[2026-03-23 18:53:38] 
[2026-03-23 18:53:38]   PLACING BETS:
[2026-03-23 18:53:38]   -----------------------------------------------------------------
[2026-03-23 18:53:38]     SKIP Sabres — price moved out of tier range
[2026-03-23 18:53:38]     SKIP Chicago Cubs — price moved out of tier range
[2026-03-23 18:53:38]     SKIP Colorado Rockies — price moved out of tier range
[2026-03-23 18:53:38]     SKIP Baltimore Orioles — price moved out of tier range
[2026-03-23 18:53:38]     SKIP Seattle Mariners — price moved out of tier range
[2026-03-23 18:53:38]     SKIP Houston Astros — price moved out of tier range
[2026-03-23 18:53:38] 
  Updated Balance: $223.95 | Buying Power: $94.95
[2026-03-23 19:26:20] =================================================================
[2026-03-23 19:26:20]   POLYMARKET — HYBRID 5-TIER BOT
[2026-03-23 19:26:20]   Mode: LIVE | Sizing: 3% of bankroll
[2026-03-23 19:26:20]   Leagues: nba, cbb, epl, nhl, mlb, atp, wta
[2026-03-23 19:26:20]   Sizing: 3% (NBA/CBB/EPL) | 2% (NHL/MLB)
[2026-03-23 19:26:20]   Tiers: T1=B fav 75-90% | T2=Coin flip
[2026-03-23 19:26:20]          T3=CBB B dog 50-55% | T4=NBA 50/50
[2026-03-23 19:26:20]          T5=EPL Draw <35%
[2026-03-23 19:26:20] =================================================================
[2026-03-23 19:26:20] 
[2026-03-23 19:26:20] =================================================================
[2026-03-23 19:26:20]   SCANNING — HYBRID 5-TIER STRATEGY
[2026-03-23 19:26:20] =================================================================
[2026-03-23 19:26:21]   Balance: $220.95 | Buying Power: $98.95
[2026-03-23 19:26:21]   Bet size: $2.97 (3% proven) / $1.98 (2% new leagues)
[2026-03-23 19:26:21] 
[2026-03-23 19:26:21]   WARNING: Could not fetch positions: 404 Client Error: Not Found for url: https://api.polymarket.us/v1/positions?limit=200
[2026-03-23 19:26:21]   Scanning NBA...
[2026-03-23 19:26:21]     Found 14 events
[2026-03-23 19:26:21]     [DONE] T2: Coin flip        | Los Angeles L vs. Detroit           | Pistons         @53.0%
[2026-03-23 19:26:21]     [DONE] T2: Coin flip        | Golden State vs. Dallas             | Mavericks       @54.0%
[2026-03-23 19:26:21]   Scanning CBB...
[2026-03-23 19:26:21]     Found 2 events
[2026-03-23 19:26:21]   Scanning EPL...
[2026-03-23 19:26:21]     Found 0 events
[2026-03-23 19:26:21]   Scanning NHL...
[2026-03-23 19:26:21]     Found 18 events
[2026-03-23 19:26:21]     [DONE] T2: Coin flip        | SEA Kraken vs. FLA Panthers         | Kraken          @45.0%
[2026-03-23 19:26:21]     [DONE] T2: Coin flip        | CBJ Blue Jackets vs. PHI Flyers     | Flyers          @55.0%
[2026-03-23 19:26:21]     [DONE] T2: Coin flip        | CAR Hurricanes vs. MON Canadiens    | Hurricanes      @55.0%
[2026-03-23 19:26:21]     [DONE] T2: Coin flip        | OTT Senators vs. DET Red Wings      | Red Wings       @49.0%
[2026-03-23 19:26:21]     [DONE] T2: Coin flip        | MIN Wild vs. TB Lightning           | Wild            @41.0%
[2026-03-23 19:26:21]     [DONE] T2: Coin flip        | VEG Golden Knights vs. WPG Jets     | Jets            @53.0%
[2026-03-23 19:26:21]     [DONE] T2: Coin flip        | SJ Sharks vs. NAS Predators         | Predators       @45.0%
[2026-03-23 19:26:21]     [DONE] T2: Coin flip        | WAS Capitals vs. STL Blues          | Capitals        @53.0%
[2026-03-23 19:26:21]     [DONE] T2: Coin flip        | LA Kings vs. CGY Flames             | Flames          @57.0%
[2026-03-23 19:26:21]     [DONE] T2: Coin flip        | EDM Oilers vs. UTA Mammoth          | Mammoth         @46.0%
[2026-03-23 19:26:21]     [SIGNAL] T2: Coin flip        | BOS Bruins vs. BUF Sabres           | Sabres          @41.0%
[2026-03-23 19:26:21]     [DONE] T2: Coin flip        | NYR Rangers vs. TOR Maple Leafs     | Maple Leafs     @54.0%
[2026-03-23 19:26:21]   Scanning MLB...
[2026-03-23 19:26:21]     Found 50 events
[2026-03-23 19:26:21]     [DONE] T2: Coin flip        | New York Yankees vs. San Francisco  | San Francisco Giants @58.0%
[2026-03-23 19:26:21]     [SIGNAL] T1: B fav 75-90%     | Detroit Tigers vs. Colorado Rockies | Colorado Rockies @81.0%
[2026-03-23 19:26:21]     [SIGNAL] T2: Coin flip        | Minnesota Twins vs. Baltimore Oriol | Baltimore Orioles @45.0%
[2026-03-23 19:26:21]     [DONE] T2: Coin flip        | Kansas City Royals vs. Texas Ranger | Texas Rangers   @47.0%
[2026-03-23 19:26:21]     [DONE] T2: Coin flip        | Detroit Tigers vs. Colorado Rockies | Colorado Rockies @56.0%
[2026-03-23 19:26:21]     [SIGNAL] T2: Coin flip        | Cleveland Guardians vs. Seattle Mar | Seattle Mariners @46.0%
[2026-03-23 19:26:21]     [DONE] T2: Coin flip        | Cleveland Guardians vs. Arizona Dia | Arizona Diamondbacks @47.0%
[2026-03-23 19:26:21]     [DONE] T2: Coin flip        | Tampa Bay Rays vs. Atlanta Braves   | Atlanta Braves  @51.0%
[2026-03-23 19:26:21]     [DONE] T2: Coin flip        | Los Angeles Angels vs. Los Angeles  | Los Angeles Dodgers @42.0%
[2026-03-23 19:26:21]     [SIGNAL] T2: Coin flip        | Chicago White Sox vs. Milwaukee Bre | Milwaukee Brewers @41.0%
[2026-03-23 19:26:21]     [DONE] T2: Coin flip        | Texas Rangers vs. Philadelphia Phil | Philadelphia Phillies @43.0%
[2026-03-23 19:26:21]     [SIGNAL] T2: Coin flip        | Los Angeles Angels vs. Houston Astr | Houston Astros  @42.0%
[2026-03-23 19:26:21]     [DONE] T2: Coin flip        | Cincinnati Reds vs. Milwaukee Brewe | Milwaukee Brewers @46.0%
[2026-03-23 19:26:21]     [DONE] T2: Coin flip        | Pittsburgh Pirates vs. New York Met | New York Mets   @51.0%
[2026-03-23 19:26:21]   Scanning ATP...
[2026-03-23 19:26:22]     Found 50 events
[2026-03-23 19:26:22]     [DONE] T2: Coin flip        | Quentin Halys vs. Kamil Majchrzak   | Kamil Majchrzak @47.0%
[2026-03-23 19:26:22]     [SIGNAL] T2: Coin flip        | Alejandro Tabilo vs. Alex Michelsen | Alex Michelsen  @40.0%
[2026-03-23 19:26:22]     [SIGNAL] T2: Coin flip        | Yuta Shimizu vs. Jie Cui            | Jie Cui         @45.0%
[2026-03-23 19:26:22]   Scanning WTA...
[2026-03-23 19:26:22]     Found 17 events
[2026-03-23 19:26:22] 
[2026-03-23 19:26:22]   Total qualifying markets: 31
[2026-03-23 19:26:22]     T1: B fav 75-90%: 1
[2026-03-23 19:26:22]     T2: Coin flip: 30
[2026-03-23 19:26:22]   New (not yet bet): 8
[2026-03-23 19:26:22] 
[2026-03-23 19:26:22]   PLACING BETS:
[2026-03-23 19:26:22]   -----------------------------------------------------------------
[2026-03-23 19:26:22]     SKIP Sabres — price moved out of tier range
[2026-03-23 19:26:22]     SKIP Colorado Rockies — price moved out of tier range
[2026-03-23 19:26:22]     SKIP Baltimore Orioles — price moved out of tier range
[2026-03-23 19:26:22]     SKIP Seattle Mariners — price moved out of tier range
[2026-03-23 19:26:22]     SKIP Milwaukee Brewers — price moved out of tier range
[2026-03-23 19:26:22]     SKIP Houston Astros — price moved out of tier range
[2026-03-23 19:26:22]     SKIP Alex Michelsen — price moved out of tier range
[2026-03-23 19:26:22]     [T2: Coin flip] Betting $1.98 (2%) on Jie Cui @ 56.0% | ATP Yuta Shimizu vs. Jie Cui
[2026-03-23 19:26:22]     Previewing order: 3 shares @ $0.56 = $1.98 (NO)
[2026-03-23 19:26:22]     Preview OK: {"order": {"id": "", "marketSlug": "aec-atp-yutshi-jiecui-2026-03-24", "side": "ORDER_SIDE_SELL", "type": "ORDER_TYPE_LIMIT", "price": {"value": "0.44", "currency": "USD"}, "quantity": 3, "cumQuantity
[2026-03-23 19:26:22]     Order result: {"id": "8Z56CPPG2GQ0", "executions": []}
[2026-03-23 19:26:22]     BET PLACED on Jie Cui
[2026-03-23 19:26:23] 
  Updated Balance: $222.26 | Buying Power: $97.26
[2026-03-23 19:48:24] =================================================================
[2026-03-23 19:48:24]   POLYMARKET — HYBRID 5-TIER BOT
[2026-03-23 19:48:24]   Mode: LIVE | Sizing: 3% of bankroll
[2026-03-23 19:48:24]   Leagues: nba, cbb, epl, nhl, mlb, atp, wta
[2026-03-23 19:48:24]   Sizing: 3% (NBA/CBB/EPL) | 2% (NHL/MLB)
[2026-03-23 19:48:24]   Tiers: T1=B fav 75-90% | T2=Coin flip
[2026-03-23 19:48:24]          T3=CBB B dog 50-55% | T4=NBA 50/50
[2026-03-23 19:48:24]          T5=EPL Draw <35%
[2026-03-23 19:48:24] =================================================================
[2026-03-23 19:48:24] 
[2026-03-23 19:48:24] =================================================================
[2026-03-23 19:48:24]   SCANNING — HYBRID 5-TIER STRATEGY
[2026-03-23 19:48:24] =================================================================
[2026-03-23 19:48:25]   Balance: $215.26 | Buying Power: $97.26
[2026-03-23 19:48:25]   Bet size: $2.92 (3% proven) / $1.95 (2% new leagues)
[2026-03-23 19:48:25] 
[2026-03-23 19:48:25]   WARNING: Could not fetch positions: 404 Client Error: Not Found for url: https://api.polymarket.us/v1/positions?limit=200
[2026-03-23 19:48:25]   Scanning NBA...
[2026-03-23 19:48:25]     Found 14 events
[2026-03-23 19:48:25]     [DONE] T2: Coin flip        | Los Angeles L vs. Detroit           | Pistons         @53.0%
[2026-03-23 19:48:25]     [DONE] T2: Coin flip        | Golden State vs. Dallas             | Mavericks       @54.0%
[2026-03-23 19:48:25]   Scanning CBB...
[2026-03-23 19:48:25]     Found 2 events
[2026-03-23 19:48:25]   Scanning EPL...
[2026-03-23 19:48:25]     Found 0 events
[2026-03-23 19:48:25]   Scanning NHL...
[2026-03-23 19:48:26]     Found 18 events
[2026-03-23 19:48:26]     [DONE] T2: Coin flip        | SEA Kraken vs. FLA Panthers         | Kraken          @45.0%
[2026-03-23 19:48:26]     [DONE] T2: Coin flip        | CBJ Blue Jackets vs. PHI Flyers     | Flyers          @55.0%
[2026-03-23 19:48:26]     [DONE] T2: Coin flip        | CAR Hurricanes vs. MON Canadiens    | Hurricanes      @55.0%
[2026-03-23 19:48:26]     [DONE] T2: Coin flip        | OTT Senators vs. DET Red Wings      | Red Wings       @49.0%
[2026-03-23 19:48:26]     [DONE] T2: Coin flip        | MIN Wild vs. TB Lightning           | Wild            @41.0%
[2026-03-23 19:48:26]     [DONE] T2: Coin flip        | VEG Golden Knights vs. WPG Jets     | Jets            @53.0%
[2026-03-23 19:48:26]     [DONE] T2: Coin flip        | SJ Sharks vs. NAS Predators         | Predators       @45.0%
[2026-03-23 19:48:26]     [DONE] T2: Coin flip        | WAS Capitals vs. STL Blues          | Capitals        @53.0%
[2026-03-23 19:48:26]     [DONE] T2: Coin flip        | LA Kings vs. CGY Flames             | Flames          @57.0%
[2026-03-23 19:48:26]     [DONE] T2: Coin flip        | EDM Oilers vs. UTA Mammoth          | Mammoth         @46.0%
[2026-03-23 19:48:26]     [SIGNAL] T2: Coin flip        | BOS Bruins vs. BUF Sabres           | Sabres          @41.0%
[2026-03-23 19:48:26]     [DONE] T2: Coin flip        | NYR Rangers vs. TOR Maple Leafs     | Maple Leafs     @54.0%
[2026-03-23 19:48:26]   Scanning MLB...
[2026-03-23 19:48:26]     Found 50 events
[2026-03-23 19:48:26]     [DONE] T2: Coin flip        | New York Yankees vs. San Francisco  | San Francisco Giants @58.0%
[2026-03-23 19:48:26]     [SIGNAL] T1: B fav 75-90%     | Detroit Tigers vs. Colorado Rockies | Colorado Rockies @81.0%
[2026-03-23 19:48:26]     [SIGNAL] T2: Coin flip        | Minnesota Twins vs. Baltimore Oriol | Baltimore Orioles @46.0%
[2026-03-23 19:48:26]     [DONE] T2: Coin flip        | Kansas City Royals vs. Texas Ranger | Texas Rangers   @47.0%
[2026-03-23 19:48:26]     [DONE] T2: Coin flip        | Detroit Tigers vs. Colorado Rockies | Colorado Rockies @56.0%
[2026-03-23 19:48:26]     [SIGNAL] T2: Coin flip        | Cleveland Guardians vs. Seattle Mar | Seattle Mariners @46.0%
[2026-03-23 19:48:26]     [DONE] T2: Coin flip        | Cleveland Guardians vs. Arizona Dia | Arizona Diamondbacks @47.0%
[2026-03-23 19:48:26]     [SIGNAL] T1: B fav 75-90%     | Cleveland Guardians vs. Arizona Dia | Arizona Diamondbacks @77.0%
[2026-03-23 19:48:26]     [DONE] T2: Coin flip        | Los Angeles Angels vs. Los Angeles  | Los Angeles Dodgers @43.0%
[2026-03-23 19:48:26]     [SIGNAL] T2: Coin flip        | Chicago White Sox vs. Milwaukee Bre | Milwaukee Brewers @40.0%
[2026-03-23 19:48:26]     [DONE] T2: Coin flip        | Texas Rangers vs. Philadelphia Phil | Philadelphia Phillies @43.0%
[2026-03-23 19:48:26]     [SIGNAL] T2: Coin flip        | Los Angeles Angels vs. Houston Astr | Houston Astros  @44.0%
[2026-03-23 19:48:26]     [DONE] T2: Coin flip        | Cincinnati Reds vs. Milwaukee Brewe | Milwaukee Brewers @46.0%
[2026-03-23 19:48:26]     [DONE] T1: B fav 75-90%     | Boston Red Sox vs. Minnesota Twins  | Minnesota Twins @78.0%
[2026-03-23 19:48:26]     [DONE] T2: Coin flip        | Pittsburgh Pirates vs. New York Met | Pittsburgh Pirates @53.0%
[2026-03-23 19:48:26]   Scanning ATP...
[2026-03-23 19:48:26]     Found 50 events
[2026-03-23 19:48:26]     [DONE] T2: Coin flip        | Quentin Halys vs. Kamil Majchrzak   | Kamil Majchrzak @46.0%
[2026-03-23 19:48:26]     [SIGNAL] T2: Coin flip        | Alejandro Tabilo vs. Alex Michelsen | Alex Michelsen  @41.0%
[2026-03-23 19:48:26]     [DONE] T2: Coin flip        | Yuta Shimizu vs. Jie Cui            | Jie Cui         @44.0%
[2026-03-23 19:48:26]   Scanning WTA...
[2026-03-23 19:48:26]     Found 18 events
[2026-03-23 19:48:26] 
[2026-03-23 19:48:26]   Total qualifying markets: 32
[2026-03-23 19:48:26]     T1: B fav 75-90%: 3
[2026-03-23 19:48:26]     T2: Coin flip: 29
[2026-03-23 19:48:26]   New (not yet bet): 8
[2026-03-23 19:48:26] 
[2026-03-23 19:48:26]   PLACING BETS:
[2026-03-23 19:48:26]   -----------------------------------------------------------------
[2026-03-23 19:48:27]     SKIP Sabres — price moved out of tier range
[2026-03-23 19:48:27]     SKIP Colorado Rockies — price moved out of tier range
[2026-03-23 19:48:27]     SKIP Baltimore Orioles — price moved out of tier range
[2026-03-23 19:48:27]     SKIP Seattle Mariners — price moved out of tier range
[2026-03-23 19:48:27]     SKIP Arizona Diamondbacks — price moved out of tier range
[2026-03-23 19:48:27]     SKIP Milwaukee Brewers — price moved out of tier range
[2026-03-23 19:48:27]     SKIP Houston Astros — price moved out of tier range
[2026-03-23 19:48:27]     SKIP Alex Michelsen — price moved out of tier range
[2026-03-23 19:48:27] 
  Updated Balance: $215.26 | Buying Power: $97.26
[2026-03-23 20:02:06] =================================================================
[2026-03-23 20:02:06]   POLYMARKET — HYBRID 5-TIER BOT
[2026-03-23 20:02:06]   Mode: LIVE | Sizing: 3% of bankroll
[2026-03-23 20:02:06]   Leagues: nba, cbb, epl, nhl, mlb, atp, wta
[2026-03-23 20:02:06]   Sizing: 3% (NBA/CBB/EPL) | 2% (NHL/MLB)
[2026-03-23 20:02:06]   Tiers: T1=B fav 75-90% | T2=Coin flip
[2026-03-23 20:02:06]          T3=CBB B dog 50-55% | T4=NBA 50/50
[2026-03-23 20:02:06]          T5=EPL Draw <35%
[2026-03-23 20:02:06] =================================================================
[2026-03-23 20:02:06] 
[2026-03-23 20:02:06] =================================================================
[2026-03-23 20:02:06]   SCANNING — HYBRID 5-TIER STRATEGY
[2026-03-23 20:02:06] =================================================================
[2026-03-23 20:02:06]   Balance: $215.26 | Buying Power: $97.26
[2026-03-23 20:02:06]   Bet size: $2.92 (3% proven) / $1.95 (2% new leagues)
[2026-03-23 20:02:06] 
[2026-03-23 20:02:06]   WARNING: Could not fetch positions: 404 Client Error: Not Found for url: https://api.polymarket.us/v1/positions?limit=200
[2026-03-23 20:02:06]   Scanning NBA...
[2026-03-23 20:02:07]     Found 14 events
[2026-03-23 20:02:07]     [DONE] T2: Coin flip        | Los Angeles L vs. Detroit           | Pistons         @53.0%
[2026-03-23 20:02:07]     [DONE] T2: Coin flip        | Golden State vs. Dallas             | Mavericks       @54.0%
[2026-03-23 20:02:07]   Scanning CBB...
[2026-03-23 20:02:07]     Found 2 events
[2026-03-23 20:02:07]   Scanning EPL...
[2026-03-23 20:02:07]     Found 0 events
[2026-03-23 20:02:07]   Scanning NHL...
[2026-03-23 20:02:07]     Found 18 events
[2026-03-23 20:02:07]     [DONE] T2: Coin flip        | SEA Kraken vs. FLA Panthers         | Kraken          @45.0%
[2026-03-23 20:02:07]     [DONE] T2: Coin flip        | CBJ Blue Jackets vs. PHI Flyers     | Flyers          @55.0%
[2026-03-23 20:02:07]     [DONE] T2: Coin flip        | CAR Hurricanes vs. MON Canadiens    | Hurricanes      @55.0%
[2026-03-23 20:02:07]     [DONE] T2: Coin flip        | OTT Senators vs. DET Red Wings      | Red Wings       @49.0%
[2026-03-23 20:02:07]     [DONE] T2: Coin flip        | MIN Wild vs. TB Lightning           | Wild            @41.0%
[2026-03-23 20:02:07]     [DONE] T2: Coin flip        | VEG Golden Knights vs. WPG Jets     | Jets            @53.0%
[2026-03-23 20:02:07]     [DONE] T2: Coin flip        | SJ Sharks vs. NAS Predators         | Predators       @45.0%
[2026-03-23 20:02:07]     [DONE] T2: Coin flip        | WAS Capitals vs. STL Blues          | Capitals        @53.0%
[2026-03-23 20:02:07]     [DONE] T2: Coin flip        | LA Kings vs. CGY Flames             | Flames          @57.0%
[2026-03-23 20:02:07]     [DONE] T2: Coin flip        | EDM Oilers vs. UTA Mammoth          | Mammoth         @46.0%
[2026-03-23 20:02:07]     [DONE] T2: Coin flip        | NYR Rangers vs. TOR Maple Leafs     | Maple Leafs     @54.0%
[2026-03-23 20:02:07]   Scanning MLB...
[2026-03-23 20:02:08]     Found 50 events
[2026-03-23 20:02:08]     [DONE] T2: Coin flip        | New York Yankees vs. San Francisco  | San Francisco Giants @58.0%
[2026-03-23 20:02:08]     [SIGNAL] T1: B fav 75-90%     | Detroit Tigers vs. Colorado Rockies | Colorado Rockies @81.0%
[2026-03-23 20:02:08]     [SIGNAL] T2: Coin flip        | Minnesota Twins vs. Baltimore Oriol | Baltimore Orioles @45.0%
[2026-03-23 20:02:08]     [DONE] T2: Coin flip        | Kansas City Royals vs. Texas Ranger | Texas Rangers   @47.0%
[2026-03-23 20:02:08]     [DONE] T2: Coin flip        | Detroit Tigers vs. Colorado Rockies | Colorado Rockies @56.0%
[2026-03-23 20:02:08]     [SIGNAL] T2: Coin flip        | Cleveland Guardians vs. Seattle Mar | Seattle Mariners @44.0%
[2026-03-23 20:02:08]     [DONE] T2: Coin flip        | Cleveland Guardians vs. Arizona Dia | Arizona Diamondbacks @47.0%
[2026-03-23 20:02:08]     [DONE] T2: Coin flip        | Tampa Bay Rays vs. Atlanta Braves   | Atlanta Braves  @51.0%
[2026-03-23 20:02:08]     [DONE] T2: Coin flip        | Los Angeles Angels vs. Los Angeles  | Los Angeles Dodgers @42.0%
[2026-03-23 20:02:08]     [DONE] T2: Coin flip        | Tampa Bay Rays vs. St. Louis Cardin | St. Louis Cardinals @58.0%
[2026-03-23 20:02:08]     [DONE] T2: Coin flip        | Texas Rangers vs. Philadelphia Phil | Philadelphia Phillies @43.0%
[2026-03-23 20:02:08]     [SIGNAL] T2: Coin flip        | Los Angeles Angels vs. Houston Astr | Houston Astros  @42.0%
[2026-03-23 20:02:08]     [DONE] T2: Coin flip        | Cincinnati Reds vs. Milwaukee Brewe | Milwaukee Brewers @46.0%
[2026-03-23 20:02:08]     [DONE] T1: B fav 75-90%     | Boston Red Sox vs. Minnesota Twins  | Minnesota Twins @75.0%
[2026-03-23 20:02:08]     [DONE] T2: Coin flip        | Pittsburgh Pirates vs. New York Met | Pittsburgh Pirates @51.0%
[2026-03-23 20:02:08]   Scanning ATP...
[2026-03-23 20:02:08]     Found 50 events
[2026-03-23 20:02:08]     [DONE] T2: Coin flip        | Quentin Halys vs. Kamil Majchrzak   | Kamil Majchrzak @46.0%
[2026-03-23 20:02:08]     [SIGNAL] T2: Coin flip        | Alejandro Tabilo vs. Alex Michelsen | Alex Michelsen  @41.0%
[2026-03-23 20:02:08]     [DONE] T2: Coin flip        | Yuta Shimizu vs. Jie Cui            | Jie Cui         @44.0%
[2026-03-23 20:02:08]   Scanning WTA...
[2026-03-23 20:02:08]     Found 18 events
[2026-03-23 20:02:08] 
[2026-03-23 20:02:08]   Total qualifying markets: 31
[2026-03-23 20:02:08]     T1: B fav 75-90%: 2
[2026-03-23 20:02:08]     T2: Coin flip: 29
[2026-03-23 20:02:08]   New (not yet bet): 5
[2026-03-23 20:02:08] 
[2026-03-23 20:02:08]   PLACING BETS:
[2026-03-23 20:02:08]   -----------------------------------------------------------------
[2026-03-23 20:02:08]     SKIP Colorado Rockies — price moved out of tier range
[2026-03-23 20:02:09]     SKIP Baltimore Orioles — price moved out of tier range
[2026-03-23 20:02:09]     SKIP Seattle Mariners — price moved out of tier range
[2026-03-23 20:02:09]     SKIP Houston Astros — price moved out of tier range
[2026-03-23 20:02:09]     SKIP Alex Michelsen — price moved out of tier range
[2026-03-23 20:02:09] 
  Updated Balance: $215.26 | Buying Power: $97.26
[2026-03-23 20:37:03] =================================================================
[2026-03-23 20:37:03]   POLYMARKET — HYBRID 5-TIER BOT
[2026-03-23 20:37:03]   Mode: LIVE | Sizing: 3% of bankroll
[2026-03-23 20:37:03]   Leagues: nba, cbb, epl, nhl, mlb, atp, wta
[2026-03-23 20:37:03]   Sizing: 3% (NBA/CBB/EPL) | 2% (NHL/MLB)
[2026-03-23 20:37:03]   Tiers: T1=B fav 75-90% | T2=Coin flip
[2026-03-23 20:37:03]          T3=CBB B dog 50-55% | T4=NBA 50/50
[2026-03-23 20:37:03]          T5=EPL Draw <35%
[2026-03-23 20:37:03] =================================================================
[2026-03-23 20:37:03] 
[2026-03-23 20:37:03] =================================================================
[2026-03-23 20:37:03]   SCANNING — HYBRID 5-TIER STRATEGY
[2026-03-23 20:37:03] =================================================================
[2026-03-23 20:37:03]   Balance: $215.26 | Buying Power: $97.26
[2026-03-23 20:37:03]   Bet size: $2.92 (3% proven) / $1.95 (2% new leagues)
[2026-03-23 20:37:03] 
[2026-03-23 20:37:03]   WARNING: Could not fetch positions: 404 Client Error: Not Found for url: https://api.polymarket.us/v1/positions?limit=200
[2026-03-23 20:37:03]   Scanning NBA...
[2026-03-23 20:37:03]     Found 14 events
[2026-03-23 20:37:03]     [DONE] T2: Coin flip        | Los Angeles L vs. Detroit           | Pistons         @53.0%
[2026-03-23 20:37:03]     [DONE] T2: Coin flip        | Golden State vs. Dallas             | Mavericks       @54.0%
[2026-03-23 20:37:03]   Scanning CBB...
[2026-03-23 20:37:03]     Found 2 events
[2026-03-23 20:37:03]   Scanning EPL...
[2026-03-23 20:37:03]     Found 0 events
[2026-03-23 20:37:03]   Scanning NHL...
[2026-03-23 20:37:04]     Found 18 events
[2026-03-23 20:37:04]     [DONE] T2: Coin flip        | SEA Kraken vs. FLA Panthers         | Kraken          @45.0%
[2026-03-23 20:37:04]     [DONE] T2: Coin flip        | CBJ Blue Jackets vs. PHI Flyers     | Flyers          @55.0%
[2026-03-23 20:37:04]     [DONE] T2: Coin flip        | CAR Hurricanes vs. MON Canadiens    | Hurricanes      @55.0%
[2026-03-23 20:37:04]     [DONE] T2: Coin flip        | OTT Senators vs. DET Red Wings      | Red Wings       @49.0%
[2026-03-23 20:37:04]     [DONE] T2: Coin flip        | MIN Wild vs. TB Lightning           | Wild            @41.0%
[2026-03-23 20:37:04]     [DONE] T2: Coin flip        | VEG Golden Knights vs. WPG Jets     | Jets            @53.0%
[2026-03-23 20:37:04]     [DONE] T2: Coin flip        | SJ Sharks vs. NAS Predators         | Predators       @45.0%
[2026-03-23 20:37:04]     [DONE] T2: Coin flip        | WAS Capitals vs. STL Blues          | Capitals        @53.0%
[2026-03-23 20:37:04]     [DONE] T2: Coin flip        | LA Kings vs. CGY Flames             | Flames          @57.0%
[2026-03-23 20:37:04]     [DONE] T2: Coin flip        | EDM Oilers vs. UTA Mammoth          | Mammoth         @46.0%
[2026-03-23 20:37:04]     [SIGNAL] T2: Coin flip        | BOS Bruins vs. BUF Sabres           | Sabres          @40.0%
[2026-03-23 20:37:04]     [DONE] T2: Coin flip        | NYR Rangers vs. TOR Maple Leafs     | Maple Leafs     @54.0%
[2026-03-23 20:37:04]   Scanning MLB...
[2026-03-23 20:37:04]     Found 50 events
[2026-03-23 20:37:04]     [DONE] T2: Coin flip        | New York Yankees vs. San Francisco  | San Francisco Giants @57.0%
[2026-03-23 20:37:04]     [SIGNAL] T2: Coin flip        | Minnesota Twins vs. Baltimore Oriol | Baltimore Orioles @45.0%
[2026-03-23 20:37:04]     [DONE] T2: Coin flip        | Kansas City Royals vs. Texas Ranger | Texas Rangers   @47.0%
[2026-03-23 20:37:04]     [DONE] T2: Coin flip        | Detroit Tigers vs. Colorado Rockies | Colorado Rockies @56.0%
[2026-03-23 20:37:04]     [SIGNAL] T2: Coin flip        | Cleveland Guardians vs. Seattle Mar | Seattle Mariners @44.0%
[2026-03-23 20:37:04]     [DONE] T2: Coin flip        | Cleveland Guardians vs. Arizona Dia | Arizona Diamondbacks @47.0%
[2026-03-23 20:37:04]     [DONE] T2: Coin flip        | Tampa Bay Rays vs. Atlanta Braves   | Atlanta Braves  @50.0%
[2026-03-23 20:37:04]     [SIGNAL] T2: Coin flip        | Los Angeles Angels vs. Los Angeles  | Los Angeles Dodgers @42.0%
[2026-03-23 20:37:04]     [DONE] T2: Coin flip        | Los Angeles Angels vs. Los Angeles  | Los Angeles Dodgers @42.0%
[2026-03-23 20:37:04]     [DONE] T2: Coin flip        | Cincinnati Reds vs. Milwaukee Brewe | Milwaukee Brewers @56.0%
[2026-03-23 20:37:04]     [DONE] T2: Coin flip        | Tampa Bay Rays vs. St. Louis Cardin | St. Louis Cardinals @59.0%
[2026-03-23 20:37:04]     [DONE] T2: Coin flip        | Texas Rangers vs. Philadelphia Phil | Philadelphia Phillies @48.0%
[2026-03-23 20:37:04]     [SIGNAL] T2: Coin flip        | Los Angeles Angels vs. Houston Astr | Houston Astros  @42.0%
[2026-03-23 20:37:04]     [DONE] T2: Coin flip        | Cincinnati Reds vs. Milwaukee Brewe | Milwaukee Brewers @46.0%
[2026-03-23 20:37:04]     [DONE] T2: Coin flip        | Pittsburgh Pirates vs. New York Met | Pittsburgh Pirates @51.0%
[2026-03-23 20:37:04]   Scanning ATP...
[2026-03-23 20:37:04]     Found 50 events
[2026-03-23 20:37:04]     [DONE] T2: Coin flip        | Quentin Halys vs. Kamil Majchrzak   | Kamil Majchrzak @46.0%
[2026-03-23 20:37:04]     [DONE] T2: Coin flip        | Yuta Shimizu vs. Jie Cui            | Jie Cui         @43.0%
[2026-03-23 20:37:04]   Scanning WTA...
[2026-03-23 20:37:04]     Found 18 events
[2026-03-23 20:37:04] 
[2026-03-23 20:37:04]   Total qualifying markets: 31
[2026-03-23 20:37:04]     T2: Coin flip: 31
[2026-03-23 20:37:04]   New (not yet bet): 5
[2026-03-23 20:37:04] 
[2026-03-23 20:37:04]   PLACING BETS:
[2026-03-23 20:37:04]   -----------------------------------------------------------------
[2026-03-23 20:37:04]     SKIP Sabres — price moved out of tier range
[2026-03-23 20:37:05]     SKIP Baltimore Orioles — price moved out of tier range
[2026-03-23 20:37:05]     SKIP Seattle Mariners — price moved out of tier range
[2026-03-23 20:37:05]     SKIP Los Angeles Dodgers — price moved out of tier range
[2026-03-23 20:37:05]     SKIP Houston Astros — price moved out of tier range
[2026-03-23 20:37:05] 
  Updated Balance: $215.26 | Buying Power: $97.26
[2026-03-23 21:00:50] =================================================================
[2026-03-23 21:00:50]   POLYMARKET — HYBRID 5-TIER BOT
[2026-03-23 21:00:50]   Mode: LIVE | Sizing: 3% of bankroll
[2026-03-23 21:00:50]   Leagues: nba, cbb, epl, nhl, mlb, atp, wta
[2026-03-23 21:00:50]   Sizing: 3% (NBA/CBB/EPL) | 2% (NHL/MLB)
[2026-03-23 21:00:50]   Tiers: T1=B fav 75-90% | T2=Coin flip
[2026-03-23 21:00:50]          T3=CBB B dog 50-55% | T4=NBA 50/50
[2026-03-23 21:00:50]          T5=EPL Draw <35%
[2026-03-23 21:00:50] =================================================================
[2026-03-23 21:00:50] 
[2026-03-23 21:00:50] =================================================================
[2026-03-23 21:00:50]   SCANNING — HYBRID 5-TIER STRATEGY
[2026-03-23 21:00:50] =================================================================
[2026-03-23 21:00:50]   Balance: $215.26 | Buying Power: $97.26
[2026-03-23 21:00:50]   Bet size: $2.92 (3% proven) / $1.95 (2% new leagues)
[2026-03-23 21:00:50] 
[2026-03-23 21:00:50]   WARNING: Could not fetch positions: 404 Client Error: Not Found for url: https://api.polymarket.us/v1/positions?limit=200
[2026-03-23 21:00:50]   Scanning NBA...
[2026-03-23 21:00:51]     Found 14 events
[2026-03-23 21:00:51]     [DONE] T2: Coin flip        | Los Angeles L vs. Detroit           | Pistons         @53.0%
[2026-03-23 21:00:51]     [DONE] T2: Coin flip        | Golden State vs. Dallas             | Mavericks       @54.0%
[2026-03-23 21:00:51]   Scanning CBB...
[2026-03-23 21:00:51]     Found 2 events
[2026-03-23 21:00:51]   Scanning EPL...
[2026-03-23 21:00:51]     Found 0 events
[2026-03-23 21:00:51]   Scanning NHL...
[2026-03-23 21:00:51]     Found 18 events
[2026-03-23 21:00:51]     [DONE] T2: Coin flip        | SEA Kraken vs. FLA Panthers         | Kraken          @45.0%
[2026-03-23 21:00:51]     [DONE] T2: Coin flip        | CBJ Blue Jackets vs. PHI Flyers     | Flyers          @55.0%
[2026-03-23 21:00:51]     [DONE] T2: Coin flip        | CAR Hurricanes vs. MON Canadiens    | Hurricanes      @55.0%
[2026-03-23 21:00:51]     [DONE] T2: Coin flip        | OTT Senators vs. DET Red Wings      | Red Wings       @49.0%
[2026-03-23 21:00:51]     [DONE] T2: Coin flip        | MIN Wild vs. TB Lightning           | Wild            @41.0%
[2026-03-23 21:00:51]     [DONE] T2: Coin flip        | VEG Golden Knights vs. WPG Jets     | Jets            @53.0%
[2026-03-23 21:00:51]     [DONE] T2: Coin flip        | SJ Sharks vs. NAS Predators         | Predators       @45.0%
[2026-03-23 21:00:51]     [DONE] T2: Coin flip        | WAS Capitals vs. STL Blues          | Capitals        @53.0%
[2026-03-23 21:00:51]     [DONE] T2: Coin flip        | LA Kings vs. CGY Flames             | Flames          @57.0%
[2026-03-23 21:00:51]     [DONE] T2: Coin flip        | EDM Oilers vs. UTA Mammoth          | Mammoth         @46.0%
[2026-03-23 21:00:51]     [SIGNAL] T2: Coin flip        | BOS Bruins vs. BUF Sabres           | Sabres          @40.0%
[2026-03-23 21:00:51]     [DONE] T2: Coin flip        | NYR Rangers vs. TOR Maple Leafs     | Maple Leafs     @54.0%
[2026-03-23 21:00:51]   Scanning MLB...
[2026-03-23 21:00:51]     Found 50 events
[2026-03-23 21:00:51]     [SIGNAL] T2: Coin flip        | New York Yankees vs. Chicago Cubs   | Chicago Cubs    @51.0%
[2026-03-23 21:00:51]     [DONE] T2: Coin flip        | New York Yankees vs. San Francisco  | San Francisco Giants @57.0%
[2026-03-23 21:00:51]     [SIGNAL] T2: Coin flip        | Minnesota Twins vs. Baltimore Oriol | Baltimore Orioles @45.0%
[2026-03-23 21:00:51]     [DONE] T2: Coin flip        | Kansas City Royals vs. Texas Ranger | Texas Rangers   @46.0%
[2026-03-23 21:00:51]     [DONE] T2: Coin flip        | Detroit Tigers vs. Colorado Rockies | Colorado Rockies @56.0%
[2026-03-23 21:00:51]     [SIGNAL] T2: Coin flip        | Cleveland Guardians vs. Seattle Mar | Seattle Mariners @44.0%
[2026-03-23 21:00:51]     [DONE] T2: Coin flip        | Cleveland Guardians vs. Arizona Dia | Arizona Diamondbacks @47.0%
[2026-03-23 21:00:51]     [DONE] T2: Coin flip        | Tampa Bay Rays vs. Atlanta Braves   | Atlanta Braves  @50.0%
[2026-03-23 21:00:51]     [SIGNAL] T2: Coin flip        | Los Angeles Angels vs. Los Angeles  | Los Angeles Dodgers @47.0%
[2026-03-23 21:00:51]     [DONE] T2: Coin flip        | Los Angeles Angels vs. Los Angeles  | Los Angeles Dodgers @41.0%
[2026-03-23 21:00:51]     [SIGNAL] T1: B fav 75-90%     | Kansas City Royals vs. Texas Ranger | Texas Rangers   @77.0%
[2026-03-23 21:00:51]     [DONE] T2: Coin flip        | Tampa Bay Rays vs. St. Louis Cardin | St. Louis Cardinals @58.0%
[2026-03-23 21:00:51]     [DONE] T2: Coin flip        | Texas Rangers vs. Philadelphia Phil | Philadelphia Phillies @48.0%
[2026-03-23 21:00:51]     [SIGNAL] T2: Coin flip        | Los Angeles Angels vs. Houston Astr | Houston Astros  @43.0%
[2026-03-23 21:00:51]     [DONE] T2: Coin flip        | Cincinnati Reds vs. Milwaukee Brewe | Milwaukee Brewers @46.0%
[2026-03-23 21:00:51]     [DONE] T2: Coin flip        | Pittsburgh Pirates vs. New York Met | Pittsburgh Pirates @51.0%
[2026-03-23 21:00:52]   Scanning ATP...
[2026-03-23 21:00:52]     Found 50 events
[2026-03-23 21:00:52]     [DONE] T2: Coin flip        | Quentin Halys vs. Kamil Majchrzak   | Kamil Majchrzak @46.0%
[2026-03-23 21:00:52]     [SIGNAL] T2: Coin flip        | Kaichi Uchida vs. Fajing Sun        | Fajing Sun      @44.0%
[2026-03-23 21:00:52]     [SIGNAL] T2: Coin flip        | Liam Broady vs. James Kent Trotter  | James Kent Trotter @56.0%
[2026-03-23 21:00:52]     [DONE] T2: Coin flip        | Yuta Shimizu vs. Jie Cui            | Jie Cui         @43.0%
[2026-03-23 21:00:52]   Scanning WTA...
[2026-03-23 21:00:52]     Found 17 events
[2026-03-23 21:00:52] 
[2026-03-23 21:00:52]   Total qualifying markets: 34
[2026-03-23 21:00:52]     T1: B fav 75-90%: 1
[2026-03-23 21:00:52]     T2: Coin flip: 33
[2026-03-23 21:00:52]   New (not yet bet): 9
[2026-03-23 21:00:52] 
[2026-03-23 21:00:52]   PLACING BETS:
[2026-03-23 21:00:52]   -----------------------------------------------------------------
[2026-03-23 21:00:52]     SKIP Sabres — price moved out of tier range
[2026-03-23 21:00:52]     SKIP Chicago Cubs — price moved out of tier range
[2026-03-23 21:00:52]     SKIP Baltimore Orioles — price moved out of tier range
[2026-03-23 21:00:52]     SKIP Seattle Mariners — price moved out of tier range
[2026-03-23 21:00:52]     SKIP Los Angeles Dodgers — price moved out of tier range
[2026-03-23 21:00:52]     SKIP Texas Rangers — price moved out of tier range
[2026-03-23 21:00:52]     SKIP Houston Astros — price moved out of tier range
[2026-03-23 21:00:53]     [T2: Coin flip] Betting $1.95 (2%) on Fajing Sun @ 57.0% | ATP Kaichi Uchida vs. Fajing Sun
[2026-03-23 21:00:53]     Previewing order: 3 shares @ $0.57 = $1.95 (NO)
[2026-03-23 21:00:53]     Preview OK: {"order": {"id": "", "marketSlug": "aec-atp-kaiuch-fajsun-2026-03-23", "side": "ORDER_SIDE_SELL", "type": "ORDER_TYPE_LIMIT", "price": {"value": "0.43", "currency": "USD"}, "quantity": 3, "cumQuantity
[2026-03-23 21:00:53]     Order result: {"id": "8Z6XDFG02G1H", "executions": []}
[2026-03-23 21:00:53]     BET PLACED on Fajing Sun
[2026-03-23 21:00:53]     [T2: Coin flip] Betting $1.95 (2%) on James Kent Trotter @ 45.0% | ATP Liam Broady vs. James Kent Tro
[2026-03-23 21:00:53]     Previewing order: 4 shares @ $0.45 = $1.95 (NO)
[2026-03-23 21:00:53]     Preview OK: {"order": {"id": "", "marketSlug": "aec-atp-liabro-jamtro-2026-03-24", "side": "ORDER_SIDE_SELL", "type": "ORDER_TYPE_LIMIT", "price": {"value": "0.55", "currency": "USD"}, "quantity": 4, "cumQuantity
[2026-03-23 21:00:53]     Order result: {"id": "8Z6X7AF06GMH", "executions": []}
[2026-03-23 21:00:53]     BET PLACED on James Kent Trotter
[2026-03-23 21:00:54] 
  Updated Balance: $218.73 | Buying Power: $93.73
[2026-03-23 17:51:10] =================================================================
[2026-03-23 17:51:10]   POLYMARKET — HYBRID 5-TIER BOT
[2026-03-23 17:51:10]   Mode: DRY RUN | Sizing: 3% of bankroll
[2026-03-23 17:51:10]   Leagues: nba, cbb, epl, nhl, mlb, atp, wta
[2026-03-23 17:51:10]   Sizing: 3% (NBA/CBB/EPL) | 2% (NHL/MLB)
[2026-03-23 17:51:10]   Tiers: T1=B fav 75-90% | T2=Coin flip
[2026-03-23 17:51:10]          T3=CBB B dog 50-55% | T4=NBA 50/50
[2026-03-23 17:51:10]          T5=EPL Draw <35%
[2026-03-23 17:51:10] =================================================================
[2026-03-23 17:51:10] 
[2026-03-23 17:51:10] =================================================================
[2026-03-23 17:51:10]   SCANNING — HYBRID 5-TIER STRATEGY
[2026-03-23 17:51:10] =================================================================
[2026-03-23 17:51:10]   Balance: $217.46 | Buying Power: $96.46
[2026-03-23 17:51:10]   Bet size: $2.89 (3% proven) / $1.93 (2% new leagues)
[2026-03-23 17:51:10] 
[2026-03-23 17:51:10]   WARNING: Could not fetch positions: 404 Client Error: Not Found for url: https://api.polymarket.us/v1/positions?limit=200
[2026-03-23 17:51:10]   Scanning NBA...
[2026-03-23 17:51:11]     Found 14 events
[2026-03-23 17:51:11]     [DONE] T2: Coin flip fav    | Los Angeles L vs. Detroit           | Pistons         @53.0%
[2026-03-23 17:51:11]     [DONE] T2: Coin flip fav    | Golden State vs. Dallas             | Mavericks       @54.0%
[2026-03-23 17:51:11]   Scanning CBB...
[2026-03-23 17:51:11]     Found 2 events
[2026-03-23 17:51:11]   Scanning EPL...
[2026-03-23 17:51:11]     Found 0 events
[2026-03-23 17:51:11]   Scanning NHL...
[2026-03-23 17:51:11]     Found 18 events
[2026-03-23 17:51:11]     [DONE] T2: Coin flip dog    | SEA Kraken vs. FLA Panthers         | Panthers        @43.0%
[2026-03-23 17:51:11]     [DONE] T2: Coin flip dog    | CBJ Blue Jackets vs. PHI Flyers     | Blue Jackets    @54.0%
[2026-03-23 17:51:11]     [DONE] T2: Coin flip dog    | CAR Hurricanes vs. MON Canadiens    | Canadiens       @55.0%
[2026-03-23 17:51:11]     [DONE] T2: Coin flip dog    | OTT Senators vs. DET Red Wings      | Senators        @48.0%
[2026-03-23 17:51:11]     [DONE] T2: Coin flip dog    | MIN Wild vs. TB Lightning           | Lightning       @39.0%
[2026-03-23 17:51:11]     [DONE] T2: Coin flip dog    | VEG Golden Knights vs. WPG Jets     | Golden Knights  @52.0%
[2026-03-23 17:51:11]     [DONE] T2: Coin flip dog    | SJ Sharks vs. NAS Predators         | Sharks          @43.0%
[2026-03-23 17:51:11]     [DONE] T2: Coin flip dog    | WAS Capitals vs. STL Blues          | Blues           @52.0%
[2026-03-23 17:51:11]     [DONE] T2: Coin flip dog    | LA Kings vs. CGY Flames             | Kings           @57.0%
[2026-03-23 17:51:11]     [DONE] T2: Coin flip dog    | EDM Oilers vs. UTA Mammoth          | Oilers          @45.0%
[2026-03-23 17:51:11]     [SIGNAL] T2: Coin flip dog    | BOS Bruins vs. BUF Sabres           | Bruins          @37.0%
[2026-03-23 17:51:11]     [DONE] T2: Coin flip dog    | NYR Rangers vs. TOR Maple Leafs     | Rangers         @48.0%
[2026-03-23 17:51:11]   Scanning MLB...
[2026-03-23 17:51:11]     Found 50 events
[2026-03-23 17:51:11]     [SIGNAL] T1: B fav 75-90%     | New York Yankees vs. Chicago Cubs   | Chicago Cubs    @75.0%
[2026-03-23 17:51:11]     [DONE] T2: Coin flip fav    | New York Yankees vs. San Francisco  | San Francisco Giants @56.0%
[2026-03-23 17:51:11]     [SIGNAL] T2: Coin flip fav    | Minnesota Twins vs. Baltimore Oriol | Baltimore Orioles @45.0%
[2026-03-23 17:51:11]     [DONE] T2: Coin flip fav    | Kansas City Royals vs. Texas Ranger | Texas Rangers   @45.0%
[2026-03-23 17:51:11]     [DONE] T2: Coin flip fav    | Detroit Tigers vs. Colorado Rockies | Colorado Rockies @57.0%
[2026-03-23 17:51:11]     [SIGNAL] T2: Coin flip fav    | Cleveland Guardians vs. Seattle Mar | Seattle Mariners @41.0%
[2026-03-23 17:51:11]     [DONE] T2: Coin flip fav    | Cleveland Guardians vs. Arizona Dia | Arizona Diamondbacks @48.0%
[2026-03-23 17:51:11]     [DONE] T2: Coin flip fav    | Tampa Bay Rays vs. Atlanta Braves   | Atlanta Braves  @42.0%
[2026-03-23 17:51:11]     [DONE] T2: Coin flip fav    | Cincinnati Reds vs. Milwaukee Brewe | Milwaukee Brewers @54.0%
[2026-03-23 17:51:11]     [DONE] T2: Coin flip fav    | Tampa Bay Rays vs. St. Louis Cardin | St. Louis Cardinals @56.0%
[2026-03-23 17:51:11]     [DONE] T2: Coin flip fav    | Texas Rangers vs. Philadelphia Phil | Philadelphia Phillies @44.0%
[2026-03-23 17:51:11]     [DONE] T2: Coin flip fav    | Detroit Tigers vs. San Diego Padres | San Diego Padres @57.0%
[2026-03-23 17:51:11]     [DONE] T2: Coin flip fav    | Cincinnati Reds vs. Milwaukee Brewe | Milwaukee Brewers @46.0%
[2026-03-23 17:51:11]     [DONE] T2: Coin flip fav    | Pittsburgh Pirates vs. New York Met | Pittsburgh Pirates @49.0%
[2026-03-23 17:51:12]   Scanning ATP...
[2026-03-23 17:51:12]     Found 50 events
[2026-03-23 17:51:12]     [SIGNAL] T2: Coin flip fav    | Harry Wendelken vs. Yi Zhou         | Yi Zhou         @43.0%
[2026-03-23 17:51:12]     [DONE] T2: Coin flip fav    | Kaichi Uchida vs. Fajing Sun        | Fajing Sun      @44.0%
[2026-03-23 17:51:12]     [DONE] T2: Coin flip fav    | Liam Broady vs. James Kent Trotter  | James Kent Trotter @56.0%
[2026-03-23 17:51:12]     [DONE] T2: Coin flip fav    | Yuta Shimizu vs. Jie Cui            | Jie Cui         @43.0%
[2026-03-23 17:51:12]     [SIGNAL] T2: Coin flip fav    | Dimitar Kuzmanov vs. Nerman Fatic   | Nerman Fatic    @44.0%
[2026-03-23 17:51:12]     [SIGNAL] T2: Coin flip fav    | Roman Safiullin vs. Gilles Arnaud B | Gilles Arnaud Bailly @55.0%
[2026-03-23 17:51:12]   Scanning WTA...
[2026-03-23 17:51:12]     Found 15 events
[2026-03-23 17:51:12] 
[2026-03-23 17:51:12]   Total qualifying markets: 34
[2026-03-23 17:51:12]     T1: B fav 75-90%: 1
[2026-03-23 17:51:12]     T2: Coin flip fav: 21
[2026-03-23 17:51:12]     T2: Coin flip dog: 12
[2026-03-23 17:51:12]   New (not yet bet): 7
[2026-03-23 17:51:12] 
[2026-03-23 17:51:12]   DRY RUN — use --live to actually place bets
[2026-03-23 17:51:12]   -----------------------------------------------------------------
[2026-03-23 17:51:12]     [T2: Coin flip dog] WOULD BET $1.93 (2%) on Bruins          @37.0% | NHL BOS Bruins vs. BUF Sabres
[2026-03-23 17:51:12]     [T1: B fav 75-90%] WOULD BET $1.45 (1.5%) on Chicago Cubs    @75.0% | MLB New York Yankees vs. Chicago C
[2026-03-23 17:51:12]     [T2: Coin flip fav] WOULD BET $1.93 (2%) on Baltimore Orioles @45.0% | MLB Minnesota Twins vs. Baltimore 
[2026-03-23 17:51:12]     [T2: Coin flip fav] WOULD BET $1.93 (2%) on Seattle Mariners @41.0% | MLB Cleveland Guardians vs. Seattl
[2026-03-23 17:51:12]     [T2: Coin flip fav] WOULD BET $1.93 (2%) on Yi Zhou         @43.0% | ATP Harry Wendelken vs. Yi Zhou
[2026-03-23 17:51:12]     [T2: Coin flip fav] WOULD BET $1.93 (2%) on Nerman Fatic    @44.0% | ATP Dimitar Kuzmanov vs. Nerman Fa
[2026-03-23 17:51:12]     [T2: Coin flip fav] WOULD BET $1.93 (2%) on Gilles Arnaud Bailly @55.0% | ATP Roman Safiullin vs. Gilles Arn
[2026-05-18 04:50:33] =================================================================
[2026-05-18 04:50:33]   POLYMARKET — MULTI-TIER BOT
[2026-05-18 04:50:33]   Mode: LIVE | Sizing: 3% of bankroll
[2026-05-18 04:50:33]   Leagues: NBA, CBB, NHL
[2026-05-18 04:50:33]   Bet window: 2h before game start
[2026-05-18 04:50:33]   Sizing: 3% (NBA/CBB) | 2% (NHL/MLB/EPL/DOTA2)
[2026-05-18 04:50:33]   Tiers: T1=B fav 75-90% | T2=Coin flip fav | T6=Coin flip dog
[2026-05-18 04:50:33]          T3=CBB B dog 50-55% | T4=NBA 50/50
[2026-05-18 04:50:33]          T7=60%+ fav (DOTA2/EPL/MLB)
[2026-05-18 04:50:33] =================================================================
[2026-05-18 04:50:33] 
[2026-05-18 04:50:33] =================================================================
[2026-05-18 04:50:33]   SCANNING — HYBRID 5-TIER STRATEGY
[2026-05-18 04:50:33] =================================================================
[2026-05-18 04:50:33]   Balance: $181.65 | Buying Power: $181.65
[2026-05-18 04:50:33]   Bet size: $5.45 (3% proven) / $3.63 (2% new leagues)
[2026-05-18 04:50:33] 
[2026-05-18 04:50:33]   WARNING: Could not fetch positions: 404 Client Error: Not Found for url: https://api.polymarket.us/v1/positions?limit=200
[2026-05-18 04:50:33]   WARNING: Could not fetch open orders: 501 Server Error: Not Implemented for url: https://api.polymarket.us/v1/orders?status=live&limit=200
[2026-05-18 04:50:33]   Scanning NBA...
[2026-05-18 04:50:33]     Found 4 events
[2026-05-18 04:50:33]   Scanning CBB...
[2026-05-18 04:50:33]     Found 0 events
[2026-05-18 04:50:33]   Scanning NHL...
[2026-05-18 04:50:33]     Found 4 events
[2026-05-18 04:50:33] 
[2026-05-18 04:50:33]   Total qualifying markets: 0
[2026-05-18 04:50:33]   New (not yet bet): 0
[2026-05-18 04:50:33] 
[2026-05-18 04:50:33]   No new qualifying markets found.
[2026-05-18 06:44:14] =================================================================
[2026-05-18 06:44:14]   POLYMARKET — MULTI-TIER BOT
[2026-05-18 06:44:14]   Mode: LIVE | Sizing: 3% of bankroll
[2026-05-18 06:44:14]   Leagues: NBA, CBB, NHL
[2026-05-18 06:44:14]   Bet window: 2h before game start
[2026-05-18 06:44:14]   Sizing: 3% (NBA/CBB) | 2% (NHL/MLB/EPL/DOTA2)
[2026-05-18 06:44:14]   Tiers: T1=B fav 75-90% | T2=Coin flip fav | T6=Coin flip dog
[2026-05-18 06:44:14]          T3=CBB B dog 50-55% | T4=NBA 50/50
[2026-05-18 06:44:14]          T7=60%+ fav (DOTA2/EPL/MLB)
[2026-05-18 06:44:14] =================================================================
[2026-05-18 06:44:14] 
[2026-05-18 06:44:14] =================================================================
[2026-05-18 06:44:14]   SCANNING — HYBRID 5-TIER STRATEGY
[2026-05-18 06:44:14] =================================================================
[2026-05-18 06:44:15]   Balance: $181.65 | Buying Power: $181.65
[2026-05-18 06:44:15]   Bet size: $5.45 (3% proven) / $3.63 (2% new leagues)
[2026-05-18 06:44:15] 
[2026-05-18 06:44:15]   WARNING: Could not fetch positions: 404 Client Error: Not Found for url: https://api.polymarket.us/v1/positions?limit=200
[2026-05-18 06:44:15]   WARNING: Could not fetch open orders: 501 Server Error: Not Implemented for url: https://api.polymarket.us/v1/orders?status=live&limit=200
[2026-05-18 06:44:15]   Scanning NBA...
[2026-05-18 06:44:15]     Found 4 events
[2026-05-18 06:44:15]   Scanning CBB...
[2026-05-18 06:44:15]     Found 0 events
[2026-05-18 06:44:15]   Scanning NHL...
[2026-05-18 06:44:15]     Found 4 events
[2026-05-18 06:44:15] 
[2026-05-18 06:44:15]   Total qualifying markets: 0
[2026-05-18 06:44:15]   New (not yet bet): 0
[2026-05-18 06:44:15] 
[2026-05-18 06:44:15]   No new qualifying markets found.
[2026-05-18 08:56:41] =================================================================
[2026-05-18 08:56:41]   POLYMARKET — MULTI-TIER BOT
[2026-05-18 08:56:41]   Mode: LIVE | Sizing: 3% of bankroll
[2026-05-18 08:56:41]   Leagues: NBA, CBB, NHL
[2026-05-18 08:56:41]   Bet window: 2h before game start
[2026-05-18 08:56:41]   Sizing: 3% (NBA/CBB) | 2% (NHL/MLB/EPL/DOTA2)
[2026-05-18 08:56:41]   Tiers: T1=B fav 75-90% | T2=Coin flip fav | T6=Coin flip dog
[2026-05-18 08:56:41]          T3=CBB B dog 50-55% | T4=NBA 50/50
[2026-05-18 08:56:41]          T7=60%+ fav (DOTA2/EPL/MLB)
[2026-05-18 08:56:41] =================================================================
[2026-05-18 08:56:41] 
[2026-05-18 08:56:41] =================================================================
[2026-05-18 08:56:41]   SCANNING — HYBRID 5-TIER STRATEGY
[2026-05-18 08:56:41] =================================================================
[2026-05-18 08:56:41]   Balance: $181.65 | Buying Power: $181.65
[2026-05-18 08:56:41]   Bet size: $5.45 (3% proven) / $3.63 (2% new leagues)
[2026-05-18 08:56:41] 
[2026-05-18 08:56:41]   WARNING: Could not fetch positions: 404 Client Error: Not Found for url: https://api.polymarket.us/v1/positions?limit=200
[2026-05-18 08:56:41]   WARNING: Could not fetch open orders: 501 Server Error: Not Implemented for url: https://api.polymarket.us/v1/orders?status=live&limit=200
[2026-05-18 08:56:41]   Scanning NBA...
[2026-05-18 08:56:41]     Found 8 events
[2026-05-18 08:56:41]   Scanning CBB...
[2026-05-18 08:56:41]     Found 0 events
[2026-05-18 08:56:42]   Scanning NHL...
[2026-05-18 08:56:42]     Found 4 events
[2026-05-18 08:56:42] 
[2026-05-18 08:56:42]   Total qualifying markets: 0
[2026-05-18 08:56:42]   New (not yet bet): 0
[2026-05-18 08:56:42] 
[2026-05-18 08:56:42]   No new qualifying markets found.
[2026-05-18 10:57:25] =================================================================
[2026-05-18 10:57:25]   POLYMARKET — MULTI-TIER BOT
[2026-05-18 10:57:25]   Mode: LIVE | Sizing: 3% of bankroll
[2026-05-18 10:57:25]   Leagues: NBA, CBB, NHL
[2026-05-18 10:57:25]   Bet window: 2h before game start
[2026-05-18 10:57:25]   Sizing: 3% (NBA/CBB) | 2% (NHL/MLB/EPL/DOTA2)
[2026-05-18 10:57:25]   Tiers: T1=B fav 75-90% | T2=Coin flip fav | T6=Coin flip dog
[2026-05-18 10:57:25]          T3=CBB B dog 50-55% | T4=NBA 50/50
[2026-05-18 10:57:25]          T7=60%+ fav (DOTA2/EPL/MLB)
[2026-05-18 10:57:25] =================================================================
[2026-05-18 10:57:25] 
[2026-05-18 10:57:25] =================================================================
[2026-05-18 10:57:25]   SCANNING — HYBRID 5-TIER STRATEGY
[2026-05-18 10:57:25] =================================================================
[2026-05-18 10:57:25]   Balance: $181.65 | Buying Power: $181.65
[2026-05-18 10:57:25]   Bet size: $5.45 (3% proven) / $3.63 (2% new leagues)
[2026-05-18 10:57:25] 
[2026-05-18 10:57:25]   WARNING: Could not fetch positions: 404 Client Error: Not Found for url: https://api.polymarket.us/v1/positions?limit=200
[2026-05-18 10:57:25]   WARNING: Could not fetch open orders: 501 Server Error: Not Implemented for url: https://api.polymarket.us/v1/orders?status=live&limit=200
[2026-05-18 10:57:25]   Scanning NBA...
[2026-05-18 10:57:25]     Found 8 events
[2026-05-18 10:57:25]   Scanning CBB...
[2026-05-18 10:57:25]     Found 0 events
[2026-05-18 10:57:25]   Scanning NHL...
[2026-05-18 10:57:26]     Found 4 events
[2026-05-18 10:57:26] 
[2026-05-18 10:57:26]   Total qualifying markets: 0
[2026-05-18 10:57:26]   New (not yet bet): 0
[2026-05-18 10:57:26] 
[2026-05-18 10:57:26]   No new qualifying markets found.
[2026-05-18 12:50:59] =================================================================
[2026-05-18 12:50:59]   POLYMARKET — MULTI-TIER BOT
[2026-05-18 12:50:59]   Mode: LIVE | Sizing: 3% of bankroll
[2026-05-18 12:50:59]   Leagues: NBA, CBB, NHL
[2026-05-18 12:50:59]   Bet window: 2h before game start
[2026-05-18 12:50:59]   Sizing: 3% (NBA/CBB) | 2% (NHL/MLB/EPL/DOTA2)
[2026-05-18 12:50:59]   Tiers: T1=B fav 75-90% | T2=Coin flip fav | T6=Coin flip dog
[2026-05-18 12:50:59]          T3=CBB B dog 50-55% | T4=NBA 50/50
[2026-05-18 12:50:59]          T7=60%+ fav (DOTA2/EPL/MLB)
[2026-05-18 12:50:59] =================================================================
[2026-05-18 12:50:59] 
[2026-05-18 12:50:59] =================================================================
[2026-05-18 12:50:59]   SCANNING — HYBRID 5-TIER STRATEGY
[2026-05-18 12:50:59] =================================================================
[2026-05-18 12:50:59]   Balance: $181.65 | Buying Power: $181.65
[2026-05-18 12:50:59]   Bet size: $5.45 (3% proven) / $3.63 (2% new leagues)
[2026-05-18 12:50:59] 
[2026-05-18 12:50:59]   WARNING: Could not fetch positions: 404 Client Error: Not Found for url: https://api.polymarket.us/v1/positions?limit=200
[2026-05-18 12:50:59]   WARNING: Could not fetch open orders: 501 Server Error: Not Implemented for url: https://api.polymarket.us/v1/orders?status=live&limit=200
[2026-05-18 12:50:59]   Scanning NBA...
[2026-05-18 12:50:59]     Found 8 events
[2026-05-18 12:50:59]   Scanning CBB...
[2026-05-18 12:50:59]     Found 0 events
[2026-05-18 12:50:59]   Scanning NHL...
[2026-05-18 12:50:59]     Found 4 events
[2026-05-18 12:50:59] 
[2026-05-18 12:50:59]   Total qualifying markets: 0
[2026-05-18 12:50:59]   New (not yet bet): 0
[2026-05-18 12:50:59] 
[2026-05-18 12:50:59]   No new qualifying markets found.
[2026-05-18 14:28:08] =================================================================
[2026-05-18 14:28:08]   POLYMARKET — MULTI-TIER BOT
[2026-05-18 14:28:08]   Mode: LIVE | Sizing: 3% of bankroll
[2026-05-18 14:28:08]   Leagues: NBA, CBB, NHL
[2026-05-18 14:28:08]   Bet window: 2h before game start
[2026-05-18 14:28:08]   Sizing: 3% (NBA/CBB) | 2% (NHL/MLB/EPL/DOTA2)
[2026-05-18 14:28:08]   Tiers: T1=B fav 75-90% | T2=Coin flip fav | T6=Coin flip dog
[2026-05-18 14:28:08]          T3=CBB B dog 50-55% | T4=NBA 50/50
[2026-05-18 14:28:08]          T7=60%+ fav (DOTA2/EPL/MLB)
[2026-05-18 14:28:08] =================================================================
[2026-05-18 14:28:08] 
[2026-05-18 14:28:08] =================================================================
[2026-05-18 14:28:08]   SCANNING — HYBRID 5-TIER STRATEGY
[2026-05-18 14:28:08] =================================================================
[2026-05-18 14:28:08]   Balance: $181.65 | Buying Power: $181.65
[2026-05-18 14:28:08]   Bet size: $5.45 (3% proven) / $3.63 (2% new leagues)
[2026-05-18 14:28:08] 
[2026-05-18 14:28:08]   WARNING: Could not fetch positions: 404 Client Error: Not Found for url: https://api.polymarket.us/v1/positions?limit=200
[2026-05-18 14:28:08]   WARNING: Could not fetch open orders: 501 Server Error: Not Implemented for url: https://api.polymarket.us/v1/orders?status=live&limit=200
[2026-05-18 14:28:08]   Scanning NBA...
[2026-05-18 14:28:09]     Found 8 events
[2026-05-18 14:28:09]   Scanning CBB...
[2026-05-18 14:28:09]     Found 0 events
[2026-05-18 14:28:09]   Scanning NHL...
[2026-05-18 14:28:09]     Found 4 events
[2026-05-18 14:28:09] 
[2026-05-18 14:28:09]   Total qualifying markets: 0
[2026-05-18 14:28:09]   New (not yet bet): 0
[2026-05-18 14:28:09] 
[2026-05-18 14:28:09]   No new qualifying markets found.
[2026-05-18 16:38:52] =================================================================
[2026-05-18 16:38:52]   POLYMARKET — MULTI-TIER BOT
[2026-05-18 16:38:52]   Mode: LIVE | Sizing: 3% of bankroll
[2026-05-18 16:38:52]   Leagues: NBA, CBB, NHL
[2026-05-18 16:38:52]   Bet window: 2h before game start
[2026-05-18 16:38:52]   Sizing: 3% (NBA/CBB) | 2% (NHL/MLB/EPL/DOTA2)
[2026-05-18 16:38:52]   Tiers: T1=B fav 75-90% | T2=Coin flip fav | T6=Coin flip dog
[2026-05-18 16:38:52]          T3=CBB B dog 50-55% | T4=NBA 50/50
[2026-05-18 16:38:52]          T7=60%+ fav (DOTA2/EPL/MLB)
[2026-05-18 16:38:52] =================================================================
[2026-05-18 16:38:52] 
[2026-05-18 16:38:52] =================================================================
[2026-05-18 16:38:52]   SCANNING — HYBRID 5-TIER STRATEGY
[2026-05-18 16:38:52] =================================================================
[2026-05-18 16:38:53]   Balance: $181.65 | Buying Power: $181.65
[2026-05-18 16:38:53]   Bet size: $5.45 (3% proven) / $3.63 (2% new leagues)
[2026-05-18 16:38:53] 
[2026-05-18 16:38:53]   WARNING: Could not fetch positions: 404 Client Error: Not Found for url: https://api.polymarket.us/v1/positions?limit=200
[2026-05-18 16:38:53]   WARNING: Could not fetch open orders: 501 Server Error: Not Implemented for url: https://api.polymarket.us/v1/orders?status=live&limit=200
[2026-05-18 16:38:53]   Scanning NBA...
[2026-05-18 16:38:53]     Found 8 events
[2026-05-18 16:38:53]   Scanning CBB...
[2026-05-18 16:38:53]     Found 0 events
[2026-05-18 16:38:53]   Scanning NHL...
[2026-05-18 16:38:53]     Found 4 events
[2026-05-18 16:38:53] 
[2026-05-18 16:38:53]   Total qualifying markets: 0
[2026-05-18 16:38:53]   New (not yet bet): 0
[2026-05-18 16:38:53] 
[2026-05-18 16:38:53]   No new qualifying markets found.
[2026-05-18 17:24:38] =================================================================
[2026-05-18 17:24:38]   POLYMARKET — MULTI-TIER BOT
[2026-05-18 17:24:38]   Mode: LIVE | Sizing: 3% of bankroll
[2026-05-18 17:24:38]   Leagues: NBA, CBB, NHL
[2026-05-18 17:24:38]   Bet window: 2h before game start
[2026-05-18 17:24:38]   Sizing: 3% (NBA/CBB) | 2% (NHL/MLB/EPL/DOTA2)
[2026-05-18 17:24:38]   Tiers: T1=B fav 75-90% | T2=Coin flip fav | T6=Coin flip dog
[2026-05-18 17:24:38]          T3=CBB B dog 50-55% | T4=NBA 50/50
[2026-05-18 17:24:38]          T7=60%+ fav (DOTA2/EPL/MLB)
[2026-05-18 17:24:38] =================================================================
[2026-05-18 17:24:38] 
[2026-05-18 17:24:38] =================================================================
[2026-05-18 17:24:38]   SCANNING — HYBRID 5-TIER STRATEGY
[2026-05-18 17:24:38] =================================================================
[2026-05-18 17:24:38]   Balance: $181.65 | Buying Power: $181.65
[2026-05-18 17:24:38]   Bet size: $5.45 (3% proven) / $3.63 (2% new leagues)
[2026-05-18 17:24:38] 
[2026-05-18 17:24:38]   WARNING: Could not fetch positions: 404 Client Error: Not Found for url: https://api.polymarket.us/v1/positions?limit=200
[2026-05-18 17:24:38]   WARNING: Could not fetch open orders: 501 Server Error: Not Implemented for url: https://api.polymarket.us/v1/orders?status=live&limit=200
[2026-05-18 17:24:38]   Scanning NBA...
[2026-05-18 17:24:38]     Found 8 events
[2026-05-18 17:24:38]   Scanning CBB...
[2026-05-18 17:24:39]     Found 0 events
[2026-05-18 17:24:39]   Scanning NHL...
[2026-05-18 17:24:39]     Found 4 events
[2026-05-18 17:24:39] 
[2026-05-18 17:24:39]   Total qualifying markets: 0
[2026-05-18 17:24:39]   New (not yet bet): 0
[2026-05-18 17:24:39] 
[2026-05-18 17:24:39]   No new qualifying markets found.
[2026-05-18 19:12:48] =================================================================
[2026-05-18 19:12:48]   POLYMARKET — MULTI-TIER BOT
[2026-05-18 19:12:48]   Mode: LIVE | Sizing: 3% of bankroll
[2026-05-18 19:12:48]   Leagues: NBA, CBB, NHL
[2026-05-18 19:12:48]   Bet window: 2h before game start
[2026-05-18 19:12:48]   Sizing: 3% (NBA/CBB) | 2% (NHL/MLB/EPL/DOTA2)
[2026-05-18 19:12:48]   Tiers: T1=B fav 75-90% | T2=Coin flip fav | T6=Coin flip dog
[2026-05-18 19:12:48]          T3=CBB B dog 50-55% | T4=NBA 50/50
[2026-05-18 19:12:48]          T7=60%+ fav (DOTA2/EPL/MLB)
[2026-05-18 19:12:48] =================================================================
[2026-05-18 19:12:48] 
[2026-05-18 19:12:48] =================================================================
[2026-05-18 19:12:48]   SCANNING — HYBRID 5-TIER STRATEGY
[2026-05-18 19:12:48] =================================================================
[2026-05-18 19:12:48]   Balance: $181.65 | Buying Power: $181.65
[2026-05-18 19:12:48]   Bet size: $5.45 (3% proven) / $3.63 (2% new leagues)
[2026-05-18 19:12:48] 
[2026-05-18 19:12:48]   WARNING: Could not fetch positions: 404 Client Error: Not Found for url: https://api.polymarket.us/v1/positions?limit=200
[2026-05-18 19:12:48]   WARNING: Could not fetch open orders: 501 Server Error: Not Implemented for url: https://api.polymarket.us/v1/orders?status=live&limit=200
[2026-05-18 19:12:48]   Scanning NBA...
[2026-05-18 19:12:48]     Found 8 events
[2026-05-18 19:12:48]   Scanning CBB...
[2026-05-18 19:12:48]     Found 0 events
[2026-05-18 19:12:48]   Scanning NHL...
[2026-05-18 19:12:48]     Found 4 events
[2026-05-18 19:12:49] 
[2026-05-18 19:12:49]   Total qualifying markets: 0
[2026-05-18 19:12:49]   New (not yet bet): 0
[2026-05-18 19:12:49] 
[2026-05-18 19:12:49]   No new qualifying markets found.
[2026-05-18 19:23:38] =================================================================
[2026-05-18 19:23:38]   POLYMARKET — MULTI-TIER BOT
[2026-05-18 19:23:38]   Mode: LIVE | Sizing: 3% of bankroll
[2026-05-18 19:23:38]   Leagues: NBA, CBB, NHL
[2026-05-18 19:23:38]   Bet window: 2h before game start
[2026-05-18 19:23:38]   Sizing: 3% (NBA/CBB) | 2% (NHL/MLB/EPL/DOTA2)
[2026-05-18 19:23:38]   Tiers: T1=B fav 75-90% | T2=Coin flip fav | T6=Coin flip dog
[2026-05-18 19:23:38]          T3=CBB B dog 50-55% | T4=NBA 50/50
[2026-05-18 19:23:38]          T7=60%+ fav (DOTA2/EPL/MLB)
[2026-05-18 19:23:38] =================================================================
[2026-05-18 19:23:38] 
[2026-05-18 19:23:38] =================================================================
[2026-05-18 19:23:38]   SCANNING — HYBRID 5-TIER STRATEGY
[2026-05-18 19:23:38] =================================================================
[2026-05-18 19:23:38]   Balance: $181.65 | Buying Power: $181.65
[2026-05-18 19:23:38]   Bet size: $5.45 (3% proven) / $3.63 (2% new leagues)
[2026-05-18 19:23:38] 
[2026-05-18 19:23:38]   WARNING: Could not fetch positions: 404 Client Error: Not Found for url: https://api.polymarket.us/v1/positions?limit=200
[2026-05-18 19:23:39]   WARNING: Could not fetch open orders: 501 Server Error: Not Implemented for url: https://api.polymarket.us/v1/orders?status=live&limit=200
[2026-05-18 19:23:39]   Scanning NBA...
[2026-05-18 19:23:39]     Found 8 events
[2026-05-18 19:23:39]   Scanning CBB...
[2026-05-18 19:23:39]     Found 0 events
[2026-05-18 19:23:39]   Scanning NHL...
[2026-05-18 19:23:39]     Found 4 events
[2026-05-18 19:23:39] 
[2026-05-18 19:23:39]   Total qualifying markets: 0
[2026-05-18 19:23:39]   New (not yet bet): 0
[2026-05-18 19:23:39] 
[2026-05-18 19:23:39]   No new qualifying markets found.
[2026-05-18 20:52:52] =================================================================
[2026-05-18 20:52:52]   POLYMARKET — MULTI-TIER BOT
[2026-05-18 20:52:52]   Mode: LIVE | Sizing: 3% of bankroll
[2026-05-18 20:52:52]   Leagues: NBA, CBB, NHL
[2026-05-18 20:52:52]   Bet window: 2h before game start
[2026-05-18 20:52:52]   Sizing: 3% (NBA/CBB) | 2% (NHL/MLB/EPL/DOTA2)
[2026-05-18 20:52:52]   Tiers: T1=B fav 75-90% | T2=Coin flip fav | T6=Coin flip dog
[2026-05-18 20:52:52]          T3=CBB B dog 50-55% | T4=NBA 50/50
[2026-05-18 20:52:52]          T7=60%+ fav (DOTA2/EPL/MLB)
[2026-05-18 20:52:52] =================================================================
[2026-05-18 20:52:52] 
[2026-05-18 20:52:52] =================================================================
[2026-05-18 20:52:52]   SCANNING — HYBRID 5-TIER STRATEGY
[2026-05-18 20:52:52] =================================================================
[2026-05-18 20:52:52]   Balance: $181.65 | Buying Power: $181.65
[2026-05-18 20:52:52]   Bet size: $5.45 (3% proven) / $3.63 (2% new leagues)
[2026-05-18 20:52:52] 
[2026-05-18 20:52:52]   WARNING: Could not fetch positions: 404 Client Error: Not Found for url: https://api.polymarket.us/v1/positions?limit=200
[2026-05-18 20:52:53]   WARNING: Could not fetch open orders: 501 Server Error: Not Implemented for url: https://api.polymarket.us/v1/orders?status=live&limit=200
[2026-05-18 20:52:53]   Scanning NBA...
[2026-05-18 20:52:53]     Found 8 events
[2026-05-18 20:52:53]   Scanning CBB...
[2026-05-18 20:52:53]     Found 0 events
[2026-05-18 20:52:53]   Scanning NHL...
[2026-05-18 20:52:53]     Found 4 events
[2026-05-18 20:52:54] 
[2026-05-18 20:52:54]   Total qualifying markets: 0
[2026-05-18 20:52:54]   New (not yet bet): 0
[2026-05-18 20:52:54] 
[2026-05-18 20:52:54]   No new qualifying markets found.
[2026-05-18 21:01:22] =================================================================
[2026-05-18 21:01:22]   POLYMARKET — MULTI-TIER BOT
[2026-05-18 21:01:22]   Mode: LIVE | Sizing: 3% of bankroll
[2026-05-18 21:01:22]   Leagues: NBA, CBB, NHL
[2026-05-18 21:01:22]   Bet window: 2h before game start
[2026-05-18 21:01:22]   Sizing: 3% (NBA/CBB) | 2% (NHL/MLB/EPL/DOTA2)
[2026-05-18 21:01:22]   Tiers: T1=B fav 75-90% | T2=Coin flip fav | T6=Coin flip dog
[2026-05-18 21:01:22]          T3=CBB B dog 50-55% | T4=NBA 50/50
[2026-05-18 21:01:22]          T7=60%+ fav (DOTA2/EPL/MLB)
[2026-05-18 21:01:22] =================================================================
[2026-05-18 21:01:22] 
[2026-05-18 21:01:22] =================================================================
[2026-05-18 21:01:22]   SCANNING — HYBRID 5-TIER STRATEGY
[2026-05-18 21:01:22] =================================================================
[2026-05-18 21:01:22]   Balance: $181.65 | Buying Power: $181.65
[2026-05-18 21:01:22]   Bet size: $5.45 (3% proven) / $3.63 (2% new leagues)
[2026-05-18 21:01:22] 
[2026-05-18 21:01:22]   WARNING: Could not fetch positions: 404 Client Error: Not Found for url: https://api.polymarket.us/v1/positions?limit=200
[2026-05-18 21:01:22]   WARNING: Could not fetch open orders: 501 Server Error: Not Implemented for url: https://api.polymarket.us/v1/orders?status=live&limit=200
[2026-05-18 21:01:22]   Scanning NBA...
[2026-05-18 21:01:22]     Found 8 events
[2026-05-18 21:01:22]   Scanning CBB...
[2026-05-18 21:01:22]     Found 0 events
[2026-05-18 21:01:22]   Scanning NHL...
[2026-05-18 21:01:22]     Found 4 events
[2026-05-18 21:01:22] 
[2026-05-18 21:01:22]   Total qualifying markets: 0
[2026-05-18 21:01:22]   New (not yet bet): 0
[2026-05-18 21:01:22] 
[2026-05-18 21:01:22]   No new qualifying markets found.
[2026-05-18 22:32:26] =================================================================
[2026-05-18 22:32:26]   POLYMARKET — MULTI-TIER BOT
[2026-05-18 22:32:26]   Mode: LIVE | Sizing: 3% of bankroll
[2026-05-18 22:32:26]   Leagues: NBA, CBB, NHL
[2026-05-18 22:32:26]   Bet window: 2h before game start
[2026-05-18 22:32:26]   Sizing: 3% (NBA/CBB) | 2% (NHL/MLB/EPL/DOTA2)
[2026-05-18 22:32:26]   Tiers: T1=B fav 75-90% | T2=Coin flip fav | T6=Coin flip dog
[2026-05-18 22:32:26]          T3=CBB B dog 50-55% | T4=NBA 50/50
[2026-05-18 22:32:26]          T7=60%+ fav (DOTA2/EPL/MLB)
[2026-05-18 22:32:26] =================================================================
[2026-05-18 22:32:26] 
[2026-05-18 22:32:26] =================================================================
[2026-05-18 22:32:26]   SCANNING — HYBRID 5-TIER STRATEGY
[2026-05-18 22:32:26] =================================================================
[2026-05-18 22:32:26]   Balance: $181.65 | Buying Power: $181.65
[2026-05-18 22:32:26]   Bet size: $5.45 (3% proven) / $3.63 (2% new leagues)
[2026-05-18 22:32:26] 
[2026-05-18 22:32:26]   WARNING: Could not fetch positions: 404 Client Error: Not Found for url: https://api.polymarket.us/v1/positions?limit=200
[2026-05-18 22:32:26]   WARNING: Could not fetch open orders: 501 Server Error: Not Implemented for url: https://api.polymarket.us/v1/orders?status=live&limit=200
[2026-05-18 22:32:26]   Scanning NBA...
[2026-05-18 22:32:26]     Found 8 events
[2026-05-18 22:32:26]   Scanning CBB...
[2026-05-18 22:32:27]     Found 0 events
[2026-05-18 22:32:27]   Scanning NHL...
[2026-05-18 22:32:27]     Found 4 events
[2026-05-18 22:32:27]     [SIGNAL] T2: Coin flip dog    | Montreal Canadiens vs. Buffalo Sabr | Canadiens       @48.0%
[2026-05-18 22:32:27] 
[2026-05-18 22:32:27]   Total qualifying markets: 1
[2026-05-18 22:32:27]     T2: Coin flip dog: 1
[2026-05-18 22:32:27]   New (not yet bet): 1
[2026-05-18 22:32:27] 
[2026-05-18 22:32:27]   PLACING BETS:
[2026-05-18 22:32:27]   -----------------------------------------------------------------
[2026-05-18 22:32:27]     [T2: Coin flip dog] Betting $3.63 (2%) on Canadiens @ 49.0% | NHL Montreal Canadiens vs. Buffalo
[2026-05-18 22:32:27]     Previewing order: 7 shares @ $0.49 = $3.63 (YES)
[2026-05-18 22:32:27]     Preview OK: {"order": {"id": "", "marketSlug": "aec-nhl-mon-buf-2026-05-18", "side": "ORDER_SIDE_BUY", "type": "ORDER_TYPE_LIMIT", "price": {"value": "0.49", "currency": "USD"}, "quantity": 7, "cumQuantity": 0, "
[2026-05-18 22:32:27]     Order result: {"id": "A3BA4C7G0170", "executions": []}
[2026-05-18 22:32:27]     BET PLACED on Canadiens
[2026-05-18 22:32:28] 
  Updated Balance: $181.65 | Buying Power: $181.65
[2026-05-18 22:48:36] =================================================================
[2026-05-18 22:48:36]   POLYMARKET — MULTI-TIER BOT
[2026-05-18 22:48:36]   Mode: LIVE | Sizing: 3% of bankroll
[2026-05-18 22:48:36]   Leagues: NBA, CBB, NHL
[2026-05-18 22:48:36]   Bet window: 2h before game start
[2026-05-18 22:48:36]   Sizing: 3% (NBA/CBB) | 2% (NHL/MLB/EPL/DOTA2)
[2026-05-18 22:48:36]   Tiers: T1=B fav 75-90% | T2=Coin flip fav | T6=Coin flip dog
[2026-05-18 22:48:36]          T3=CBB B dog 50-55% | T4=NBA 50/50
[2026-05-18 22:48:36]          T7=60%+ fav (DOTA2/EPL/MLB)
[2026-05-18 22:48:36] =================================================================
[2026-05-18 22:48:36] 
[2026-05-18 22:48:36] =================================================================
[2026-05-18 22:48:36]   SCANNING — HYBRID 5-TIER STRATEGY
[2026-05-18 22:48:36] =================================================================
[2026-05-18 22:48:36]   Balance: $178.13 | Buying Power: $178.13
[2026-05-18 22:48:36]   Bet size: $5.34 (3% proven) / $3.56 (2% new leagues)
[2026-05-18 22:48:36] 
[2026-05-18 22:48:36]   WARNING: Could not fetch positions: 404 Client Error: Not Found for url: https://api.polymarket.us/v1/positions?limit=200
[2026-05-18 22:48:36]   WARNING: Could not fetch open orders: 501 Server Error: Not Implemented for url: https://api.polymarket.us/v1/orders?status=live&limit=200
[2026-05-18 22:48:36]   Scanning NBA...
[2026-05-18 22:48:37]     Found 8 events
[2026-05-18 22:48:37]   Scanning CBB...
[2026-05-18 22:48:37]     Found 0 events
[2026-05-18 22:48:37]   Scanning NHL...
[2026-05-18 22:48:37]     Found 4 events
[2026-05-18 22:48:37]     [DONE] T2: Coin flip dog    | Montreal Canadiens vs. Buffalo Sabr | Canadiens       @48.0%
[2026-05-18 22:48:37] 
[2026-05-18 22:48:37]   Total qualifying markets: 1
[2026-05-18 22:48:37]     T2: Coin flip dog: 1
[2026-05-18 22:48:37]   New (not yet bet): 0
[2026-05-18 22:48:37] 
[2026-05-18 22:48:37]   No new qualifying markets found.
[2026-05-18 23:55:33] =================================================================
[2026-05-18 23:55:33]   POLYMARKET — MULTI-TIER BOT
[2026-05-18 23:55:33]   Mode: LIVE | Sizing: 3% of bankroll
[2026-05-18 23:55:33]   Leagues: NBA, CBB, NHL
[2026-05-18 23:55:33]   Bet window: 2h before game start
[2026-05-18 23:55:33]   Sizing: 3% (NBA/CBB) | 2% (NHL/MLB/EPL/DOTA2)
[2026-05-18 23:55:33]   Tiers: T1=B fav 75-90% | T2=Coin flip fav | T6=Coin flip dog
[2026-05-18 23:55:33]          T3=CBB B dog 50-55% | T4=NBA 50/50
[2026-05-18 23:55:33]          T7=60%+ fav (DOTA2/EPL/MLB)
[2026-05-18 23:55:33] =================================================================
[2026-05-18 23:55:33] 
[2026-05-18 23:55:33] =================================================================
[2026-05-18 23:55:33]   SCANNING — HYBRID 5-TIER STRATEGY
[2026-05-18 23:55:33] =================================================================
[2026-05-18 23:55:33]   Balance: $178.13 | Buying Power: $178.13
[2026-05-18 23:55:33]   Bet size: $5.34 (3% proven) / $3.56 (2% new leagues)
[2026-05-18 23:55:33] 
[2026-05-18 23:55:33]   WARNING: Could not fetch positions: 404 Client Error: Not Found for url: https://api.polymarket.us/v1/positions?limit=200
[2026-05-18 23:55:33]   WARNING: Could not fetch open orders: 501 Server Error: Not Implemented for url: https://api.polymarket.us/v1/orders?status=live&limit=200
[2026-05-18 23:55:33]   Scanning NBA...
[2026-05-18 23:55:33]     Found 8 events
[2026-05-18 23:55:33]   Scanning CBB...
[2026-05-18 23:55:33]     Found 0 events
[2026-05-18 23:55:34]   Scanning NHL...
[2026-05-18 23:55:34]     Found 4 events
[2026-05-18 23:55:34] 
[2026-05-18 23:55:34]   Total qualifying markets: 0
[2026-05-18 23:55:34]   New (not yet bet): 0
[2026-05-18 23:55:34] 
[2026-05-18 23:55:34]   No new qualifying markets found.
[2026-05-19 01:29:48] =================================================================
[2026-05-19 01:29:48]   POLYMARKET — MULTI-TIER BOT
[2026-05-19 01:29:48]   Mode: LIVE | Sizing: 3% of bankroll
[2026-05-19 01:29:48]   Leagues: NBA, CBB, NHL
[2026-05-19 01:29:48]   Bet window: 2h before game start
[2026-05-19 01:29:48]   Sizing: 3% (NBA/CBB) | 2% (NHL/MLB/EPL/DOTA2)
[2026-05-19 01:29:48]   Tiers: T1=B fav 75-90% | T2=Coin flip fav | T6=Coin flip dog
[2026-05-19 01:29:48]          T3=CBB B dog 50-55% | T4=NBA 50/50
[2026-05-19 01:29:48]          T7=60%+ fav (DOTA2/EPL/MLB)
[2026-05-19 01:29:48] =================================================================
[2026-05-19 01:29:48] 
[2026-05-19 01:29:48] =================================================================
[2026-05-19 01:29:48]   SCANNING — HYBRID 5-TIER STRATEGY
[2026-05-19 01:29:48] =================================================================
[2026-05-19 01:29:48]   Balance: $178.13 | Buying Power: $178.13
[2026-05-19 01:29:48]   Bet size: $5.34 (3% proven) / $3.56 (2% new leagues)
[2026-05-19 01:29:48] 
[2026-05-19 01:29:48]   WARNING: Could not fetch positions: 404 Client Error: Not Found for url: https://api.polymarket.us/v1/positions?limit=200
[2026-05-19 01:29:48]   WARNING: Could not fetch open orders: 501 Server Error: Not Implemented for url: https://api.polymarket.us/v1/orders?status=live&limit=200
[2026-05-19 01:29:48]   Scanning NBA...
[2026-05-19 01:29:48]     Found 8 events
[2026-05-19 01:29:48]   Scanning CBB...
[2026-05-19 01:29:48]     Found 0 events
[2026-05-19 01:29:49]   Scanning NHL...
[2026-05-19 01:29:49]     Found 4 events
[2026-05-19 01:29:49] 
[2026-05-19 01:29:49]   Total qualifying markets: 0
[2026-05-19 01:29:49]   New (not yet bet): 0
[2026-05-19 01:29:49] 
[2026-05-19 01:29:49]   No new qualifying markets found.
[2026-05-19 02:28:50] =================================================================
[2026-05-19 02:28:50]   POLYMARKET — MULTI-TIER BOT
[2026-05-19 02:28:50]   Mode: LIVE | Sizing: 3% of bankroll
[2026-05-19 02:28:50]   Leagues: NBA, CBB, NHL
[2026-05-19 02:28:50]   Bet window: 2h before game start
[2026-05-19 02:28:50]   Sizing: 3% (NBA/CBB) | 2% (NHL/MLB/EPL/DOTA2)
[2026-05-19 02:28:50]   Tiers: T1=B fav 75-90% | T2=Coin flip fav | T6=Coin flip dog
[2026-05-19 02:28:50]          T3=CBB B dog 50-55% | T4=NBA 50/50
[2026-05-19 02:28:50]          T7=60%+ fav (DOTA2/EPL/MLB)
[2026-05-19 02:28:50] =================================================================
[2026-05-19 02:28:50] 
[2026-05-19 02:28:50] =================================================================
[2026-05-19 02:28:50]   SCANNING — HYBRID 5-TIER STRATEGY
[2026-05-19 02:28:50] =================================================================
[2026-05-19 02:28:50]   Balance: $178.13 | Buying Power: $178.13
[2026-05-19 02:28:50]   Bet size: $5.34 (3% proven) / $3.56 (2% new leagues)
[2026-05-19 02:28:50] 
[2026-05-19 02:28:50]   WARNING: Could not fetch positions: 404 Client Error: Not Found for url: https://api.polymarket.us/v1/positions?limit=200
[2026-05-19 02:28:50]   WARNING: Could not fetch open orders: 501 Server Error: Not Implemented for url: https://api.polymarket.us/v1/orders?status=live&limit=200
[2026-05-19 02:28:50]   Scanning NBA...
[2026-05-19 02:28:50]     Found 8 events
[2026-05-19 02:28:50]   Scanning CBB...
[2026-05-19 02:28:50]     Found 0 events
[2026-05-19 02:28:51]   Scanning NHL...
[2026-05-19 02:28:51]     Found 4 events
[2026-05-19 02:28:51] 
[2026-05-19 02:28:51]   Total qualifying markets: 0
[2026-05-19 02:28:51]   New (not yet bet): 0
[2026-05-19 02:28:51] 
[2026-05-19 02:28:51]   No new qualifying markets found.
[2026-05-19 05:46:08] =================================================================
[2026-05-19 05:46:08]   POLYMARKET — MULTI-TIER BOT
[2026-05-19 05:46:08]   Mode: LIVE | Sizing: 3% of bankroll
[2026-05-19 05:46:08]   Leagues: NBA, CBB, NHL
[2026-05-19 05:46:08]   Bet window: 2h before game start
[2026-05-19 05:46:08]   Sizing: 3% (NBA/CBB) | 2% (NHL/MLB/EPL/DOTA2)
[2026-05-19 05:46:08]   Tiers: T1=B fav 75-90% | T2=Coin flip fav | T6=Coin flip dog
[2026-05-19 05:46:08]          T3=CBB B dog 50-55% | T4=NBA 50/50
[2026-05-19 05:46:08]          T7=60%+ fav (DOTA2/EPL/MLB)
[2026-05-19 05:46:08] =================================================================
[2026-05-19 05:46:08] 
[2026-05-19 05:46:08] =================================================================
[2026-05-19 05:46:08]   SCANNING — HYBRID 5-TIER STRATEGY
[2026-05-19 05:46:08] =================================================================
[2026-05-19 05:46:08]   Balance: $185.13 | Buying Power: $185.13
[2026-05-19 05:46:08]   Bet size: $5.55 (3% proven) / $3.70 (2% new leagues)
[2026-05-19 05:46:08] 
[2026-05-19 05:46:08]   WARNING: Could not fetch positions: 404 Client Error: Not Found for url: https://api.polymarket.us/v1/positions?limit=200
[2026-05-19 05:46:08]   WARNING: Could not fetch open orders: 501 Server Error: Not Implemented for url: https://api.polymarket.us/v1/orders?status=live&limit=200
[2026-05-19 05:46:08]   Scanning NBA...
[2026-05-19 05:46:09]     Found 8 events
[2026-05-19 05:46:09]   Scanning CBB...
[2026-05-19 05:46:09]     Found 0 events
[2026-05-19 05:46:09]   Scanning NHL...
[2026-05-19 05:46:09]     Found 3 events
[2026-05-19 05:46:09] 
[2026-05-19 05:46:09]   Total qualifying markets: 0
[2026-05-19 05:46:09]   New (not yet bet): 0
[2026-05-19 05:46:09] 
[2026-05-19 05:46:09]   No new qualifying markets found.
[2026-05-19 06:39:27] =================================================================
[2026-05-19 06:39:27]   POLYMARKET — MULTI-TIER BOT
[2026-05-19 06:39:27]   Mode: LIVE | Sizing: 3% of bankroll
[2026-05-19 06:39:27]   Leagues: NBA, CBB, NHL
[2026-05-19 06:39:27]   Bet window: 2h before game start
[2026-05-19 06:39:27]   Sizing: 3% (NBA/CBB) | 2% (NHL/MLB/EPL/DOTA2)
[2026-05-19 06:39:27]   Tiers: T1=B fav 75-90% | T2=Coin flip fav | T6=Coin flip dog
[2026-05-19 06:39:27]          T3=CBB B dog 50-55% | T4=NBA 50/50
[2026-05-19 06:39:27]          T7=60%+ fav (DOTA2/EPL/MLB)
[2026-05-19 06:39:27] =================================================================
[2026-05-19 06:39:27] 
[2026-05-19 06:39:27] =================================================================
[2026-05-19 06:39:27]   SCANNING — HYBRID 5-TIER STRATEGY
[2026-05-19 06:39:27] =================================================================
[2026-05-19 06:39:28]   Balance: $185.13 | Buying Power: $185.13
[2026-05-19 06:39:28]   Bet size: $5.55 (3% proven) / $3.70 (2% new leagues)
[2026-05-19 06:39:28] 
[2026-05-19 06:39:28]   WARNING: Could not fetch positions: 404 Client Error: Not Found for url: https://api.polymarket.us/v1/positions?limit=200
[2026-05-19 06:39:28]   WARNING: Could not fetch open orders: 501 Server Error: Not Implemented for url: https://api.polymarket.us/v1/orders?status=live&limit=200
[2026-05-19 06:39:28]   Scanning NBA...
[2026-05-19 06:39:28]     Found 8 events
[2026-05-19 06:39:28]   Scanning CBB...
[2026-05-19 06:39:28]     Found 0 events
[2026-05-19 06:39:28]   Scanning NHL...
[2026-05-19 06:39:28]     Found 3 events
[2026-05-19 06:39:28] 
[2026-05-19 06:39:28]   Total qualifying markets: 0
[2026-05-19 06:39:28]   New (not yet bet): 0
[2026-05-19 06:39:28] 
[2026-05-19 06:39:28]   No new qualifying markets found.
[2026-05-19 10:23:19] =================================================================
[2026-05-19 10:23:19]   POLYMARKET — MULTI-TIER BOT
[2026-05-19 10:23:19]   Mode: LIVE | Sizing: 3% of bankroll
[2026-05-19 10:23:19]   Leagues: NBA, CBB, NHL
[2026-05-19 10:23:19]   Bet window: 2h before game start
[2026-05-19 10:23:19]   Sizing: 3% (NBA/CBB) | 2% (NHL/MLB/EPL/DOTA2)
[2026-05-19 10:23:19]   Tiers: T1=B fav 75-90% | T2=Coin flip fav | T6=Coin flip dog
[2026-05-19 10:23:19]          T3=CBB B dog 50-55% | T4=NBA 50/50
[2026-05-19 10:23:19]          T7=60%+ fav (DOTA2/EPL/MLB)
[2026-05-19 10:23:19] =================================================================
[2026-05-19 10:23:19] 
[2026-05-19 10:23:19] =================================================================
[2026-05-19 10:23:19]   SCANNING — HYBRID 5-TIER STRATEGY
[2026-05-19 10:23:19] =================================================================
[2026-05-19 10:23:19]   Balance: $185.13 | Buying Power: $185.13
[2026-05-19 10:23:19]   Bet size: $5.55 (3% proven) / $3.70 (2% new leagues)
[2026-05-19 10:23:19] 
[2026-05-19 10:23:19]   WARNING: Could not fetch positions: 404 Client Error: Not Found for url: https://api.polymarket.us/v1/positions?limit=200
[2026-05-19 10:23:19]   WARNING: Could not fetch open orders: 501 Server Error: Not Implemented for url: https://api.polymarket.us/v1/orders?status=live&limit=200
[2026-05-19 10:23:19]   Scanning NBA...
[2026-05-19 10:23:19]     Found 8 events
[2026-05-19 10:23:19]   Scanning CBB...
[2026-05-19 10:23:19]     Found 0 events
[2026-05-19 10:23:19]   Scanning NHL...
[2026-05-19 10:23:19]     Found 6 events
[2026-05-19 10:23:19] 
[2026-05-19 10:23:19]   Total qualifying markets: 0
[2026-05-19 10:23:19]   New (not yet bet): 0
[2026-05-19 10:23:19] 
[2026-05-19 10:23:19]   No new qualifying markets found.
[2026-05-19 10:31:18] =================================================================
[2026-05-19 10:31:18]   POLYMARKET — MULTI-TIER BOT
[2026-05-19 10:31:18]   Mode: LIVE | Sizing: 3% of bankroll
[2026-05-19 10:31:18]   Leagues: NBA, CBB, NHL
[2026-05-19 10:31:18]   Bet window: 2h before game start
[2026-05-19 10:31:18]   Sizing: 3% (NBA/CBB) | 2% (NHL/MLB/EPL/DOTA2)
[2026-05-19 10:31:18]   Tiers: T1=B fav 75-90% | T2=Coin flip fav | T6=Coin flip dog
[2026-05-19 10:31:18]          T3=CBB B dog 50-55% | T4=NBA 50/50
[2026-05-19 10:31:18]          T7=60%+ fav (DOTA2/EPL/MLB)
[2026-05-19 10:31:18] =================================================================
[2026-05-19 10:31:18] 
[2026-05-19 10:31:18] =================================================================
[2026-05-19 10:31:18]   SCANNING — HYBRID 5-TIER STRATEGY
[2026-05-19 10:31:18] =================================================================
[2026-05-19 10:31:18]   Balance: $185.13 | Buying Power: $185.13
[2026-05-19 10:31:18]   Bet size: $5.55 (3% proven) / $3.70 (2% new leagues)
[2026-05-19 10:31:18] 
[2026-05-19 10:31:18]   WARNING: Could not fetch positions: 404 Client Error: Not Found for url: https://api.polymarket.us/v1/positions?limit=200
[2026-05-19 10:31:18]   WARNING: Could not fetch open orders: 501 Server Error: Not Implemented for url: https://api.polymarket.us/v1/orders?status=live&limit=200
[2026-05-19 10:31:18]   Scanning NBA...
[2026-05-19 10:31:18]     Found 8 events
[2026-05-19 10:31:18]   Scanning CBB...
[2026-05-19 10:31:18]     Found 0 events
[2026-05-19 10:31:18]   Scanning NHL...
[2026-05-19 10:31:18]     Found 6 events
[2026-05-19 10:31:18] 
[2026-05-19 10:31:18]   Total qualifying markets: 0
[2026-05-19 10:31:18]   New (not yet bet): 0
[2026-05-19 10:31:18] 
[2026-05-19 10:31:18]   No new qualifying markets found.
[2026-05-19 13:40:47] =================================================================
[2026-05-19 13:40:47]   POLYMARKET — MULTI-TIER BOT
[2026-05-19 13:40:47]   Mode: LIVE | Sizing: 3% of bankroll
[2026-05-19 13:40:47]   Leagues: NBA, CBB, NHL
[2026-05-19 13:40:47]   Bet window: 2h before game start
[2026-05-19 13:40:47]   Sizing: 3% (NBA/CBB) | 2% (NHL/MLB/EPL/DOTA2)
[2026-05-19 13:40:47]   Tiers: T1=B fav 75-90% | T2=Coin flip fav | T6=Coin flip dog
[2026-05-19 13:40:47]          T3=CBB B dog 50-55% | T4=NBA 50/50
[2026-05-19 13:40:47]          T7=60%+ fav (DOTA2/EPL/MLB)
[2026-05-19 13:40:47] =================================================================
[2026-05-19 13:40:47] 
[2026-05-19 13:40:47] =================================================================
[2026-05-19 13:40:47]   SCANNING — HYBRID 5-TIER STRATEGY
[2026-05-19 13:40:47] =================================================================
[2026-05-19 13:40:47]   Balance: $185.13 | Buying Power: $185.13
[2026-05-19 13:40:47]   Bet size: $5.55 (3% proven) / $3.70 (2% new leagues)
[2026-05-19 13:40:47] 
[2026-05-19 13:40:47]   WARNING: Could not fetch positions: 404 Client Error: Not Found for url: https://api.polymarket.us/v1/positions?limit=200
[2026-05-19 13:40:48]   WARNING: Could not fetch open orders: 501 Server Error: Not Implemented for url: https://api.polymarket.us/v1/orders?status=live&limit=200
[2026-05-19 13:40:48]   Scanning NBA...
[2026-05-19 13:40:48]     Found 8 events
[2026-05-19 13:40:48]   Scanning CBB...
[2026-05-19 13:40:48]     Found 0 events
[2026-05-19 13:40:48]   Scanning NHL...
[2026-05-19 13:40:48]     Found 6 events
[2026-05-19 13:40:48] 
[2026-05-19 13:40:48]   Total qualifying markets: 0
[2026-05-19 13:40:48]   New (not yet bet): 0
[2026-05-19 13:40:48] 
[2026-05-19 13:40:48]   No new qualifying markets found.
[2026-05-19 13:49:38] =================================================================
[2026-05-19 13:49:38]   POLYMARKET — MULTI-TIER BOT
[2026-05-19 13:49:38]   Mode: LIVE | Sizing: 3% of bankroll
[2026-05-19 13:49:38]   Leagues: NBA, CBB, NHL
[2026-05-19 13:49:38]   Bet window: 2h before game start
[2026-05-19 13:49:38]   Sizing: 3% (NBA/CBB) | 2% (NHL/MLB/EPL/DOTA2)
[2026-05-19 13:49:38]   Tiers: T1=B fav 75-90% | T2=Coin flip fav | T6=Coin flip dog
[2026-05-19 13:49:38]          T3=CBB B dog 50-55% | T4=NBA 50/50
[2026-05-19 13:49:38]          T7=60%+ fav (DOTA2/EPL/MLB)
[2026-05-19 13:49:38] =================================================================
[2026-05-19 13:49:38] 
[2026-05-19 13:49:38] =================================================================
[2026-05-19 13:49:38]   SCANNING — HYBRID 5-TIER STRATEGY
[2026-05-19 13:49:38] =================================================================
[2026-05-19 13:49:38]   Balance: $185.13 | Buying Power: $185.13
[2026-05-19 13:49:38]   Bet size: $5.55 (3% proven) / $3.70 (2% new leagues)
[2026-05-19 13:49:38] 
[2026-05-19 13:49:38]   WARNING: Could not fetch positions: 404 Client Error: Not Found for url: https://api.polymarket.us/v1/positions?limit=200
[2026-05-19 13:49:38]   WARNING: Could not fetch open orders: 501 Server Error: Not Implemented for url: https://api.polymarket.us/v1/orders?status=live&limit=200
[2026-05-19 13:49:38]   Scanning NBA...
[2026-05-19 13:49:38]     Found 8 events
[2026-05-19 13:49:38]   Scanning CBB...
[2026-05-19 13:49:38]     Found 0 events
[2026-05-19 13:49:38]   Scanning NHL...
[2026-05-19 13:49:38]     Found 6 events
[2026-05-19 13:49:39] 
[2026-05-19 13:49:39]   Total qualifying markets: 0
[2026-05-19 13:49:39]   New (not yet bet): 0
[2026-05-19 13:49:39] 
[2026-05-19 13:49:39]   No new qualifying markets found.
[2026-05-19 16:44:26] =================================================================
[2026-05-19 16:44:26]   POLYMARKET — MULTI-TIER BOT
[2026-05-19 16:44:26]   Mode: LIVE | Sizing: 3% of bankroll
[2026-05-19 16:44:26]   Leagues: NBA, CBB, NHL
[2026-05-19 16:44:26]   Bet window: 2h before game start
[2026-05-19 16:44:26]   Sizing: 3% (NBA/CBB) | 2% (NHL/MLB/EPL/DOTA2)
[2026-05-19 16:44:26]   Tiers: T1=B fav 75-90% | T2=Coin flip fav | T6=Coin flip dog
[2026-05-19 16:44:26]          T3=CBB B dog 50-55% | T4=NBA 50/50
[2026-05-19 16:44:26]          T7=60%+ fav (DOTA2/EPL/MLB)
[2026-05-19 16:44:26] =================================================================
[2026-05-19 16:44:26] 
[2026-05-19 16:44:26] =================================================================
[2026-05-19 16:44:26]   SCANNING — HYBRID 5-TIER STRATEGY
[2026-05-19 16:44:26] =================================================================
[2026-05-19 16:44:26]   Balance: $185.13 | Buying Power: $185.13
[2026-05-19 16:44:26]   Bet size: $5.55 (3% proven) / $3.70 (2% new leagues)
[2026-05-19 16:44:26] 
[2026-05-19 16:44:26]   WARNING: Could not fetch positions: 404 Client Error: Not Found for url: https://api.polymarket.us/v1/positions?limit=200
[2026-05-19 16:44:26]   WARNING: Could not fetch open orders: 501 Server Error: Not Implemented for url: https://api.polymarket.us/v1/orders?status=live&limit=200
[2026-05-19 16:44:26]   Scanning NBA...
[2026-05-19 16:44:26]     Found 8 events
[2026-05-19 16:44:26]   Scanning CBB...
[2026-05-19 16:44:26]     Found 0 events
[2026-05-19 16:44:26]   Scanning NHL...
[2026-05-19 16:44:27]     Found 7 events
[2026-05-19 16:44:27] 
[2026-05-19 16:44:27]   Total qualifying markets: 0
[2026-05-19 16:44:27]   New (not yet bet): 0
[2026-05-19 16:44:27] 
[2026-05-19 16:44:27]   No new qualifying markets found.
[2026-05-19 17:25:47] =================================================================
[2026-05-19 17:25:47]   POLYMARKET — MULTI-TIER BOT
[2026-05-19 17:25:47]   Mode: LIVE | Sizing: 3% of bankroll
[2026-05-19 17:25:47]   Leagues: NBA, CBB, NHL
[2026-05-19 17:25:47]   Bet window: 2h before game start
[2026-05-19 17:25:47]   Sizing: 3% (NBA/CBB) | 2% (NHL/MLB/EPL/DOTA2)
[2026-05-19 17:25:47]   Tiers: T1=B fav 75-90% | T2=Coin flip fav | T6=Coin flip dog
[2026-05-19 17:25:47]          T3=CBB B dog 50-55% | T4=NBA 50/50
[2026-05-19 17:25:47]          T7=60%+ fav (DOTA2/EPL/MLB)
[2026-05-19 17:25:47] =================================================================
[2026-05-19 17:25:47] 
[2026-05-19 17:25:47] =================================================================
[2026-05-19 17:25:47]   SCANNING — HYBRID 5-TIER STRATEGY
[2026-05-19 17:25:47] =================================================================
[2026-05-19 17:25:47]   Balance: $185.13 | Buying Power: $185.13
[2026-05-19 17:25:47]   Bet size: $5.55 (3% proven) / $3.70 (2% new leagues)
[2026-05-19 17:25:47] 
[2026-05-19 17:25:47]   WARNING: Could not fetch positions: 404 Client Error: Not Found for url: https://api.polymarket.us/v1/positions?limit=200
[2026-05-19 17:25:47]   WARNING: Could not fetch open orders: 501 Server Error: Not Implemented for url: https://api.polymarket.us/v1/orders?status=live&limit=200
[2026-05-19 17:25:47]   Scanning NBA...
[2026-05-19 17:25:47]     Found 8 events
[2026-05-19 17:25:47]   Scanning CBB...
[2026-05-19 17:25:47]     Found 0 events
[2026-05-19 17:25:47]   Scanning NHL...
[2026-05-19 17:25:47]     Found 7 events
[2026-05-19 17:25:47] 
[2026-05-19 17:25:47]   Total qualifying markets: 0
[2026-05-19 17:25:47]   New (not yet bet): 0
[2026-05-19 17:25:47] 
[2026-05-19 17:25:47]   No new qualifying markets found.
[2026-05-19 18:52:25] =================================================================
[2026-05-19 18:52:25]   POLYMARKET — MULTI-TIER BOT
[2026-05-19 18:52:25]   Mode: LIVE | Sizing: 3% of bankroll
[2026-05-19 18:52:25]   Leagues: NBA, CBB, NHL
[2026-05-19 18:52:25]   Bet window: 2h before game start
[2026-05-19 18:52:25]   Sizing: 3% (NBA/CBB) | 2% (NHL/MLB/EPL/DOTA2)
[2026-05-19 18:52:25]   Tiers: T1=B fav 75-90% | T2=Coin flip fav | T6=Coin flip dog
[2026-05-19 18:52:25]          T3=CBB B dog 50-55% | T4=NBA 50/50
[2026-05-19 18:52:25]          T7=60%+ fav (DOTA2/EPL/MLB)
[2026-05-19 18:52:25] =================================================================
[2026-05-19 18:52:25] 
[2026-05-19 18:52:25] =================================================================
[2026-05-19 18:52:25]   SCANNING — HYBRID 5-TIER STRATEGY
[2026-05-19 18:52:25] =================================================================
[2026-05-19 18:52:25]   Balance: $185.13 | Buying Power: $185.13
[2026-05-19 18:52:25]   Bet size: $5.55 (3% proven) / $3.70 (2% new leagues)
[2026-05-19 18:52:25] 
[2026-05-19 18:52:25]   WARNING: Could not fetch positions: 404 Client Error: Not Found for url: https://api.polymarket.us/v1/positions?limit=200
[2026-05-19 18:52:25]   WARNING: Could not fetch open orders: 501 Server Error: Not Implemented for url: https://api.polymarket.us/v1/orders?status=live&limit=200
[2026-05-19 18:52:25]   Scanning NBA...
[2026-05-19 18:52:25]     Found 8 events
[2026-05-19 18:52:26]   Scanning CBB...
[2026-05-19 18:52:26]     Found 0 events
[2026-05-19 18:52:26]   Scanning NHL...
[2026-05-19 18:52:26]     Found 7 events
[2026-05-19 18:52:26] 
[2026-05-19 18:52:26]   Total qualifying markets: 0
[2026-05-19 18:52:26]   New (not yet bet): 0
[2026-05-19 18:52:26] 
[2026-05-19 18:52:26]   No new qualifying markets found.
[2026-05-19 19:26:27] =================================================================
[2026-05-19 19:26:27]   POLYMARKET — MULTI-TIER BOT
[2026-05-19 19:26:27]   Mode: LIVE | Sizing: 3% of bankroll
[2026-05-19 19:26:27]   Leagues: NBA, CBB, NHL
[2026-05-19 19:26:27]   Bet window: 2h before game start
[2026-05-19 19:26:27]   Sizing: 3% (NBA/CBB) | 2% (NHL/MLB/EPL/DOTA2)
[2026-05-19 19:26:27]   Tiers: T1=B fav 75-90% | T2=Coin flip fav | T6=Coin flip dog
[2026-05-19 19:26:27]          T3=CBB B dog 50-55% | T4=NBA 50/50
[2026-05-19 19:26:27]          T7=60%+ fav (DOTA2/EPL/MLB)
[2026-05-19 19:26:27] =================================================================
[2026-05-19 19:26:27] 
[2026-05-19 19:26:27] =================================================================
[2026-05-19 19:26:27]   SCANNING — HYBRID 5-TIER STRATEGY
[2026-05-19 19:26:27] =================================================================
[2026-05-19 19:26:27]   Balance: $185.13 | Buying Power: $185.13
[2026-05-19 19:26:27]   Bet size: $5.55 (3% proven) / $3.70 (2% new leagues)
[2026-05-19 19:26:27] 
[2026-05-19 19:26:27]   WARNING: Could not fetch positions: 404 Client Error: Not Found for url: https://api.polymarket.us/v1/positions?limit=200
[2026-05-19 19:26:27]   WARNING: Could not fetch open orders: 501 Server Error: Not Implemented for url: https://api.polymarket.us/v1/orders?status=live&limit=200
[2026-05-19 19:26:27]   Scanning NBA...
[2026-05-19 19:26:27]     Found 8 events
[2026-05-19 19:26:27]   Scanning CBB...
[2026-05-19 19:26:27]     Found 0 events
[2026-05-19 19:26:27]   Scanning NHL...
[2026-05-19 19:26:28]     Found 7 events
[2026-05-19 19:26:28] 
[2026-05-19 19:26:28]   Total qualifying markets: 0
[2026-05-19 19:26:28]   New (not yet bet): 0
[2026-05-19 19:26:28] 
[2026-05-19 19:26:28]   No new qualifying markets found.
[2026-05-19 20:23:50] =================================================================
[2026-05-19 20:23:50]   POLYMARKET — MULTI-TIER BOT
[2026-05-19 20:23:50]   Mode: LIVE | Sizing: 3% of bankroll
[2026-05-19 20:23:50]   Leagues: NBA, CBB, NHL
[2026-05-19 20:23:50]   Bet window: 2h before game start
[2026-05-19 20:23:50]   Sizing: 3% (NBA/CBB) | 2% (NHL/MLB/EPL/DOTA2)
[2026-05-19 20:23:50]   Tiers: T1=B fav 75-90% | T2=Coin flip fav | T6=Coin flip dog
[2026-05-19 20:23:50]          T3=CBB B dog 50-55% | T4=NBA 50/50
[2026-05-19 20:23:50]          T7=60%+ fav (DOTA2/EPL/MLB)
[2026-05-19 20:23:50] =================================================================
[2026-05-19 20:23:50] 
[2026-05-19 20:23:50] =================================================================
[2026-05-19 20:23:50]   SCANNING — HYBRID 5-TIER STRATEGY
[2026-05-19 20:23:50] =================================================================
[2026-05-19 20:23:50]   Balance: $185.13 | Buying Power: $185.13
[2026-05-19 20:23:50]   Bet size: $5.55 (3% proven) / $3.70 (2% new leagues)
[2026-05-19 20:23:50] 
[2026-05-19 20:23:50]   WARNING: Could not fetch positions: 404 Client Error: Not Found for url: https://api.polymarket.us/v1/positions?limit=200
[2026-05-19 20:23:50]   WARNING: Could not fetch open orders: 501 Server Error: Not Implemented for url: https://api.polymarket.us/v1/orders?status=live&limit=200
[2026-05-19 20:23:50]   Scanning NBA...
[2026-05-19 20:23:51]     Found 8 events
[2026-05-19 20:23:51]   Scanning CBB...
[2026-05-19 20:23:51]     Found 0 events
[2026-05-19 20:23:51]   Scanning NHL...
[2026-05-19 20:23:51]     Found 7 events
[2026-05-19 20:23:51] 
[2026-05-19 20:23:51]   Total qualifying markets: 0
[2026-05-19 20:23:51]   New (not yet bet): 0
[2026-05-19 20:23:51] 
[2026-05-19 20:23:51]   No new qualifying markets found.
[2026-05-19 21:03:56] =================================================================
[2026-05-19 21:03:56]   POLYMARKET — MULTI-TIER BOT
[2026-05-19 21:03:56]   Mode: LIVE | Sizing: 3% of bankroll
[2026-05-19 21:03:56]   Leagues: NBA, CBB, NHL
[2026-05-19 21:03:56]   Bet window: 2h before game start
[2026-05-19 21:03:56]   Sizing: 3% (NBA/CBB) | 2% (NHL/MLB/EPL/DOTA2)
[2026-05-19 21:03:56]   Tiers: T1=B fav 75-90% | T2=Coin flip fav | T6=Coin flip dog
[2026-05-19 21:03:56]          T3=CBB B dog 50-55% | T4=NBA 50/50
[2026-05-19 21:03:56]          T7=60%+ fav (DOTA2/EPL/MLB)
[2026-05-19 21:03:56] =================================================================
[2026-05-19 21:03:56] 
[2026-05-19 21:03:56] =================================================================
[2026-05-19 21:03:56]   SCANNING — HYBRID 5-TIER STRATEGY
[2026-05-19 21:03:56] =================================================================
[2026-05-19 21:03:56]   Balance: $185.13 | Buying Power: $185.13
[2026-05-19 21:03:56]   Bet size: $5.55 (3% proven) / $3.70 (2% new leagues)
[2026-05-19 21:03:56] 
[2026-05-19 21:03:56]   WARNING: Could not fetch positions: 404 Client Error: Not Found for url: https://api.polymarket.us/v1/positions?limit=200
[2026-05-19 21:03:56]   WARNING: Could not fetch open orders: 501 Server Error: Not Implemented for url: https://api.polymarket.us/v1/orders?status=live&limit=200
[2026-05-19 21:03:56]   Scanning NBA...
[2026-05-19 21:04:19]     Found 8 events
[2026-05-19 21:04:19]   Scanning CBB...
[2026-05-19 21:04:19]     Found 0 events
[2026-05-19 21:04:19]   Scanning NHL...
[2026-05-19 21:04:21]     Found 7 events
[2026-05-19 21:04:21] 
[2026-05-19 21:04:21]   Total qualifying markets: 0
[2026-05-19 21:04:21]   New (not yet bet): 0
[2026-05-19 21:04:21] 
[2026-05-19 21:04:21]   No new qualifying markets found.
[2026-05-19 22:05:51] =================================================================
[2026-05-19 22:05:51]   POLYMARKET — MULTI-TIER BOT
[2026-05-19 22:05:51]   Mode: LIVE | Sizing: 3% of bankroll
[2026-05-19 22:05:51]   Leagues: NBA, CBB, NHL
[2026-05-19 22:05:51]   Bet window: 2h before game start
[2026-05-19 22:05:51]   Sizing: 3% (NBA/CBB) | 2% (NHL/MLB/EPL/DOTA2)
[2026-05-19 22:05:51]   Tiers: T1=B fav 75-90% | T2=Coin flip fav | T6=Coin flip dog
[2026-05-19 22:05:51]          T3=CBB B dog 50-55% | T4=NBA 50/50
[2026-05-19 22:05:51]          T7=60%+ fav (DOTA2/EPL/MLB)
[2026-05-19 22:05:51] =================================================================
[2026-05-19 22:05:51] 
[2026-05-19 22:05:51] =================================================================
[2026-05-19 22:05:51]   SCANNING — HYBRID 5-TIER STRATEGY
[2026-05-19 22:05:51] =================================================================
[2026-05-19 22:05:52]   Balance: $185.13 | Buying Power: $185.13
[2026-05-19 22:05:52]   Bet size: $5.55 (3% proven) / $3.70 (2% new leagues)
[2026-05-19 22:05:52] 
[2026-05-19 22:05:52]   WARNING: Could not fetch positions: 404 Client Error: Not Found for url: https://api.polymarket.us/v1/positions?limit=200
[2026-05-19 22:05:52]   WARNING: Could not fetch open orders: 501 Server Error: Not Implemented for url: https://api.polymarket.us/v1/orders?status=live&limit=200
[2026-05-19 22:05:52]   Scanning NBA...
[2026-05-19 22:05:52]     Found 8 events
[2026-05-19 22:05:52]   Scanning CBB...
[2026-05-19 22:05:52]     Found 0 events
[2026-05-19 22:05:52]   Scanning NHL...
[2026-05-19 22:05:52]     Found 7 events
[2026-05-19 22:05:52] 
[2026-05-19 22:05:52]   Total qualifying markets: 0
[2026-05-19 22:05:52]   New (not yet bet): 0
[2026-05-19 22:05:52] 
[2026-05-19 22:05:52]   No new qualifying markets found.
[2026-05-19 22:45:03] =================================================================
[2026-05-19 22:45:03]   POLYMARKET — MULTI-TIER BOT
[2026-05-19 22:45:03]   Mode: LIVE | Sizing: 3% of bankroll
[2026-05-19 22:45:03]   Leagues: NBA, CBB, NHL
[2026-05-19 22:45:03]   Bet window: 2h before game start
[2026-05-19 22:45:03]   Sizing: 3% (NBA/CBB) | 2% (NHL/MLB/EPL/DOTA2)
[2026-05-19 22:45:03]   Tiers: T1=B fav 75-90% | T2=Coin flip fav | T6=Coin flip dog
[2026-05-19 22:45:03]          T3=CBB B dog 50-55% | T4=NBA 50/50
[2026-05-19 22:45:03]          T7=60%+ fav (DOTA2/EPL/MLB)
[2026-05-19 22:45:03] =================================================================
[2026-05-19 22:45:03] 
[2026-05-19 22:45:03] =================================================================
[2026-05-19 22:45:03]   SCANNING — HYBRID 5-TIER STRATEGY
[2026-05-19 22:45:03] =================================================================
[2026-05-19 22:45:03]   Balance: $185.13 | Buying Power: $185.13
[2026-05-19 22:45:03]   Bet size: $5.55 (3% proven) / $3.70 (2% new leagues)
[2026-05-19 22:45:03] 
[2026-05-19 22:45:03]   WARNING: Could not fetch positions: 404 Client Error: Not Found for url: https://api.polymarket.us/v1/positions?limit=200
[2026-05-19 22:45:03]   WARNING: Could not fetch open orders: 501 Server Error: Not Implemented for url: https://api.polymarket.us/v1/orders?status=live&limit=200
[2026-05-19 22:45:03]   Scanning NBA...
[2026-05-19 22:45:03]     Found 8 events
[2026-05-19 22:45:03]   Scanning CBB...
[2026-05-19 22:45:03]     Found 0 events
[2026-05-19 22:45:03]   Scanning NHL...
[2026-05-19 22:45:03]     Found 7 events
[2026-05-19 22:45:04] 
[2026-05-19 22:45:04]   Total qualifying markets: 0
[2026-05-19 22:45:04]   New (not yet bet): 0
[2026-05-19 22:45:04] 
[2026-05-19 22:45:04]   No new qualifying markets found.
[2026-05-19 23:53:56] =================================================================
[2026-05-19 23:53:56]   POLYMARKET — MULTI-TIER BOT
[2026-05-19 23:53:56]   Mode: LIVE | Sizing: 3% of bankroll
[2026-05-19 23:53:56]   Leagues: NBA, CBB, NHL
[2026-05-19 23:53:56]   Bet window: 2h before game start
[2026-05-19 23:53:56]   Sizing: 3% (NBA/CBB) | 2% (NHL/MLB/EPL/DOTA2)
[2026-05-19 23:53:56]   Tiers: T1=B fav 75-90% | T2=Coin flip fav | T6=Coin flip dog
[2026-05-19 23:53:56]          T3=CBB B dog 50-55% | T4=NBA 50/50
[2026-05-19 23:53:56]          T7=60%+ fav (DOTA2/EPL/MLB)
[2026-05-19 23:53:56] =================================================================
[2026-05-19 23:53:56] 
[2026-05-19 23:53:56] =================================================================
[2026-05-19 23:53:56]   SCANNING — HYBRID 5-TIER STRATEGY
[2026-05-19 23:53:56] =================================================================
[2026-05-19 23:53:56]   Balance: $185.13 | Buying Power: $185.13
[2026-05-19 23:53:56]   Bet size: $5.55 (3% proven) / $3.70 (2% new leagues)
[2026-05-19 23:53:56] 
[2026-05-19 23:53:56]   WARNING: Could not fetch positions: 404 Client Error: Not Found for url: https://api.polymarket.us/v1/positions?limit=200
[2026-05-19 23:53:57]   WARNING: Could not fetch open orders: 501 Server Error: Not Implemented for url: https://api.polymarket.us/v1/orders?status=live&limit=200
[2026-05-19 23:53:57]   Scanning NBA...
[2026-05-19 23:53:57]     Found 8 events
[2026-05-19 23:53:57]   Scanning CBB...
[2026-05-19 23:53:57]     Found 0 events
[2026-05-19 23:53:57]   Scanning NHL...
[2026-05-19 23:53:57]     Found 7 events
[2026-05-19 23:53:57] 
[2026-05-19 23:53:57]   Total qualifying markets: 0
[2026-05-19 23:53:57]   New (not yet bet): 0
[2026-05-19 23:53:57] 
[2026-05-19 23:53:57]   No new qualifying markets found.
[2026-05-20 01:31:07] =================================================================
[2026-05-20 01:31:07]   POLYMARKET — MULTI-TIER BOT
[2026-05-20 01:31:07]   Mode: LIVE | Sizing: 3% of bankroll
[2026-05-20 01:31:07]   Leagues: NBA, CBB, NHL
[2026-05-20 01:31:07]   Bet window: 2h before game start
[2026-05-20 01:31:07]   Sizing: 3% (NBA/CBB) | 2% (NHL/MLB/EPL/DOTA2)
[2026-05-20 01:31:07]   Tiers: T1=B fav 75-90% | T2=Coin flip fav | T6=Coin flip dog
[2026-05-20 01:31:07]          T3=CBB B dog 50-55% | T4=NBA 50/50
[2026-05-20 01:31:07]          T7=60%+ fav (DOTA2/EPL/MLB)
[2026-05-20 01:31:07] =================================================================
[2026-05-20 01:31:07] 
[2026-05-20 01:31:07] =================================================================
[2026-05-20 01:31:07]   SCANNING — HYBRID 5-TIER STRATEGY
[2026-05-20 01:31:07] =================================================================
[2026-05-20 01:31:07]   Balance: $185.13 | Buying Power: $185.13
[2026-05-20 01:31:07]   Bet size: $5.55 (3% proven) / $3.70 (2% new leagues)
[2026-05-20 01:31:07] 
[2026-05-20 01:31:07]   WARNING: Could not fetch positions: 404 Client Error: Not Found for url: https://api.polymarket.us/v1/positions?limit=200
[2026-05-20 01:31:07]   WARNING: Could not fetch open orders: 501 Server Error: Not Implemented for url: https://api.polymarket.us/v1/orders?status=live&limit=200
[2026-05-20 01:31:07]   Scanning NBA...
[2026-05-20 01:31:07]     Found 9 events
[2026-05-20 01:31:07]   Scanning CBB...
[2026-05-20 01:31:07]     Found 0 events
[2026-05-20 01:31:07]   Scanning NHL...
[2026-05-20 01:31:07]     Found 8 events
[2026-05-20 01:31:07] 
[2026-05-20 01:31:07]   Total qualifying markets: 0
[2026-05-20 01:31:07]   New (not yet bet): 0
[2026-05-20 01:31:07] 
[2026-05-20 01:31:07]   No new qualifying markets found.
[2026-05-20 02:11:31] =================================================================
[2026-05-20 02:11:31]   POLYMARKET — MULTI-TIER BOT
[2026-05-20 02:11:31]   Mode: LIVE | Sizing: 3% of bankroll
[2026-05-20 02:11:31]   Leagues: NBA, CBB, NHL
[2026-05-20 02:11:31]   Bet window: 2h before game start
[2026-05-20 02:11:31]   Sizing: 3% (NBA/CBB) | 2% (NHL/MLB/EPL/DOTA2)
[2026-05-20 02:11:31]   Tiers: T1=B fav 75-90% | T2=Coin flip fav | T6=Coin flip dog
[2026-05-20 02:11:31]          T3=CBB B dog 50-55% | T4=NBA 50/50
[2026-05-20 02:11:31]          T7=60%+ fav (DOTA2/EPL/MLB)
[2026-05-20 02:11:31] =================================================================
[2026-05-20 02:11:31] 
[2026-05-20 02:11:31] =================================================================
[2026-05-20 02:11:31]   SCANNING — HYBRID 5-TIER STRATEGY
[2026-05-20 02:11:31] =================================================================
[2026-05-20 02:11:31]   Balance: $185.13 | Buying Power: $185.13
[2026-05-20 02:11:31]   Bet size: $5.55 (3% proven) / $3.70 (2% new leagues)
[2026-05-20 02:11:31] 
[2026-05-20 02:11:31]   WARNING: Could not fetch positions: 404 Client Error: Not Found for url: https://api.polymarket.us/v1/positions?limit=200
[2026-05-20 02:11:31]   WARNING: Could not fetch open orders: 501 Server Error: Not Implemented for url: https://api.polymarket.us/v1/orders?status=live&limit=200
[2026-05-20 02:11:31]   Scanning NBA...
[2026-05-20 02:11:31]     Found 9 events
[2026-05-20 02:11:31]   Scanning CBB...
[2026-05-20 02:11:31]     Found 0 events
[2026-05-20 02:11:31]   Scanning NHL...
[2026-05-20 02:11:32]     Found 8 events
[2026-05-20 02:11:32] 
[2026-05-20 02:11:32]   Total qualifying markets: 0
[2026-05-20 02:11:32]   New (not yet bet): 0
[2026-05-20 02:11:32] 
[2026-05-20 02:11:32]   No new qualifying markets found.
[2026-05-20 06:32:22] =================================================================
[2026-05-20 06:32:22]   POLYMARKET — MULTI-TIER BOT
[2026-05-20 06:32:22]   Mode: LIVE | Sizing: 3% of bankroll
[2026-05-20 06:32:22]   Leagues: NBA, CBB, NHL
[2026-05-20 06:32:22]   Bet window: 2h before game start
[2026-05-20 06:32:22]   Sizing: 3% (NBA/CBB) | 2% (NHL/MLB/EPL/DOTA2)
[2026-05-20 06:32:22]   Tiers: T1=B fav 75-90% | T2=Coin flip fav | T6=Coin flip dog
[2026-05-20 06:32:22]          T3=CBB B dog 50-55% | T4=NBA 50/50
[2026-05-20 06:32:22]          T7=60%+ fav (DOTA2/EPL/MLB)
[2026-05-20 06:32:22] =================================================================
[2026-05-20 06:32:22] 
[2026-05-20 06:32:22] =================================================================
[2026-05-20 06:32:22]   SCANNING — HYBRID 5-TIER STRATEGY
[2026-05-20 06:32:22] =================================================================
[2026-05-20 06:32:23]   Balance: $185.13 | Buying Power: $185.13
[2026-05-20 06:32:23]   Bet size: $5.55 (3% proven) / $3.70 (2% new leagues)
[2026-05-20 06:32:23] 
[2026-05-20 06:32:23]   WARNING: Could not fetch positions: 404 Client Error: Not Found for url: https://api.polymarket.us/v1/positions?limit=200
[2026-05-20 06:32:23]   WARNING: Could not fetch open orders: 501 Server Error: Not Implemented for url: https://api.polymarket.us/v1/orders?status=live&limit=200
[2026-05-20 06:32:23]   Scanning NBA...
[2026-05-20 06:32:23]     Found 8 events
[2026-05-20 06:32:23]   Scanning CBB...
[2026-05-20 06:32:23]     Found 0 events
[2026-05-20 06:32:23]   Scanning NHL...
[2026-05-20 06:32:23]     Found 8 events
[2026-05-20 06:32:23] 
[2026-05-20 06:32:23]   Total qualifying markets: 0
[2026-05-20 06:32:23]   New (not yet bet): 0
[2026-05-20 06:32:23] 
[2026-05-20 06:32:23]   No new qualifying markets found.
[2026-05-20 06:39:22] =================================================================
[2026-05-20 06:39:22]   POLYMARKET — MULTI-TIER BOT
[2026-05-20 06:39:22]   Mode: LIVE | Sizing: 3% of bankroll
[2026-05-20 06:39:22]   Leagues: NBA, CBB, NHL
[2026-05-20 06:39:22]   Bet window: 2h before game start
[2026-05-20 06:39:22]   Sizing: 3% (NBA/CBB) | 2% (NHL/MLB/EPL/DOTA2)
[2026-05-20 06:39:22]   Tiers: T1=B fav 75-90% | T2=Coin flip fav | T6=Coin flip dog
[2026-05-20 06:39:22]          T3=CBB B dog 50-55% | T4=NBA 50/50
[2026-05-20 06:39:22]          T7=60%+ fav (DOTA2/EPL/MLB)
[2026-05-20 06:39:22] =================================================================
[2026-05-20 06:39:22] 
[2026-05-20 06:39:22] =================================================================
[2026-05-20 06:39:22]   SCANNING — HYBRID 5-TIER STRATEGY
[2026-05-20 06:39:22] =================================================================
[2026-05-20 06:39:22]   Balance: $185.13 | Buying Power: $185.13
[2026-05-20 06:39:22]   Bet size: $5.55 (3% proven) / $3.70 (2% new leagues)
[2026-05-20 06:39:22] 
[2026-05-20 06:39:22]   WARNING: Could not fetch positions: 404 Client Error: Not Found for url: https://api.polymarket.us/v1/positions?limit=200
[2026-05-20 06:39:22]   WARNING: Could not fetch open orders: 501 Server Error: Not Implemented for url: https://api.polymarket.us/v1/orders?status=live&limit=200
[2026-05-20 06:39:22]   Scanning NBA...
[2026-05-20 06:39:22]     Found 8 events
[2026-05-20 06:39:22]   Scanning CBB...
[2026-05-20 06:39:23]     Found 0 events
[2026-05-20 06:39:23]   Scanning NHL...
[2026-05-20 06:39:23]     Found 8 events
[2026-05-20 06:39:23] 
[2026-05-20 06:39:23]   Total qualifying markets: 0
[2026-05-20 06:39:23]   New (not yet bet): 0
[2026-05-20 06:39:23] 
[2026-05-20 06:39:23]   No new qualifying markets found.
[2026-05-20 10:17:57] =================================================================
[2026-05-20 10:17:57]   POLYMARKET — MULTI-TIER BOT
[2026-05-20 10:17:57]   Mode: LIVE | Sizing: 3% of bankroll
[2026-05-20 10:17:57]   Leagues: NBA, CBB, NHL
[2026-05-20 10:17:57]   Bet window: 2h before game start
[2026-05-20 10:17:57]   Sizing: 3% (NBA/CBB) | 2% (NHL/MLB/EPL/DOTA2)
[2026-05-20 10:17:57]   Tiers: T1=B fav 75-90% | T2=Coin flip fav | T6=Coin flip dog
[2026-05-20 10:17:57]          T3=CBB B dog 50-55% | T4=NBA 50/50
[2026-05-20 10:17:57]          T7=60%+ fav (DOTA2/EPL/MLB)
[2026-05-20 10:17:57] =================================================================
[2026-05-20 10:17:57] 
[2026-05-20 10:17:57] =================================================================
[2026-05-20 10:17:57]   SCANNING — HYBRID 5-TIER STRATEGY
[2026-05-20 10:17:57] =================================================================
[2026-05-20 10:17:57]   Balance: $185.13 | Buying Power: $185.13
[2026-05-20 10:17:57]   Bet size: $5.55 (3% proven) / $3.70 (2% new leagues)
[2026-05-20 10:17:57] 
[2026-05-20 10:17:57]   WARNING: Could not fetch positions: 404 Client Error: Not Found for url: https://api.polymarket.us/v1/positions?limit=200
[2026-05-20 10:17:57]   WARNING: Could not fetch open orders: 501 Server Error: Not Implemented for url: https://api.polymarket.us/v1/orders?status=live&limit=200
[2026-05-20 10:17:57]   Scanning NBA...
[2026-05-20 10:17:57]     Found 8 events
[2026-05-20 10:17:57]   Scanning CBB...
[2026-05-20 10:17:57]     Found 0 events
[2026-05-20 10:17:57]   Scanning NHL...
[2026-05-20 10:17:57]     Found 8 events
[2026-05-20 10:17:58] 
[2026-05-20 10:17:58]   Total qualifying markets: 0
[2026-05-20 10:17:58]   New (not yet bet): 0
[2026-05-20 10:17:58] 
[2026-05-20 10:17:58]   No new qualifying markets found.
[2026-05-20 10:34:19] =================================================================
[2026-05-20 10:34:19]   POLYMARKET — MULTI-TIER BOT
[2026-05-20 10:34:19]   Mode: LIVE | Sizing: 3% of bankroll
[2026-05-20 10:34:19]   Leagues: NBA, CBB, NHL
[2026-05-20 10:34:19]   Bet window: 2h before game start
[2026-05-20 10:34:19]   Sizing: 3% (NBA/CBB) | 2% (NHL/MLB/EPL/DOTA2)
[2026-05-20 10:34:19]   Tiers: T1=B fav 75-90% | T2=Coin flip fav | T6=Coin flip dog
[2026-05-20 10:34:19]          T3=CBB B dog 50-55% | T4=NBA 50/50
[2026-05-20 10:34:19]          T7=60%+ fav (DOTA2/EPL/MLB)
[2026-05-20 10:34:19] =================================================================
[2026-05-20 10:34:19] 
[2026-05-20 10:34:19] =================================================================
[2026-05-20 10:34:19]   SCANNING — HYBRID 5-TIER STRATEGY
[2026-05-20 10:34:19] =================================================================
[2026-05-20 10:34:19]   Balance: $185.13 | Buying Power: $185.13
[2026-05-20 10:34:19]   Bet size: $5.55 (3% proven) / $3.70 (2% new leagues)
[2026-05-20 10:34:19] 
[2026-05-20 10:34:19]   WARNING: Could not fetch positions: 404 Client Error: Not Found for url: https://api.polymarket.us/v1/positions?limit=200
[2026-05-20 10:34:19]   WARNING: Could not fetch open orders: 501 Server Error: Not Implemented for url: https://api.polymarket.us/v1/orders?status=live&limit=200
[2026-05-20 10:34:19]   Scanning NBA...
[2026-05-20 10:34:19]     Found 8 events
[2026-05-20 10:34:20]   Scanning CBB...
[2026-05-20 10:34:20]     Found 0 events
[2026-05-20 10:34:20]   Scanning NHL...
[2026-05-20 10:34:20]     Found 8 events
[2026-05-20 10:34:20] 
[2026-05-20 10:34:20]   Total qualifying markets: 0
[2026-05-20 10:34:20]   New (not yet bet): 0
[2026-05-20 10:34:20] 
[2026-05-20 10:34:20]   No new qualifying markets found.
[2026-05-20 13:30:05] =================================================================
[2026-05-20 13:30:05]   POLYMARKET — MULTI-TIER BOT
[2026-05-20 13:30:05]   Mode: LIVE | Sizing: 3% of bankroll
[2026-05-20 13:30:05]   Leagues: NBA, CBB, NHL
[2026-05-20 13:30:05]   Bet window: 2h before game start
[2026-05-20 13:30:05]   Sizing: 3% (NBA/CBB) | 2% (NHL/MLB/EPL/DOTA2)
[2026-05-20 13:30:05]   Tiers: T1=B fav 75-90% | T2=Coin flip fav | T6=Coin flip dog
[2026-05-20 13:30:05]          T3=CBB B dog 50-55% | T4=NBA 50/50
[2026-05-20 13:30:05]          T7=60%+ fav (DOTA2/EPL/MLB)
[2026-05-20 13:30:05] =================================================================
[2026-05-20 13:30:05] 
[2026-05-20 13:30:05] =================================================================
[2026-05-20 13:30:05]   SCANNING — HYBRID 5-TIER STRATEGY
[2026-05-20 13:30:05] =================================================================
[2026-05-20 13:30:06]   Balance: $185.13 | Buying Power: $185.13
[2026-05-20 13:30:06]   Bet size: $5.55 (3% proven) / $3.70 (2% new leagues)
[2026-05-20 13:30:06] 
[2026-05-20 13:30:06]   WARNING: Could not fetch positions: 404 Client Error: Not Found for url: https://api.polymarket.us/v1/positions?limit=200
[2026-05-20 13:30:06]   WARNING: Could not fetch open orders: 501 Server Error: Not Implemented for url: https://api.polymarket.us/v1/orders?status=live&limit=200
[2026-05-20 13:30:06]   Scanning NBA...
[2026-05-20 13:30:06]     Found 8 events
[2026-05-20 13:30:06]   Scanning CBB...
[2026-05-20 13:30:06]     Found 0 events
[2026-05-20 13:30:06]   Scanning NHL...
[2026-05-20 13:30:07]     Found 8 events
[2026-05-20 13:30:07] 
[2026-05-20 13:30:07]   Total qualifying markets: 0
[2026-05-20 13:30:07]   New (not yet bet): 0
[2026-05-20 13:30:07] 
[2026-05-20 13:30:07]   No new qualifying markets found.
[2026-05-20 14:05:14] =================================================================
[2026-05-20 14:05:14]   POLYMARKET — MULTI-TIER BOT
[2026-05-20 14:05:14]   Mode: LIVE | Sizing: 3% of bankroll
[2026-05-20 14:05:14]   Leagues: NBA, CBB, NHL
[2026-05-20 14:05:14]   Bet window: 2h before game start
[2026-05-20 14:05:14]   Sizing: 3% (NBA/CBB) | 2% (NHL/MLB/EPL/DOTA2)
[2026-05-20 14:05:14]   Tiers: T1=B fav 75-90% | T2=Coin flip fav | T6=Coin flip dog
[2026-05-20 14:05:14]          T3=CBB B dog 50-55% | T4=NBA 50/50
[2026-05-20 14:05:14]          T7=60%+ fav (DOTA2/EPL/MLB)
[2026-05-20 14:05:14] =================================================================
[2026-05-20 14:05:14] 
[2026-05-20 14:05:14] =================================================================
[2026-05-20 14:05:14]   SCANNING — HYBRID 5-TIER STRATEGY
[2026-05-20 14:05:14] =================================================================
[2026-05-20 14:05:14]   Balance: $185.13 | Buying Power: $185.13
[2026-05-20 14:05:14]   Bet size: $5.55 (3% proven) / $3.70 (2% new leagues)
[2026-05-20 14:05:14] 
[2026-05-20 14:05:14]   WARNING: Could not fetch positions: 404 Client Error: Not Found for url: https://api.polymarket.us/v1/positions?limit=200
[2026-05-20 14:05:14]   WARNING: Could not fetch open orders: 501 Server Error: Not Implemented for url: https://api.polymarket.us/v1/orders?status=live&limit=200
[2026-05-20 14:05:14]   Scanning NBA...
[2026-05-20 14:05:14]     Found 8 events
[2026-05-20 14:05:15]   Scanning CBB...
[2026-05-20 14:05:15]     Found 0 events
[2026-05-20 14:05:15]   Scanning NHL...
[2026-05-20 14:05:15]     Found 8 events
[2026-05-20 14:05:15] 
[2026-05-20 14:05:15]   Total qualifying markets: 0
[2026-05-20 14:05:15]   New (not yet bet): 0
[2026-05-20 14:05:15] 
[2026-05-20 14:05:15]   No new qualifying markets found.
[2026-05-20 16:44:17] =================================================================
[2026-05-20 16:44:17]   POLYMARKET — MULTI-TIER BOT
[2026-05-20 16:44:17]   Mode: LIVE | Sizing: 3% of bankroll
[2026-05-20 16:44:17]   Leagues: NBA, CBB, NHL
[2026-05-20 16:44:17]   Bet window: 2h before game start
[2026-05-20 16:44:17]   Sizing: 3% (NBA/CBB) | 2% (NHL/MLB/EPL/DOTA2)
[2026-05-20 16:44:17]   Tiers: T1=B fav 75-90% | T2=Coin flip fav | T6=Coin flip dog
[2026-05-20 16:44:17]          T3=CBB B dog 50-55% | T4=NBA 50/50
[2026-05-20 16:44:17]          T7=60%+ fav (DOTA2/EPL/MLB)
[2026-05-20 16:44:17] =================================================================
[2026-05-20 16:44:17] 
[2026-05-20 16:44:17] =================================================================
[2026-05-20 16:44:17]   SCANNING — HYBRID 5-TIER STRATEGY
[2026-05-20 16:44:17] =================================================================
[2026-05-20 16:44:17]   Balance: $185.13 | Buying Power: $185.13
[2026-05-20 16:44:17]   Bet size: $5.55 (3% proven) / $3.70 (2% new leagues)
[2026-05-20 16:44:17] 
[2026-05-20 16:44:17]   WARNING: Could not fetch positions: 404 Client Error: Not Found for url: https://api.polymarket.us/v1/positions?limit=200
[2026-05-20 16:44:17]   WARNING: Could not fetch open orders: 501 Server Error: Not Implemented for url: https://api.polymarket.us/v1/orders?status=live&limit=200
[2026-05-20 16:44:17]   Scanning NBA...
[2026-05-20 16:44:18]     Found 8 events
[2026-05-20 16:44:18]   Scanning CBB...
[2026-05-20 16:44:18]     Found 0 events
[2026-05-20 16:44:18]   Scanning NHL...
[2026-05-20 16:44:18]     Found 8 events
[2026-05-20 16:44:18] 
[2026-05-20 16:44:18]   Total qualifying markets: 0
[2026-05-20 16:44:18]   New (not yet bet): 0
[2026-05-20 16:44:18] 
[2026-05-20 16:44:18]   No new qualifying markets found.
[2026-05-20 17:41:01] =================================================================
[2026-05-20 17:41:01]   POLYMARKET — MULTI-TIER BOT
[2026-05-20 17:41:01]   Mode: LIVE | Sizing: 3% of bankroll
[2026-05-20 17:41:01]   Leagues: NBA, CBB, NHL
[2026-05-20 17:41:01]   Bet window: 2h before game start
[2026-05-20 17:41:01]   Sizing: 3% (NBA/CBB) | 2% (NHL/MLB/EPL/DOTA2)
[2026-05-20 17:41:01]   Tiers: T1=B fav 75-90% | T2=Coin flip fav | T6=Coin flip dog
[2026-05-20 17:41:01]          T3=CBB B dog 50-55% | T4=NBA 50/50
[2026-05-20 17:41:01]          T7=60%+ fav (DOTA2/EPL/MLB)
[2026-05-20 17:41:01] =================================================================
[2026-05-20 17:41:01] 
[2026-05-20 17:41:01] =================================================================
[2026-05-20 17:41:01]   SCANNING — HYBRID 5-TIER STRATEGY
[2026-05-20 17:41:01] =================================================================
[2026-05-20 17:41:01]   Balance: $185.13 | Buying Power: $185.13
[2026-05-20 17:41:01]   Bet size: $5.55 (3% proven) / $3.70 (2% new leagues)
[2026-05-20 17:41:01] 
[2026-05-20 17:41:01]   WARNING: Could not fetch positions: 404 Client Error: Not Found for url: https://api.polymarket.us/v1/positions?limit=200
[2026-05-20 17:41:01]   WARNING: Could not fetch open orders: 501 Server Error: Not Implemented for url: https://api.polymarket.us/v1/orders?status=live&limit=200
[2026-05-20 17:41:01]   Scanning NBA...
[2026-05-20 17:41:01]     Found 8 events
[2026-05-20 17:41:01]   Scanning CBB...
[2026-05-20 17:41:01]     Found 0 events
[2026-05-20 17:41:02]   Scanning NHL...
[2026-05-20 17:41:02]     Found 8 events
[2026-05-20 17:41:02] 
[2026-05-20 17:41:02]   Total qualifying markets: 0
[2026-05-20 17:41:02]   New (not yet bet): 0
[2026-05-20 17:41:02] 
[2026-05-20 17:41:02]   No new qualifying markets found.
[2026-05-20 19:12:56] =================================================================
[2026-05-20 19:12:56]   POLYMARKET — MULTI-TIER BOT
[2026-05-20 19:12:56]   Mode: LIVE | Sizing: 3% of bankroll
[2026-05-20 19:12:56]   Leagues: NBA, CBB, NHL
[2026-05-20 19:12:56]   Bet window: 2h before game start
[2026-05-20 19:12:56]   Sizing: 3% (NBA/CBB) | 2% (NHL/MLB/EPL/DOTA2)
[2026-05-20 19:12:56]   Tiers: T1=B fav 75-90% | T2=Coin flip fav | T6=Coin flip dog
[2026-05-20 19:12:56]          T3=CBB B dog 50-55% | T4=NBA 50/50
[2026-05-20 19:12:56]          T7=60%+ fav (DOTA2/EPL/MLB)
[2026-05-20 19:12:56] =================================================================
[2026-05-20 19:12:56] 
[2026-05-20 19:12:56] =================================================================
[2026-05-20 19:12:56]   SCANNING — HYBRID 5-TIER STRATEGY
[2026-05-20 19:12:56] =================================================================
[2026-05-20 19:12:56]   Balance: $185.13 | Buying Power: $185.13
[2026-05-20 19:12:56]   Bet size: $5.55 (3% proven) / $3.70 (2% new leagues)
[2026-05-20 19:12:56] 
[2026-05-20 19:12:56]   WARNING: Could not fetch positions: 404 Client Error: Not Found for url: https://api.polymarket.us/v1/positions?limit=200
[2026-05-20 19:12:56]   WARNING: Could not fetch open orders: 501 Server Error: Not Implemented for url: https://api.polymarket.us/v1/orders?status=live&limit=200
[2026-05-20 19:12:56]   Scanning NBA...
[2026-05-20 19:12:56]     Found 8 events
[2026-05-20 19:12:56]   Scanning CBB...
[2026-05-20 19:12:57]     Found 0 events
[2026-05-20 19:12:57]   Scanning NHL...
[2026-05-20 19:12:57]     Found 8 events
[2026-05-20 19:12:57] 
[2026-05-20 19:12:57]   Total qualifying markets: 0
[2026-05-20 19:12:57]   New (not yet bet): 0
[2026-05-20 19:12:57] 
[2026-05-20 19:12:57]   No new qualifying markets found.
[2026-05-20 20:34:12] =================================================================
[2026-05-20 20:34:12]   POLYMARKET — MULTI-TIER BOT
[2026-05-20 20:34:12]   Mode: LIVE | Sizing: 3% of bankroll
[2026-05-20 20:34:12]   Leagues: NBA, CBB, NHL
[2026-05-20 20:34:12]   Bet window: 2h before game start
[2026-05-20 20:34:12]   Sizing: 3% (NBA/CBB) | 2% (NHL/MLB/EPL/DOTA2)
[2026-05-20 20:34:12]   Tiers: T1=B fav 75-90% | T2=Coin flip fav | T6=Coin flip dog
[2026-05-20 20:34:12]          T3=CBB B dog 50-55% | T4=NBA 50/50
[2026-05-20 20:34:12]          T7=60%+ fav (DOTA2/EPL/MLB)
[2026-05-20 20:34:12] =================================================================
[2026-05-20 20:34:12] 
[2026-05-20 20:34:12] =================================================================
[2026-05-20 20:34:12]   SCANNING — HYBRID 5-TIER STRATEGY
[2026-05-20 20:34:12] =================================================================
[2026-05-20 20:34:12]   Balance: $185.13 | Buying Power: $185.13
[2026-05-20 20:34:12]   Bet size: $5.55 (3% proven) / $3.70 (2% new leagues)
[2026-05-20 20:34:12] 
[2026-05-20 20:34:12]   WARNING: Could not fetch positions: 404 Client Error: Not Found for url: https://api.polymarket.us/v1/positions?limit=200
[2026-05-20 20:34:12]   WARNING: Could not fetch open orders: 501 Server Error: Not Implemented for url: https://api.polymarket.us/v1/orders?status=live&limit=200
[2026-05-20 20:34:12]   Scanning NBA...
[2026-05-20 20:34:13]     Found 8 events
[2026-05-20 20:34:13]   Scanning CBB...
[2026-05-20 20:34:13]     Found 0 events
[2026-05-20 20:34:13]   Scanning NHL...
[2026-05-20 20:34:13]     Found 8 events
[2026-05-20 20:34:13] 
[2026-05-20 20:34:13]   Total qualifying markets: 0
[2026-05-20 20:34:13]   New (not yet bet): 0
[2026-05-20 20:34:13] 
[2026-05-20 20:34:13]   No new qualifying markets found.
[2026-05-20 21:41:35] =================================================================
[2026-05-20 21:41:35]   POLYMARKET — MULTI-TIER BOT
[2026-05-20 21:41:35]   Mode: LIVE | Sizing: 3% of bankroll
[2026-05-20 21:41:35]   Leagues: NBA, CBB, NHL
[2026-05-20 21:41:35]   Bet window: 2h before game start
[2026-05-20 21:41:35]   Sizing: 3% (NBA/CBB) | 2% (NHL/MLB/EPL/DOTA2)
[2026-05-20 21:41:35]   Tiers: T1=B fav 75-90% | T2=Coin flip fav | T6=Coin flip dog
[2026-05-20 21:41:35]          T3=CBB B dog 50-55% | T4=NBA 50/50
[2026-05-20 21:41:35]          T7=60%+ fav (DOTA2/EPL/MLB)
[2026-05-20 21:41:35] =================================================================
[2026-05-20 21:41:35] 
[2026-05-20 21:41:35] =================================================================
[2026-05-20 21:41:35]   SCANNING — HYBRID 5-TIER STRATEGY
[2026-05-20 21:41:35] =================================================================
[2026-05-20 21:41:35]   Balance: $185.13 | Buying Power: $185.13
[2026-05-20 21:41:35]   Bet size: $5.55 (3% proven) / $3.70 (2% new leagues)
[2026-05-20 21:41:35] 
[2026-05-20 21:41:35]   WARNING: Could not fetch positions: 404 Client Error: Not Found for url: https://api.polymarket.us/v1/positions?limit=200
[2026-05-20 21:41:35]   WARNING: Could not fetch open orders: 501 Server Error: Not Implemented for url: https://api.polymarket.us/v1/orders?status=live&limit=200
[2026-05-20 21:41:35]   Scanning NBA...
[2026-05-20 21:41:36]     Found 8 events
[2026-05-20 21:41:36]   Scanning CBB...
[2026-05-20 21:41:36]     Found 0 events
[2026-05-20 21:41:36]   Scanning NHL...
[2026-05-20 21:41:36]     Found 8 events
[2026-05-20 21:41:36] 
[2026-05-20 21:41:36]   Total qualifying markets: 0
[2026-05-20 21:41:36]   New (not yet bet): 0
[2026-05-20 21:41:36] 
[2026-05-20 21:41:36]   No new qualifying markets found.
[2026-05-20 22:53:31] =================================================================
[2026-05-20 22:53:31]   POLYMARKET — MULTI-TIER BOT
[2026-05-20 22:53:31]   Mode: LIVE | Sizing: 3% of bankroll
[2026-05-20 22:53:31]   Leagues: NBA, CBB, NHL
[2026-05-20 22:53:31]   Bet window: 2h before game start
[2026-05-20 22:53:31]   Sizing: 3% (NBA/CBB) | 2% (NHL/MLB/EPL/DOTA2)
[2026-05-20 22:53:31]   Tiers: T1=B fav 75-90% | T2=Coin flip fav | T6=Coin flip dog
[2026-05-20 22:53:31]          T3=CBB B dog 50-55% | T4=NBA 50/50
[2026-05-20 22:53:31]          T7=60%+ fav (DOTA2/EPL/MLB)
[2026-05-20 22:53:31] =================================================================
[2026-05-20 22:53:31] 
[2026-05-20 22:53:31] =================================================================
[2026-05-20 22:53:31]   SCANNING — HYBRID 5-TIER STRATEGY
[2026-05-20 22:53:31] =================================================================
[2026-05-20 22:53:32]   Balance: $185.13 | Buying Power: $185.13
[2026-05-20 22:53:32]   Bet size: $5.55 (3% proven) / $3.70 (2% new leagues)
[2026-05-20 22:53:32] 
[2026-05-20 22:53:32]   WARNING: Could not fetch positions: 404 Client Error: Not Found for url: https://api.polymarket.us/v1/positions?limit=200
[2026-05-20 22:53:32]   WARNING: Could not fetch open orders: 501 Server Error: Not Implemented for url: https://api.polymarket.us/v1/orders?status=live&limit=200
[2026-05-20 22:53:32]   Scanning NBA...
[2026-05-20 22:53:32]     Found 8 events
[2026-05-20 22:53:32]   Scanning CBB...
[2026-05-20 22:53:32]     Found 0 events
[2026-05-20 22:53:32]   Scanning NHL...
[2026-05-20 22:53:32]     Found 8 events
[2026-05-20 22:53:32]     [SIGNAL] T2: Coin flip dog    | Vegas Golden Knights vs. Colorado A | Golden Knights  @39.0%
[2026-05-20 22:53:33] 
[2026-05-20 22:53:33]   Total qualifying markets: 1
[2026-05-20 22:53:33]     T2: Coin flip dog: 1
[2026-05-20 22:53:33]   New (not yet bet): 1
[2026-05-20 22:53:33] 
[2026-05-20 22:53:33]   PLACING BETS:
[2026-05-20 22:53:33]   -----------------------------------------------------------------
[2026-05-20 22:53:33]     SKIP Golden Knights — price moved out of tier range
[2026-05-20 22:53:33] 
  Updated Balance: $185.13 | Buying Power: $185.13
[2026-05-20 23:04:24] =================================================================
[2026-05-20 23:04:24]   POLYMARKET — MULTI-TIER BOT
[2026-05-20 23:04:24]   Mode: LIVE | Sizing: 3% of bankroll
[2026-05-20 23:04:24]   Leagues: NBA, CBB, NHL
[2026-05-20 23:04:24]   Bet window: 2h before game start
[2026-05-20 23:04:24]   Sizing: 3% (NBA/CBB) | 2% (NHL/MLB/EPL/DOTA2)
[2026-05-20 23:04:24]   Tiers: T1=B fav 75-90% | T2=Coin flip fav | T6=Coin flip dog
[2026-05-20 23:04:24]          T3=CBB B dog 50-55% | T4=NBA 50/50
[2026-05-20 23:04:24]          T7=60%+ fav (DOTA2/EPL/MLB)
[2026-05-20 23:04:24] =================================================================
[2026-05-20 23:04:24] 
[2026-05-20 23:04:24] =================================================================
[2026-05-20 23:04:24]   SCANNING — HYBRID 5-TIER STRATEGY
[2026-05-20 23:04:24] =================================================================
[2026-05-20 23:04:24]   Balance: $185.13 | Buying Power: $185.13
[2026-05-20 23:04:24]   Bet size: $5.55 (3% proven) / $3.70 (2% new leagues)
[2026-05-20 23:04:24] 
[2026-05-20 23:04:25]   WARNING: Could not fetch positions: 404 Client Error: Not Found for url: https://api.polymarket.us/v1/positions?limit=200
[2026-05-20 23:04:25]   WARNING: Could not fetch open orders: 501 Server Error: Not Implemented for url: https://api.polymarket.us/v1/orders?status=live&limit=200
[2026-05-20 23:04:25]   Scanning NBA...
[2026-05-20 23:04:25]     Found 8 events
[2026-05-20 23:04:25]   Scanning CBB...
[2026-05-20 23:04:25]     Found 0 events
[2026-05-20 23:04:25]   Scanning NHL...
[2026-05-20 23:04:25]     Found 8 events
[2026-05-20 23:04:25]     [SIGNAL] T2: Coin flip dog    | Vegas Golden Knights vs. Colorado A | Golden Knights  @39.0%
[2026-05-20 23:04:26] 
[2026-05-20 23:04:26]   Total qualifying markets: 1
[2026-05-20 23:04:26]     T2: Coin flip dog: 1
[2026-05-20 23:04:26]   New (not yet bet): 1
[2026-05-20 23:04:26] 
[2026-05-20 23:04:26]   PLACING BETS:
[2026-05-20 23:04:26]   -----------------------------------------------------------------
[2026-05-20 23:04:26]     SKIP Golden Knights — price moved out of tier range
[2026-05-20 23:04:26] 
  Updated Balance: $185.13 | Buying Power: $185.13
[2026-05-21 01:31:47] =================================================================
[2026-05-21 01:31:47]   POLYMARKET — MULTI-TIER BOT
[2026-05-21 01:31:47]   Mode: LIVE | Sizing: 3% of bankroll
[2026-05-21 01:31:47]   Leagues: NBA, CBB, NHL
[2026-05-21 01:31:47]   Bet window: 2h before game start
[2026-05-21 01:31:47]   Sizing: 3% (NBA/CBB) | 2% (NHL/MLB/EPL/DOTA2)
[2026-05-21 01:31:47]   Tiers: T1=B fav 75-90% | T2=Coin flip fav | T6=Coin flip dog
[2026-05-21 01:31:47]          T3=CBB B dog 50-55% | T4=NBA 50/50
[2026-05-21 01:31:47]          T7=60%+ fav (DOTA2/EPL/MLB)
[2026-05-21 01:31:47] =================================================================
[2026-05-21 01:31:47] 
[2026-05-21 01:31:47] =================================================================
[2026-05-21 01:31:47]   SCANNING — HYBRID 5-TIER STRATEGY
[2026-05-21 01:31:47] =================================================================
[2026-05-21 01:31:47]   Balance: $185.13 | Buying Power: $185.13
[2026-05-21 01:31:47]   Bet size: $5.55 (3% proven) / $3.70 (2% new leagues)
[2026-05-21 01:31:47] 
[2026-05-21 01:31:47]   WARNING: Could not fetch positions: 404 Client Error: Not Found for url: https://api.polymarket.us/v1/positions?limit=200
[2026-05-21 01:31:47]   WARNING: Could not fetch open orders: 501 Server Error: Not Implemented for url: https://api.polymarket.us/v1/orders?status=live&limit=200
[2026-05-21 01:31:47]   Scanning NBA...
[2026-05-21 01:31:47]     Found 9 events
[2026-05-21 01:31:47]   Scanning CBB...
[2026-05-21 01:31:47]     Found 0 events
[2026-05-21 01:31:47]   Scanning NHL...
[2026-05-21 01:31:47]     Found 8 events
[2026-05-21 01:31:48] 
[2026-05-21 01:31:48]   Total qualifying markets: 0
[2026-05-21 01:31:48]   New (not yet bet): 0
[2026-05-21 01:31:48] 
[2026-05-21 01:31:48]   No new qualifying markets found.
[2026-05-21 02:10:36] =================================================================
[2026-05-21 02:10:36]   POLYMARKET — MULTI-TIER BOT
[2026-05-21 02:10:36]   Mode: LIVE | Sizing: 3% of bankroll
[2026-05-21 02:10:36]   Leagues: NBA, CBB, NHL
[2026-05-21 02:10:36]   Bet window: 2h before game start
[2026-05-21 02:10:36]   Sizing: 3% (NBA/CBB) | 2% (NHL/MLB/EPL/DOTA2)
[2026-05-21 02:10:36]   Tiers: T1=B fav 75-90% | T2=Coin flip fav | T6=Coin flip dog
[2026-05-21 02:10:36]          T3=CBB B dog 50-55% | T4=NBA 50/50
[2026-05-21 02:10:36]          T7=60%+ fav (DOTA2/EPL/MLB)
[2026-05-21 02:10:36] =================================================================
[2026-05-21 02:10:36] 
[2026-05-21 02:10:36] =================================================================
[2026-05-21 02:10:36]   SCANNING — HYBRID 5-TIER STRATEGY
[2026-05-21 02:10:36] =================================================================
[2026-05-21 02:10:36]   Balance: $185.13 | Buying Power: $185.13
[2026-05-21 02:10:36]   Bet size: $5.55 (3% proven) / $3.70 (2% new leagues)
[2026-05-21 02:10:36] 
[2026-05-21 02:10:36]   WARNING: Could not fetch positions: 404 Client Error: Not Found for url: https://api.polymarket.us/v1/positions?limit=200
[2026-05-21 02:10:36]   WARNING: Could not fetch open orders: 501 Server Error: Not Implemented for url: https://api.polymarket.us/v1/orders?status=live&limit=200
[2026-05-21 02:10:36]   Scanning NBA...
[2026-05-21 02:10:37]     Found 9 events
[2026-05-21 02:10:37]   Scanning CBB...
[2026-05-21 02:10:37]     Found 0 events
[2026-05-21 02:10:37]   Scanning NHL...
[2026-05-21 02:10:37]     Found 8 events
[2026-05-21 02:10:37] 
[2026-05-21 02:10:37]   Total qualifying markets: 0
[2026-05-21 02:10:37]   New (not yet bet): 0
[2026-05-21 02:10:37] 
[2026-05-21 02:10:37]   No new qualifying markets found.
[2026-05-21 06:34:26] =================================================================
[2026-05-21 06:34:26]   POLYMARKET — MULTI-TIER BOT
[2026-05-21 06:34:26]   Mode: LIVE | Sizing: 3% of bankroll
[2026-05-21 06:34:26]   Leagues: NBA, CBB, NHL
[2026-05-21 06:34:26]   Bet window: 2h before game start
[2026-05-21 06:34:26]   Sizing: 3% (NBA/CBB) | 2% (NHL/MLB/EPL/DOTA2)
[2026-05-21 06:34:26]   Tiers: T1=B fav 75-90% | T2=Coin flip fav | T6=Coin flip dog
[2026-05-21 06:34:26]          T3=CBB B dog 50-55% | T4=NBA 50/50
[2026-05-21 06:34:26]          T7=60%+ fav (DOTA2/EPL/MLB)
[2026-05-21 06:34:26] =================================================================
[2026-05-21 06:34:26] 
[2026-05-21 06:34:26] =================================================================
[2026-05-21 06:34:26]   SCANNING — HYBRID 5-TIER STRATEGY
[2026-05-21 06:34:26] =================================================================
[2026-05-21 06:34:26]   Balance: $185.13 | Buying Power: $185.13
[2026-05-21 06:34:26]   Bet size: $5.55 (3% proven) / $3.70 (2% new leagues)
[2026-05-21 06:34:26] 
[2026-05-21 06:34:26]   WARNING: Could not fetch positions: 404 Client Error: Not Found for url: https://api.polymarket.us/v1/positions?limit=200
[2026-05-21 06:34:26]   WARNING: Could not fetch open orders: 501 Server Error: Not Implemented for url: https://api.polymarket.us/v1/orders?status=live&limit=200
[2026-05-21 06:34:26]   Scanning NBA...
[2026-05-21 06:34:27]     Found 8 events
[2026-05-21 06:34:27]   Scanning CBB...
[2026-05-21 06:34:27]     Found 0 events
[2026-05-21 06:34:27]   Scanning NHL...
[2026-05-21 06:34:27]     Found 7 events
[2026-05-21 06:34:27] 
[2026-05-21 06:34:27]   Total qualifying markets: 0
[2026-05-21 06:34:27]   New (not yet bet): 0
[2026-05-21 06:34:27] 
[2026-05-21 06:34:27]   No new qualifying markets found.
[2026-05-21 06:41:37] =================================================================
[2026-05-21 06:41:37]   POLYMARKET — MULTI-TIER BOT
[2026-05-21 06:41:37]   Mode: LIVE | Sizing: 3% of bankroll
[2026-05-21 06:41:37]   Leagues: NBA, CBB, NHL
[2026-05-21 06:41:37]   Bet window: 2h before game start
[2026-05-21 06:41:37]   Sizing: 3% (NBA/CBB) | 2% (NHL/MLB/EPL/DOTA2)
[2026-05-21 06:41:37]   Tiers: T1=B fav 75-90% | T2=Coin flip fav | T6=Coin flip dog
[2026-05-21 06:41:37]          T3=CBB B dog 50-55% | T4=NBA 50/50
[2026-05-21 06:41:37]          T7=60%+ fav (DOTA2/EPL/MLB)
[2026-05-21 06:41:37] =================================================================
[2026-05-21 06:41:37] 
[2026-05-21 06:41:37] =================================================================
[2026-05-21 06:41:37]   SCANNING — HYBRID 5-TIER STRATEGY
[2026-05-21 06:41:37] =================================================================
[2026-05-21 06:41:37]   Balance: $185.13 | Buying Power: $185.13
[2026-05-21 06:41:37]   Bet size: $5.55 (3% proven) / $3.70 (2% new leagues)
[2026-05-21 06:41:37] 
[2026-05-21 06:41:37]   WARNING: Could not fetch positions: 404 Client Error: Not Found for url: https://api.polymarket.us/v1/positions?limit=200
[2026-05-21 06:41:37]   WARNING: Could not fetch open orders: 501 Server Error: Not Implemented for url: https://api.polymarket.us/v1/orders?status=live&limit=200
[2026-05-21 06:41:37]   Scanning NBA...
[2026-05-21 06:41:37]     Found 8 events
[2026-05-21 06:41:37]   Scanning CBB...
[2026-05-21 06:41:37]     Found 0 events
[2026-05-21 06:41:38]   Scanning NHL...
[2026-05-21 06:41:38]     Found 7 events
[2026-05-21 06:41:38] 
[2026-05-21 06:41:38]   Total qualifying markets: 0
[2026-05-21 06:41:38]   New (not yet bet): 0
[2026-05-21 06:41:38] 
[2026-05-21 06:41:38]   No new qualifying markets found.
[2026-05-21 10:30:29] =================================================================
[2026-05-21 10:30:29]   POLYMARKET — MULTI-TIER BOT
[2026-05-21 10:30:29]   Mode: LIVE | Sizing: 3% of bankroll
[2026-05-21 10:30:29]   Leagues: NBA, CBB, NHL
[2026-05-21 10:30:29]   Bet window: 2h before game start
[2026-05-21 10:30:29]   Sizing: 3% (NBA/CBB) | 2% (NHL/MLB/EPL/DOTA2)
[2026-05-21 10:30:29]   Tiers: T1=B fav 75-90% | T2=Coin flip fav | T6=Coin flip dog
[2026-05-21 10:30:29]          T3=CBB B dog 50-55% | T4=NBA 50/50
[2026-05-21 10:30:29]          T7=60%+ fav (DOTA2/EPL/MLB)
[2026-05-21 10:30:29] =================================================================
[2026-05-21 10:30:29] 
[2026-05-21 10:30:29] =================================================================
[2026-05-21 10:30:29]   SCANNING — HYBRID 5-TIER STRATEGY
[2026-05-21 10:30:29] =================================================================
[2026-05-21 10:30:29]   ERROR getting balance: 503 Server Error: Service Unavailable for url: https://api.polymarket.us/v1/account/balances
[2026-05-21 10:30:29]   Could not fetch balance — running in scan-only mode
[2026-05-21 10:30:29]   Bet size: $0.00 (3% proven) / $0.00 (2% new leagues)
[2026-05-21 10:30:29] 
[2026-05-21 10:30:29]   WARNING: Could not fetch positions: 404 Client Error: Not Found for url: https://api.polymarket.us/v1/positions?limit=200
[2026-05-21 10:30:29]   WARNING: Could not fetch open orders: 501 Server Error: Not Implemented for url: https://api.polymarket.us/v1/orders?status=live&limit=200
[2026-05-21 10:30:29]   Scanning NBA...
[2026-05-21 10:30:29]     Found 0 events
[2026-05-21 10:30:29]   Scanning CBB...
[2026-05-21 10:30:29]     Found 0 events
[2026-05-21 10:30:29]   Scanning NHL...
[2026-05-21 10:30:29]     Found 0 events
[2026-05-21 10:30:30] 
[2026-05-21 10:30:30]   Total qualifying markets: 0
[2026-05-21 10:30:30]   New (not yet bet): 0
[2026-05-21 10:30:30] 
[2026-05-21 10:30:30]   No new qualifying markets found.
[2026-05-21 10:52:06] =================================================================
[2026-05-21 10:52:06]   POLYMARKET — MULTI-TIER BOT
[2026-05-21 10:52:06]   Mode: LIVE | Sizing: 3% of bankroll
[2026-05-21 10:52:06]   Leagues: NBA, CBB, NHL
[2026-05-21 10:52:06]   Bet window: 2h before game start
[2026-05-21 10:52:06]   Sizing: 3% (NBA/CBB) | 2% (NHL/MLB/EPL/DOTA2)
[2026-05-21 10:52:06]   Tiers: T1=B fav 75-90% | T2=Coin flip fav | T6=Coin flip dog
[2026-05-21 10:52:06]          T3=CBB B dog 50-55% | T4=NBA 50/50
[2026-05-21 10:52:06]          T7=60%+ fav (DOTA2/EPL/MLB)
[2026-05-21 10:52:06] =================================================================
[2026-05-21 10:52:06] 
[2026-05-21 10:52:06] =================================================================
[2026-05-21 10:52:06]   SCANNING — HYBRID 5-TIER STRATEGY
[2026-05-21 10:52:06] =================================================================
[2026-05-21 10:52:07]   Balance: $185.13 | Buying Power: $185.13
[2026-05-21 10:52:07]   Bet size: $5.55 (3% proven) / $3.70 (2% new leagues)
[2026-05-21 10:52:07] 
[2026-05-21 10:52:07]   WARNING: Could not fetch positions: 404 Client Error: Not Found for url: https://api.polymarket.us/v1/positions?limit=200
[2026-05-21 10:52:07]   WARNING: Could not fetch open orders: 501 Server Error: Not Implemented for url: https://api.polymarket.us/v1/orders?status=live&limit=200
[2026-05-21 10:52:07]   Scanning NBA...
[2026-05-21 10:52:07]     Found 0 events
[2026-05-21 10:52:07]   Scanning CBB...
[2026-05-21 10:52:07]     Found 0 events
[2026-05-21 10:52:07]   Scanning NHL...
[2026-05-21 10:52:07]     Found 0 events
[2026-05-21 10:52:07] 
[2026-05-21 10:52:07]   Total qualifying markets: 0
[2026-05-21 10:52:07]   New (not yet bet): 0
[2026-05-21 10:52:07] 
[2026-05-21 10:52:07]   No new qualifying markets found.
[2026-05-21 13:54:26] =================================================================
[2026-05-21 13:54:26]   POLYMARKET — MULTI-TIER BOT
[2026-05-21 13:54:26]   Mode: LIVE | Sizing: 3% of bankroll
[2026-05-21 13:54:26]   Leagues: NBA, CBB, NHL
[2026-05-21 13:54:26]   Bet window: 2h before game start
[2026-05-21 13:54:26]   Sizing: 3% (NBA/CBB) | 2% (NHL/MLB/EPL/DOTA2)
[2026-05-21 13:54:26]   Tiers: T1=B fav 75-90% | T2=Coin flip fav | T6=Coin flip dog
[2026-05-21 13:54:26]          T3=CBB B dog 50-55% | T4=NBA 50/50
[2026-05-21 13:54:26]          T7=60%+ fav (DOTA2/EPL/MLB)
[2026-05-21 13:54:26] =================================================================
[2026-05-21 13:54:26] 
[2026-05-21 13:54:26] =================================================================
[2026-05-21 13:54:26]   SCANNING — HYBRID 5-TIER STRATEGY
[2026-05-21 13:54:26] =================================================================
[2026-05-21 13:54:27]   Balance: $185.13 | Buying Power: $185.13
[2026-05-21 13:54:27]   Bet size: $5.55 (3% proven) / $3.70 (2% new leagues)
[2026-05-21 13:54:27] 
[2026-05-21 13:54:27]   WARNING: Could not fetch positions: 404 Client Error: Not Found for url: https://api.polymarket.us/v1/positions?limit=200
[2026-05-21 13:54:27]   WARNING: Could not fetch open orders: 501 Server Error: Not Implemented for url: https://api.polymarket.us/v1/orders?status=live&limit=200
[2026-05-21 13:54:27]   Scanning NBA...
[2026-05-21 13:54:27]     Found 6 events
[2026-05-21 13:54:27]   Scanning CBB...
[2026-05-21 13:54:27]     Found 0 events
[2026-05-21 13:54:27]   Scanning NHL...
[2026-05-21 13:54:27]     Found 5 events
[2026-05-21 13:54:28] 
[2026-05-21 13:54:28]   Total qualifying markets: 0
[2026-05-21 13:54:28]   New (not yet bet): 0
[2026-05-21 13:54:28] 
[2026-05-21 13:54:28]   No new qualifying markets found.
[2026-05-21 14:21:00] =================================================================
[2026-05-21 14:21:00]   POLYMARKET — MULTI-TIER BOT
[2026-05-21 14:21:00]   Mode: LIVE | Sizing: 3% of bankroll
[2026-05-21 14:21:00]   Leagues: NBA, CBB, NHL
[2026-05-21 14:21:00]   Bet window: 2h before game start
[2026-05-21 14:21:00]   Sizing: 3% (NBA/CBB) | 2% (NHL/MLB/EPL/DOTA2)
[2026-05-21 14:21:00]   Tiers: T1=B fav 75-90% | T2=Coin flip fav | T6=Coin flip dog
[2026-05-21 14:21:00]          T3=CBB B dog 50-55% | T4=NBA 50/50
[2026-05-21 14:21:00]          T7=60%+ fav (DOTA2/EPL/MLB)
[2026-05-21 14:21:00] =================================================================
[2026-05-21 14:21:00] 
[2026-05-21 14:21:00] =================================================================
[2026-05-21 14:21:00]   SCANNING — HYBRID 5-TIER STRATEGY
[2026-05-21 14:21:00] =================================================================
[2026-05-21 14:21:01]   Balance: $185.13 | Buying Power: $185.13
[2026-05-21 14:21:01]   Bet size: $5.55 (3% proven) / $3.70 (2% new leagues)
[2026-05-21 14:21:01] 
[2026-05-21 14:21:01]   WARNING: Could not fetch positions: 404 Client Error: Not Found for url: https://api.polymarket.us/v1/positions?limit=200
[2026-05-21 14:21:01]   WARNING: Could not fetch open orders: 501 Server Error: Not Implemented for url: https://api.polymarket.us/v1/orders?status=live&limit=200
[2026-05-21 14:21:01]   Scanning NBA...
[2026-05-21 14:21:01]     Found 8 events
[2026-05-21 14:21:01]   Scanning CBB...
[2026-05-21 14:21:01]     Found 0 events
[2026-05-21 14:21:01]   Scanning NHL...
[2026-05-21 14:21:01]     Found 7 events
[2026-05-21 14:21:01] 
[2026-05-21 14:21:01]   Total qualifying markets: 0
[2026-05-21 14:21:01]   New (not yet bet): 0
[2026-05-21 14:21:01] 
[2026-05-21 14:21:01]   No new qualifying markets found.
[2026-05-21 16:37:14] =================================================================
[2026-05-21 16:37:14]   POLYMARKET — MULTI-TIER BOT
[2026-05-21 16:37:14]   Mode: LIVE | Sizing: 3% of bankroll
[2026-05-21 16:37:14]   Leagues: NBA, CBB, NHL
[2026-05-21 16:37:14]   Bet window: 2h before game start
[2026-05-21 16:37:14]   Sizing: 3% (NBA/CBB) | 2% (NHL/MLB/EPL/DOTA2)
[2026-05-21 16:37:14]   Tiers: T1=B fav 75-90% | T2=Coin flip fav | T6=Coin flip dog
[2026-05-21 16:37:14]          T3=CBB B dog 50-55% | T4=NBA 50/50
[2026-05-21 16:37:14]          T7=60%+ fav (DOTA2/EPL/MLB)
[2026-05-21 16:37:14] =================================================================
[2026-05-21 16:37:14] 
[2026-05-21 16:37:14] =================================================================
[2026-05-21 16:37:14]   SCANNING — HYBRID 5-TIER STRATEGY
[2026-05-21 16:37:14] =================================================================
[2026-05-21 16:37:15]   Balance: $185.13 | Buying Power: $185.13
[2026-05-21 16:37:15]   Bet size: $5.55 (3% proven) / $3.70 (2% new leagues)
[2026-05-21 16:37:15] 
[2026-05-21 16:37:15]   WARNING: Could not fetch positions: 404 Client Error: Not Found for url: https://api.polymarket.us/v1/positions?limit=200
[2026-05-21 16:37:15]   WARNING: Could not fetch open orders: 501 Server Error: Not Implemented for url: https://api.polymarket.us/v1/orders?status=live&limit=200
[2026-05-21 16:37:15]   Scanning NBA...
[2026-05-21 16:37:15]     Found 8 events
[2026-05-21 16:37:15]   Scanning CBB...
[2026-05-21 16:37:15]     Found 0 events
[2026-05-21 16:37:15]   Scanning NHL...
[2026-05-21 16:37:15]     Found 7 events
[2026-05-21 16:37:15] 
[2026-05-21 16:37:15]   Total qualifying markets: 0
[2026-05-21 16:37:15]   New (not yet bet): 0
[2026-05-21 16:37:15] 
[2026-05-21 16:37:15]   No new qualifying markets found.
[2026-05-21 17:15:03] =================================================================
[2026-05-21 17:15:03]   POLYMARKET — MULTI-TIER BOT
[2026-05-21 17:15:03]   Mode: LIVE | Sizing: 3% of bankroll
[2026-05-21 17:15:03]   Leagues: NBA, CBB, NHL
[2026-05-21 17:15:03]   Bet window: 2h before game start
[2026-05-21 17:15:03]   Sizing: 3% (NBA/CBB) | 2% (NHL/MLB/EPL/DOTA2)
[2026-05-21 17:15:03]   Tiers: T1=B fav 75-90% | T2=Coin flip fav | T6=Coin flip dog
[2026-05-21 17:15:03]          T3=CBB B dog 50-55% | T4=NBA 50/50
[2026-05-21 17:15:03]          T7=60%+ fav (DOTA2/EPL/MLB)
[2026-05-21 17:15:03] =================================================================
[2026-05-21 17:15:03] 
[2026-05-21 17:15:03] =================================================================
[2026-05-21 17:15:03]   SCANNING — HYBRID 5-TIER STRATEGY
[2026-05-21 17:15:03] =================================================================
[2026-05-21 17:15:03]   Balance: $185.13 | Buying Power: $185.13
[2026-05-21 17:15:03]   Bet size: $5.55 (3% proven) / $3.70 (2% new leagues)
[2026-05-21 17:15:03] 
[2026-05-21 17:15:03]   WARNING: Could not fetch positions: 404 Client Error: Not Found for url: https://api.polymarket.us/v1/positions?limit=200
[2026-05-21 17:15:03]   WARNING: Could not fetch open orders: 501 Server Error: Not Implemented for url: https://api.polymarket.us/v1/orders?status=live&limit=200
[2026-05-21 17:15:03]   Scanning NBA...
[2026-05-21 17:15:03]     Found 8 events
[2026-05-21 17:15:03]   Scanning CBB...
[2026-05-21 17:15:03]     Found 0 events
[2026-05-21 17:15:03]   Scanning NHL...
[2026-05-21 17:15:03]     Found 7 events
[2026-05-21 17:15:03] 
[2026-05-21 17:15:03]   Total qualifying markets: 0
[2026-05-21 17:15:03]   New (not yet bet): 0
[2026-05-21 17:15:03] 
[2026-05-21 17:15:03]   No new qualifying markets found.
[2026-05-21 18:51:57] =================================================================
[2026-05-21 18:51:57]   POLYMARKET — MULTI-TIER BOT
[2026-05-21 18:51:57]   Mode: LIVE | Sizing: 3% of bankroll
[2026-05-21 18:51:57]   Leagues: NBA, CBB, NHL
[2026-05-21 18:51:57]   Bet window: 2h before game start
[2026-05-21 18:51:57]   Sizing: 3% (NBA/CBB) | 2% (NHL/MLB/EPL/DOTA2)
[2026-05-21 18:51:57]   Tiers: T1=B fav 75-90% | T2=Coin flip fav | T6=Coin flip dog
[2026-05-21 18:51:57]          T3=CBB B dog 50-55% | T4=NBA 50/50
[2026-05-21 18:51:57]          T7=60%+ fav (DOTA2/EPL/MLB)
[2026-05-21 18:51:57] =================================================================
[2026-05-21 18:51:57] 
[2026-05-21 18:51:57] =================================================================
[2026-05-21 18:51:57]   SCANNING — HYBRID 5-TIER STRATEGY
[2026-05-21 18:51:57] =================================================================
[2026-05-21 18:51:57]   Balance: $185.13 | Buying Power: $185.13
[2026-05-21 18:51:57]   Bet size: $5.55 (3% proven) / $3.70 (2% new leagues)
[2026-05-21 18:51:57] 
[2026-05-21 18:51:57]   WARNING: Could not fetch positions: 404 Client Error: Not Found for url: https://api.polymarket.us/v1/positions?limit=200
[2026-05-21 18:51:57]   WARNING: Could not fetch open orders: 501 Server Error: Not Implemented for url: https://api.polymarket.us/v1/orders?status=live&limit=200
[2026-05-21 18:51:57]   Scanning NBA...
[2026-05-21 18:51:57]     Found 8 events
[2026-05-21 18:51:57]   Scanning CBB...
[2026-05-21 18:51:57]     Found 0 events
[2026-05-21 18:51:57]   Scanning NHL...
[2026-05-21 18:51:57]     Found 7 events
[2026-05-21 18:51:57] 
[2026-05-21 18:51:57]   Total qualifying markets: 0
[2026-05-21 18:51:57]   New (not yet bet): 0
[2026-05-21 18:51:57] 
[2026-05-21 18:51:57]   No new qualifying markets found.
[2026-05-21 19:26:41] =================================================================
[2026-05-21 19:26:41]   POLYMARKET — MULTI-TIER BOT
[2026-05-21 19:26:41]   Mode: LIVE | Sizing: 3% of bankroll
[2026-05-21 19:26:41]   Leagues: NBA, CBB, NHL
[2026-05-21 19:26:41]   Bet window: 2h before game start
[2026-05-21 19:26:41]   Sizing: 3% (NBA/CBB) | 2% (NHL/MLB/EPL/DOTA2)
[2026-05-21 19:26:41]   Tiers: T1=B fav 75-90% | T2=Coin flip fav | T6=Coin flip dog
[2026-05-21 19:26:41]          T3=CBB B dog 50-55% | T4=NBA 50/50
[2026-05-21 19:26:41]          T7=60%+ fav (DOTA2/EPL/MLB)
[2026-05-21 19:26:41] =================================================================
[2026-05-21 19:26:41] 
[2026-05-21 19:26:41] =================================================================
[2026-05-21 19:26:41]   SCANNING — HYBRID 5-TIER STRATEGY
[2026-05-21 19:26:41] =================================================================
[2026-05-21 19:26:42]   Balance: $185.13 | Buying Power: $185.13
[2026-05-21 19:26:42]   Bet size: $5.55 (3% proven) / $3.70 (2% new leagues)
[2026-05-21 19:26:42] 
[2026-05-21 19:26:42]   WARNING: Could not fetch positions: 404 Client Error: Not Found for url: https://api.polymarket.us/v1/positions?limit=200
[2026-05-21 19:26:42]   WARNING: Could not fetch open orders: 501 Server Error: Not Implemented for url: https://api.polymarket.us/v1/orders?status=live&limit=200
[2026-05-21 19:26:42]   Scanning NBA...
[2026-05-21 19:26:42]     Found 8 events
[2026-05-21 19:26:42]   Scanning CBB...
[2026-05-21 19:26:42]     Found 0 events
[2026-05-21 19:26:42]   Scanning NHL...
[2026-05-21 19:26:42]     Found 7 events
[2026-05-21 19:26:42] 
[2026-05-21 19:26:42]   Total qualifying markets: 0
[2026-05-21 19:26:42]   New (not yet bet): 0
[2026-05-21 19:26:42] 
[2026-05-21 19:26:42]   No new qualifying markets found.
[2026-05-21 20:29:54] =================================================================
[2026-05-21 20:29:54]   POLYMARKET — MULTI-TIER BOT
[2026-05-21 20:29:54]   Mode: LIVE | Sizing: 3% of bankroll
[2026-05-21 20:29:54]   Leagues: NBA, CBB, NHL
[2026-05-21 20:29:54]   Bet window: 2h before game start
[2026-05-21 20:29:54]   Sizing: 3% (NBA/CBB) | 2% (NHL/MLB/EPL/DOTA2)
[2026-05-21 20:29:54]   Tiers: T1=B fav 75-90% | T2=Coin flip fav | T6=Coin flip dog
[2026-05-21 20:29:54]          T3=CBB B dog 50-55% | T4=NBA 50/50
[2026-05-21 20:29:54]          T7=60%+ fav (DOTA2/EPL/MLB)
[2026-05-21 20:29:54] =================================================================
[2026-05-21 20:29:54] 
[2026-05-21 20:29:54] =================================================================
[2026-05-21 20:29:54]   SCANNING — HYBRID 5-TIER STRATEGY
[2026-05-21 20:29:54] =================================================================
[2026-05-21 20:29:55]   Balance: $185.13 | Buying Power: $185.13
[2026-05-21 20:29:55]   Bet size: $5.55 (3% proven) / $3.70 (2% new leagues)
[2026-05-21 20:29:55] 
[2026-05-21 20:29:55]   WARNING: Could not fetch positions: 404 Client Error: Not Found for url: https://api.polymarket.us/v1/positions?limit=200
[2026-05-21 20:29:55]   WARNING: Could not fetch open orders: 501 Server Error: Not Implemented for url: https://api.polymarket.us/v1/orders?status=live&limit=200
[2026-05-21 20:29:55]   Scanning NBA...
[2026-05-21 20:29:55]     Found 8 events
[2026-05-21 20:29:55]   Scanning CBB...
[2026-05-21 20:29:55]     Found 0 events
[2026-05-21 20:29:55]   Scanning NHL...
[2026-05-21 20:29:56]     Found 7 events
[2026-05-21 20:29:56] 
[2026-05-21 20:29:56]   Total qualifying markets: 0
[2026-05-21 20:29:56]   New (not yet bet): 0
[2026-05-21 20:29:56] 
[2026-05-21 20:29:56]   No new qualifying markets found.
[2026-05-21 21:14:26] =================================================================
[2026-05-21 21:14:26]   POLYMARKET — MULTI-TIER BOT
[2026-05-21 21:14:26]   Mode: LIVE | Sizing: 3% of bankroll
[2026-05-21 21:14:26]   Leagues: NBA, CBB, NHL
[2026-05-21 21:14:26]   Bet window: 2h before game start
[2026-05-21 21:14:26]   Sizing: 3% (NBA/CBB) | 2% (NHL/MLB/EPL/DOTA2)
[2026-05-21 21:14:26]   Tiers: T1=B fav 75-90% | T2=Coin flip fav | T6=Coin flip dog
[2026-05-21 21:14:26]          T3=CBB B dog 50-55% | T4=NBA 50/50
[2026-05-21 21:14:26]          T7=60%+ fav (DOTA2/EPL/MLB)
[2026-05-21 21:14:26] =================================================================
[2026-05-21 21:14:26] 
[2026-05-21 21:14:26] =================================================================
[2026-05-21 21:14:26]   SCANNING — HYBRID 5-TIER STRATEGY
[2026-05-21 21:14:26] =================================================================
[2026-05-21 21:14:26]   Balance: $185.13 | Buying Power: $185.13
[2026-05-21 21:14:26]   Bet size: $5.55 (3% proven) / $3.70 (2% new leagues)
[2026-05-21 21:14:26] 
[2026-05-21 21:14:26]   WARNING: Could not fetch positions: 404 Client Error: Not Found for url: https://api.polymarket.us/v1/positions?limit=200
[2026-05-21 21:14:26]   WARNING: Could not fetch open orders: 501 Server Error: Not Implemented for url: https://api.polymarket.us/v1/orders?status=live&limit=200
[2026-05-21 21:14:26]   Scanning NBA...
[2026-05-21 21:14:26]     Found 8 events
[2026-05-21 21:14:27]   Scanning CBB...
[2026-05-21 21:14:27]     Found 0 events
[2026-05-21 21:14:27]   Scanning NHL...
[2026-05-21 21:14:27]     Found 7 events
[2026-05-21 21:14:27] 
[2026-05-21 21:14:27]   Total qualifying markets: 0
[2026-05-21 21:14:27]   New (not yet bet): 0
[2026-05-21 21:14:27] 
[2026-05-21 21:14:27]   No new qualifying markets found.
[2026-05-21 22:10:42] =================================================================
[2026-05-21 22:10:42]   POLYMARKET — MULTI-TIER BOT
[2026-05-21 22:10:42]   Mode: LIVE | Sizing: 3% of bankroll
[2026-05-21 22:10:42]   Leagues: NBA, CBB, NHL
[2026-05-21 22:10:42]   Bet window: 2h before game start
[2026-05-21 22:10:42]   Sizing: 3% (NBA/CBB) | 2% (NHL/MLB/EPL/DOTA2)
[2026-05-21 22:10:42]   Tiers: T1=B fav 75-90% | T2=Coin flip fav | T6=Coin flip dog
[2026-05-21 22:10:42]          T3=CBB B dog 50-55% | T4=NBA 50/50
[2026-05-21 22:10:42]          T7=60%+ fav (DOTA2/EPL/MLB)
[2026-05-21 22:10:42] =================================================================
[2026-05-21 22:10:42] 
[2026-05-21 22:10:42] =================================================================
[2026-05-21 22:10:42]   SCANNING — HYBRID 5-TIER STRATEGY
[2026-05-21 22:10:42] =================================================================
[2026-05-21 22:10:42]   Balance: $185.13 | Buying Power: $185.13
[2026-05-21 22:10:42]   Bet size: $5.55 (3% proven) / $3.70 (2% new leagues)
[2026-05-21 22:10:42] 
[2026-05-21 22:10:42]   WARNING: Could not fetch positions: 404 Client Error: Not Found for url: https://api.polymarket.us/v1/positions?limit=200
[2026-05-21 22:10:42]   WARNING: Could not fetch open orders: 501 Server Error: Not Implemented for url: https://api.polymarket.us/v1/orders?status=live&limit=200
[2026-05-21 22:10:42]   Scanning NBA...
[2026-05-21 22:10:43]     Found 8 events
[2026-05-21 22:10:43]   Scanning CBB...
[2026-05-21 22:10:43]     Found 0 events
[2026-05-21 22:10:43]   Scanning NHL...
[2026-05-21 22:10:43]     Found 7 events
[2026-05-21 22:10:43] 
[2026-05-21 22:10:43]   Total qualifying markets: 0
[2026-05-21 22:10:43]   New (not yet bet): 0
[2026-05-21 22:10:43] 
[2026-05-21 22:10:43]   No new qualifying markets found.
[2026-05-21 22:49:41] =================================================================
[2026-05-21 22:49:41]   POLYMARKET — MULTI-TIER BOT
[2026-05-21 22:49:41]   Mode: LIVE | Sizing: 3% of bankroll
[2026-05-21 22:49:41]   Leagues: NBA, CBB, NHL
[2026-05-21 22:49:41]   Bet window: 2h before game start
[2026-05-21 22:49:41]   Sizing: 3% (NBA/CBB) | 2% (NHL/MLB/EPL/DOTA2)
[2026-05-21 22:49:41]   Tiers: T1=B fav 75-90% | T2=Coin flip fav | T6=Coin flip dog
[2026-05-21 22:49:41]          T3=CBB B dog 50-55% | T4=NBA 50/50
[2026-05-21 22:49:41]          T7=60%+ fav (DOTA2/EPL/MLB)
[2026-05-21 22:49:41] =================================================================
[2026-05-21 22:49:41] 
[2026-05-21 22:49:41] =================================================================
[2026-05-21 22:49:41]   SCANNING — HYBRID 5-TIER STRATEGY
[2026-05-21 22:49:41] =================================================================
[2026-05-21 22:49:41]   Balance: $185.13 | Buying Power: $185.13
[2026-05-21 22:49:41]   Bet size: $5.55 (3% proven) / $3.70 (2% new leagues)
[2026-05-21 22:49:41] 
[2026-05-21 22:49:41]   WARNING: Could not fetch positions: 404 Client Error: Not Found for url: https://api.polymarket.us/v1/positions?limit=200
[2026-05-21 22:49:41]   WARNING: Could not fetch open orders: 501 Server Error: Not Implemented for url: https://api.polymarket.us/v1/orders?status=live&limit=200
[2026-05-21 22:49:41]   Scanning NBA...
[2026-05-21 22:49:41]     Found 8 events
[2026-05-21 22:49:41]   Scanning CBB...
[2026-05-21 22:49:41]     Found 0 events
[2026-05-21 22:49:42]   Scanning NHL...
[2026-05-21 22:49:42]     Found 7 events
[2026-05-21 22:49:42] 
[2026-05-21 22:49:42]   Total qualifying markets: 0
[2026-05-21 22:49:42]   New (not yet bet): 0
[2026-05-21 22:49:42] 
[2026-05-21 22:49:42]   No new qualifying markets found.
[2026-05-21 23:51:12] =================================================================
[2026-05-21 23:51:12]   POLYMARKET — MULTI-TIER BOT
[2026-05-21 23:51:12]   Mode: LIVE | Sizing: 3% of bankroll
[2026-05-21 23:51:12]   Leagues: NBA, CBB, NHL
[2026-05-21 23:51:12]   Bet window: 2h before game start
[2026-05-21 23:51:12]   Sizing: 3% (NBA/CBB) | 2% (NHL/MLB/EPL/DOTA2)
[2026-05-21 23:51:12]   Tiers: T1=B fav 75-90% | T2=Coin flip fav | T6=Coin flip dog
[2026-05-21 23:51:12]          T3=CBB B dog 50-55% | T4=NBA 50/50
[2026-05-21 23:51:12]          T7=60%+ fav (DOTA2/EPL/MLB)
[2026-05-21 23:51:12] =================================================================
[2026-05-21 23:51:12] 
[2026-05-21 23:51:12] =================================================================
[2026-05-21 23:51:12]   SCANNING — HYBRID 5-TIER STRATEGY
[2026-05-21 23:51:12] =================================================================
[2026-05-21 23:51:12]   Balance: $185.13 | Buying Power: $185.13
[2026-05-21 23:51:12]   Bet size: $5.55 (3% proven) / $3.70 (2% new leagues)
[2026-05-21 23:51:12] 
[2026-05-21 23:51:12]   WARNING: Could not fetch positions: 404 Client Error: Not Found for url: https://api.polymarket.us/v1/positions?limit=200
[2026-05-21 23:51:12]   WARNING: Could not fetch open orders: 501 Server Error: Not Implemented for url: https://api.polymarket.us/v1/orders?status=live&limit=200
[2026-05-21 23:51:12]   Scanning NBA...
[2026-05-21 23:51:12]     Found 8 events
[2026-05-21 23:51:13]   Scanning CBB...
[2026-05-21 23:51:13]     Found 0 events
[2026-05-21 23:51:13]   Scanning NHL...
[2026-05-21 23:51:13]     Found 7 events
[2026-05-21 23:51:13] 
[2026-05-21 23:51:13]   Total qualifying markets: 0
[2026-05-21 23:51:13]   New (not yet bet): 0
[2026-05-21 23:51:13] 
[2026-05-21 23:51:13]   No new qualifying markets found.
[2026-05-22 01:29:57] =================================================================
[2026-05-22 01:29:57]   POLYMARKET — MULTI-TIER BOT
[2026-05-22 01:29:57]   Mode: LIVE | Sizing: 3% of bankroll
[2026-05-22 01:29:57]   Leagues: NBA, CBB, NHL
[2026-05-22 01:29:57]   Bet window: 2h before game start
[2026-05-22 01:29:57]   Sizing: 3% (NBA/CBB) | 2% (NHL/MLB/EPL/DOTA2)
[2026-05-22 01:29:57]   Tiers: T1=B fav 75-90% | T2=Coin flip fav | T6=Coin flip dog
[2026-05-22 01:29:57]          T3=CBB B dog 50-55% | T4=NBA 50/50
[2026-05-22 01:29:57]          T7=60%+ fav (DOTA2/EPL/MLB)
[2026-05-22 01:29:57] =================================================================
[2026-05-22 01:29:57] 
[2026-05-22 01:29:57] =================================================================
[2026-05-22 01:29:57]   SCANNING — HYBRID 5-TIER STRATEGY
[2026-05-22 01:29:57] =================================================================
[2026-05-22 01:29:57]   Balance: $185.13 | Buying Power: $185.13
[2026-05-22 01:29:57]   Bet size: $5.55 (3% proven) / $3.70 (2% new leagues)
[2026-05-22 01:29:57] 
[2026-05-22 01:29:57]   WARNING: Could not fetch positions: 404 Client Error: Not Found for url: https://api.polymarket.us/v1/positions?limit=200
[2026-05-22 01:29:57]   WARNING: Could not fetch open orders: 501 Server Error: Not Implemented for url: https://api.polymarket.us/v1/orders?status=live&limit=200
[2026-05-22 01:29:57]   Scanning NBA...
[2026-05-22 01:29:57]     Found 9 events
[2026-05-22 01:29:57]   Scanning CBB...
[2026-05-22 01:29:57]     Found 0 events
[2026-05-22 01:29:57]   Scanning NHL...
[2026-05-22 01:29:57]     Found 7 events
[2026-05-22 01:29:57] 
[2026-05-22 01:29:57]   Total qualifying markets: 0
[2026-05-22 01:29:57]   New (not yet bet): 0
[2026-05-22 01:29:57] 
[2026-05-22 01:29:57]   No new qualifying markets found.
[2026-05-22 02:13:13] =================================================================
[2026-05-22 02:13:13]   POLYMARKET — MULTI-TIER BOT
[2026-05-22 02:13:13]   Mode: LIVE | Sizing: 3% of bankroll
[2026-05-22 02:13:13]   Leagues: NBA, CBB, NHL
[2026-05-22 02:13:13]   Bet window: 2h before game start
[2026-05-22 02:13:13]   Sizing: 3% (NBA/CBB) | 2% (NHL/MLB/EPL/DOTA2)
[2026-05-22 02:13:13]   Tiers: T1=B fav 75-90% | T2=Coin flip fav | T6=Coin flip dog
[2026-05-22 02:13:13]          T3=CBB B dog 50-55% | T4=NBA 50/50
[2026-05-22 02:13:13]          T7=60%+ fav (DOTA2/EPL/MLB)
[2026-05-22 02:13:13] =================================================================
[2026-05-22 02:13:13] 
[2026-05-22 02:13:13] =================================================================
[2026-05-22 02:13:13]   SCANNING — HYBRID 5-TIER STRATEGY
[2026-05-22 02:13:13] =================================================================
[2026-05-22 02:13:13]   Balance: $185.13 | Buying Power: $185.13
[2026-05-22 02:13:13]   Bet size: $5.55 (3% proven) / $3.70 (2% new leagues)
[2026-05-22 02:13:13] 
[2026-05-22 02:13:13]   WARNING: Could not fetch positions: 404 Client Error: Not Found for url: https://api.polymarket.us/v1/positions?limit=200
[2026-05-22 02:13:13]   WARNING: Could not fetch open orders: 501 Server Error: Not Implemented for url: https://api.polymarket.us/v1/orders?status=live&limit=200
[2026-05-22 02:13:13]   Scanning NBA...
[2026-05-22 02:13:13]     Found 9 events
[2026-05-22 02:13:14]   Scanning CBB...
[2026-05-22 02:13:14]     Found 0 events
[2026-05-22 02:13:14]   Scanning NHL...
[2026-05-22 02:13:14]     Found 7 events
[2026-05-22 02:13:14] 
[2026-05-22 02:13:14]   Total qualifying markets: 0
[2026-05-22 02:13:14]   New (not yet bet): 0
[2026-05-22 02:13:14] 
[2026-05-22 02:13:14]   No new qualifying markets found.
[2026-05-22 05:46:28] =================================================================
[2026-05-22 05:46:28]   POLYMARKET — MULTI-TIER BOT
[2026-05-22 05:46:28]   Mode: LIVE | Sizing: 3% of bankroll
[2026-05-22 05:46:28]   Leagues: NBA, CBB, NHL
[2026-05-22 05:46:28]   Bet window: 2h before game start
[2026-05-22 05:46:28]   Sizing: 3% (NBA/CBB) | 2% (NHL/MLB/EPL/DOTA2)
[2026-05-22 05:46:28]   Tiers: T1=B fav 75-90% | T2=Coin flip fav | T6=Coin flip dog
[2026-05-22 05:46:28]          T3=CBB B dog 50-55% | T4=NBA 50/50
[2026-05-22 05:46:28]          T7=60%+ fav (DOTA2/EPL/MLB)
[2026-05-22 05:46:28] =================================================================
[2026-05-22 05:46:28] 
[2026-05-22 05:46:28] =================================================================
[2026-05-22 05:46:28]   SCANNING — HYBRID 5-TIER STRATEGY
[2026-05-22 05:46:28] =================================================================
[2026-05-22 05:46:28]   Balance: $185.13 | Buying Power: $185.13
[2026-05-22 05:46:28]   Bet size: $5.55 (3% proven) / $3.70 (2% new leagues)
[2026-05-22 05:46:28] 
[2026-05-22 05:46:28]   WARNING: Could not fetch positions: 404 Client Error: Not Found for url: https://api.polymarket.us/v1/positions?limit=200
[2026-05-22 05:46:28]   WARNING: Could not fetch open orders: 501 Server Error: Not Implemented for url: https://api.polymarket.us/v1/orders?status=live&limit=200
[2026-05-22 05:46:28]   Scanning NBA...
[2026-05-22 05:46:29]     Found 8 events
[2026-05-22 05:46:29]   Scanning CBB...
[2026-05-22 05:46:29]     Found 0 events
[2026-05-22 05:46:29]   Scanning NHL...
[2026-05-22 05:46:29]     Found 6 events
[2026-05-22 05:46:29] 
[2026-05-22 05:46:29]   Total qualifying markets: 0
[2026-05-22 05:46:29]   New (not yet bet): 0
[2026-05-22 05:46:29] 
[2026-05-22 05:46:29]   No new qualifying markets found.
[2026-05-22 06:39:14] =================================================================
[2026-05-22 06:39:14]   POLYMARKET — MULTI-TIER BOT
[2026-05-22 06:39:14]   Mode: LIVE | Sizing: 3% of bankroll
[2026-05-22 06:39:14]   Leagues: NBA, CBB, NHL
[2026-05-22 06:39:14]   Bet window: 2h before game start
[2026-05-22 06:39:14]   Sizing: 3% (NBA/CBB) | 2% (NHL/MLB/EPL/DOTA2)
[2026-05-22 06:39:14]   Tiers: T1=B fav 75-90% | T2=Coin flip fav | T6=Coin flip dog
[2026-05-22 06:39:14]          T3=CBB B dog 50-55% | T4=NBA 50/50
[2026-05-22 06:39:14]          T7=60%+ fav (DOTA2/EPL/MLB)
[2026-05-22 06:39:14] =================================================================
[2026-05-22 06:39:14] 
[2026-05-22 06:39:14] =================================================================
[2026-05-22 06:39:14]   SCANNING — HYBRID 5-TIER STRATEGY
[2026-05-22 06:39:14] =================================================================
[2026-05-22 06:39:15]   Balance: $185.13 | Buying Power: $185.13
[2026-05-22 06:39:15]   Bet size: $5.55 (3% proven) / $3.70 (2% new leagues)
[2026-05-22 06:39:15] 
[2026-05-22 06:39:15]   WARNING: Could not fetch positions: 404 Client Error: Not Found for url: https://api.polymarket.us/v1/positions?limit=200
[2026-05-22 06:39:15]   WARNING: Could not fetch open orders: 501 Server Error: Not Implemented for url: https://api.polymarket.us/v1/orders?status=live&limit=200
[2026-05-22 06:39:15]   Scanning NBA...
[2026-05-22 06:39:15]     Found 8 events
[2026-05-22 06:39:15]   Scanning CBB...
[2026-05-22 06:39:15]     Found 0 events
[2026-05-22 06:39:15]   Scanning NHL...
[2026-05-22 06:39:15]     Found 6 events
[2026-05-22 06:39:15] 
[2026-05-22 06:39:15]   Total qualifying markets: 0
[2026-05-22 06:39:15]   New (not yet bet): 0
[2026-05-22 06:39:15] 
[2026-05-22 06:39:15]   No new qualifying markets found.
[2026-05-22 09:56:45] =================================================================
[2026-05-22 09:56:45]   POLYMARKET — MULTI-TIER BOT
[2026-05-22 09:56:45]   Mode: LIVE | Sizing: 3% of bankroll
[2026-05-22 09:56:45]   Leagues: NBA, CBB, NHL
[2026-05-22 09:56:45]   Bet window: 2h before game start
[2026-05-22 09:56:45]   Sizing: 3% (NBA/CBB) | 2% (NHL/MLB/EPL/DOTA2)
[2026-05-22 09:56:45]   Tiers: T1=B fav 75-90% | T2=Coin flip fav | T6=Coin flip dog
[2026-05-22 09:56:45]          T3=CBB B dog 50-55% | T4=NBA 50/50
[2026-05-22 09:56:45]          T7=60%+ fav (DOTA2/EPL/MLB)
[2026-05-22 09:56:45] =================================================================
[2026-05-22 09:56:45] 
[2026-05-22 09:56:45] =================================================================
[2026-05-22 09:56:45]   SCANNING — HYBRID 5-TIER STRATEGY
[2026-05-22 09:56:45] =================================================================
[2026-05-22 09:56:45]   Balance: $185.13 | Buying Power: $185.13
[2026-05-22 09:56:45]   Bet size: $5.55 (3% proven) / $3.70 (2% new leagues)
[2026-05-22 09:56:45] 
[2026-05-22 09:56:45]   WARNING: Could not fetch positions: 404 Client Error: Not Found for url: https://api.polymarket.us/v1/positions?limit=200
[2026-05-22 09:56:45]   WARNING: Could not fetch open orders: 501 Server Error: Not Implemented for url: https://api.polymarket.us/v1/orders?status=live&limit=200
[2026-05-22 09:56:45]   Scanning NBA...
[2026-05-22 09:56:45]     Found 8 events
[2026-05-22 09:56:45]   Scanning CBB...
[2026-05-22 09:56:45]     Found 0 events
[2026-05-22 09:56:46]   Scanning NHL...
[2026-05-22 09:56:46]     Found 6 events
[2026-05-22 09:56:46] 
[2026-05-22 09:56:46]   Total qualifying markets: 0
[2026-05-22 09:56:46]   New (not yet bet): 0
[2026-05-22 09:56:46] 
[2026-05-22 09:56:46]   No new qualifying markets found.
[2026-05-22 10:15:46] =================================================================
[2026-05-22 10:15:46]   POLYMARKET — MULTI-TIER BOT
[2026-05-22 10:15:46]   Mode: LIVE | Sizing: 3% of bankroll
[2026-05-22 10:15:46]   Leagues: NBA, CBB, NHL
[2026-05-22 10:15:46]   Bet window: 2h before game start
[2026-05-22 10:15:46]   Sizing: 3% (NBA/CBB) | 2% (NHL/MLB/EPL/DOTA2)
[2026-05-22 10:15:46]   Tiers: T1=B fav 75-90% | T2=Coin flip fav | T6=Coin flip dog
[2026-05-22 10:15:46]          T3=CBB B dog 50-55% | T4=NBA 50/50
[2026-05-22 10:15:46]          T7=60%+ fav (DOTA2/EPL/MLB)
[2026-05-22 10:15:46] =================================================================
[2026-05-22 10:15:46] 
[2026-05-22 10:15:46] =================================================================
[2026-05-22 10:15:46]   SCANNING — HYBRID 5-TIER STRATEGY
[2026-05-22 10:15:46] =================================================================
[2026-05-22 10:15:46]   Balance: $185.13 | Buying Power: $185.13
[2026-05-22 10:15:46]   Bet size: $5.55 (3% proven) / $3.70 (2% new leagues)
[2026-05-22 10:15:46] 
[2026-05-22 10:15:46]   WARNING: Could not fetch positions: 404 Client Error: Not Found for url: https://api.polymarket.us/v1/positions?limit=200
[2026-05-22 10:15:46]   WARNING: Could not fetch open orders: 501 Server Error: Not Implemented for url: https://api.polymarket.us/v1/orders?status=live&limit=200
[2026-05-22 10:15:46]   Scanning NBA...
[2026-05-22 10:15:46]     Found 8 events
[2026-05-22 10:15:46]   Scanning CBB...
[2026-05-22 10:15:46]     Found 0 events
[2026-05-22 10:15:46]   Scanning NHL...
[2026-05-22 10:15:46]     Found 6 events
[2026-05-22 10:15:46] 
[2026-05-22 10:15:46]   Total qualifying markets: 0
[2026-05-22 10:15:46]   New (not yet bet): 0
[2026-05-22 10:15:46] 
[2026-05-22 10:15:46]   No new qualifying markets found.
[2026-05-22 12:39:25] =================================================================
[2026-05-22 12:39:25]   POLYMARKET — MULTI-TIER BOT
[2026-05-22 12:39:25]   Mode: LIVE | Sizing: 3% of bankroll
[2026-05-22 12:39:25]   Leagues: NBA, CBB, NHL
[2026-05-22 12:39:25]   Bet window: 2h before game start
[2026-05-22 12:39:25]   Sizing: 3% (NBA/CBB) | 2% (NHL/MLB/EPL/DOTA2)
[2026-05-22 12:39:25]   Tiers: T1=B fav 75-90% | T2=Coin flip fav | T6=Coin flip dog
[2026-05-22 12:39:25]          T3=CBB B dog 50-55% | T4=NBA 50/50
[2026-05-22 12:39:25]          T7=60%+ fav (DOTA2/EPL/MLB)
[2026-05-22 12:39:25] =================================================================
[2026-05-22 12:39:25] 
[2026-05-22 12:39:25] =================================================================
[2026-05-22 12:39:25]   SCANNING — HYBRID 5-TIER STRATEGY
[2026-05-22 12:39:25] =================================================================
[2026-05-22 12:39:25]   Balance: $185.13 | Buying Power: $185.13
[2026-05-22 12:39:25]   Bet size: $5.55 (3% proven) / $3.70 (2% new leagues)
[2026-05-22 12:39:25] 
[2026-05-22 12:39:25]   WARNING: Could not fetch positions: 404 Client Error: Not Found for url: https://api.polymarket.us/v1/positions?limit=200
[2026-05-22 12:39:25]   WARNING: Could not fetch open orders: 501 Server Error: Not Implemented for url: https://api.polymarket.us/v1/orders?status=live&limit=200
[2026-05-22 12:39:25]   Scanning NBA...
[2026-05-22 12:39:25]     Found 8 events
[2026-05-22 12:39:25]   Scanning CBB...
[2026-05-22 12:39:25]     Found 0 events
[2026-05-22 12:39:25]   Scanning NHL...
[2026-05-22 12:39:25]     Found 6 events
[2026-05-22 12:39:25] 
[2026-05-22 12:39:25]   Total qualifying markets: 0
[2026-05-22 12:39:25]   New (not yet bet): 0
[2026-05-22 12:39:25] 
[2026-05-22 12:39:25]   No new qualifying markets found.
[2026-05-22 13:22:46] =================================================================
[2026-05-22 13:22:46]   POLYMARKET — MULTI-TIER BOT
[2026-05-22 13:22:46]   Mode: LIVE | Sizing: 3% of bankroll
[2026-05-22 13:22:46]   Leagues: NBA, CBB, NHL
[2026-05-22 13:22:46]   Bet window: 2h before game start
[2026-05-22 13:22:46]   Sizing: 3% (NBA/CBB) | 2% (NHL/MLB/EPL/DOTA2)
[2026-05-22 13:22:46]   Tiers: T1=B fav 75-90% | T2=Coin flip fav | T6=Coin flip dog
[2026-05-22 13:22:46]          T3=CBB B dog 50-55% | T4=NBA 50/50
[2026-05-22 13:22:46]          T7=60%+ fav (DOTA2/EPL/MLB)
[2026-05-22 13:22:46] =================================================================
[2026-05-22 13:22:46] 
[2026-05-22 13:22:46] =================================================================
[2026-05-22 13:22:46]   SCANNING — HYBRID 5-TIER STRATEGY
[2026-05-22 13:22:46] =================================================================
[2026-05-22 13:22:46]   Balance: $185.13 | Buying Power: $185.13
[2026-05-22 13:22:46]   Bet size: $5.55 (3% proven) / $3.70 (2% new leagues)
[2026-05-22 13:22:46] 
[2026-05-22 13:22:46]   WARNING: Could not fetch positions: 404 Client Error: Not Found for url: https://api.polymarket.us/v1/positions?limit=200
[2026-05-22 13:22:46]   WARNING: Could not fetch open orders: 501 Server Error: Not Implemented for url: https://api.polymarket.us/v1/orders?status=live&limit=200
[2026-05-22 13:22:46]   Scanning NBA...
[2026-05-22 13:22:46]     Found 8 events
[2026-05-22 13:22:46]   Scanning CBB...
[2026-05-22 13:22:46]     Found 0 events
[2026-05-22 13:22:47]   Scanning NHL...
[2026-05-22 13:22:47]     Found 6 events
[2026-05-22 13:22:47] 
[2026-05-22 13:22:47]   Total qualifying markets: 0
[2026-05-22 13:22:47]   New (not yet bet): 0
[2026-05-22 13:22:47] 
[2026-05-22 13:22:47]   No new qualifying markets found.
[2026-05-22 16:01:38] =================================================================
[2026-05-22 16:01:38]   POLYMARKET — MULTI-TIER BOT
[2026-05-22 16:01:38]   Mode: LIVE | Sizing: 3% of bankroll
[2026-05-22 16:01:38]   Leagues: NBA, CBB, NHL
[2026-05-22 16:01:38]   Bet window: 2h before game start
[2026-05-22 16:01:38]   Sizing: 3% (NBA/CBB) | 2% (NHL/MLB/EPL/DOTA2)
[2026-05-22 16:01:38]   Tiers: T1=B fav 75-90% | T2=Coin flip fav | T6=Coin flip dog
[2026-05-22 16:01:38]          T3=CBB B dog 50-55% | T4=NBA 50/50
[2026-05-22 16:01:38]          T7=60%+ fav (DOTA2/EPL/MLB)
[2026-05-22 16:01:38] =================================================================
[2026-05-22 16:01:38] 
[2026-05-22 16:01:38] =================================================================
[2026-05-22 16:01:38]   SCANNING — HYBRID 5-TIER STRATEGY
[2026-05-22 16:01:38] =================================================================
[2026-05-22 16:01:38]   Balance: $185.13 | Buying Power: $185.13
[2026-05-22 16:01:38]   Bet size: $5.55 (3% proven) / $3.70 (2% new leagues)
[2026-05-22 16:01:38] 
[2026-05-22 16:01:38]   WARNING: Could not fetch positions: 404 Client Error: Not Found for url: https://api.polymarket.us/v1/positions?limit=200
[2026-05-22 16:01:38]   WARNING: Could not fetch open orders: 501 Server Error: Not Implemented for url: https://api.polymarket.us/v1/orders?status=live&limit=200
[2026-05-22 16:01:38]   Scanning NBA...
[2026-05-22 16:01:39]     Found 8 events
[2026-05-22 16:01:39]   Scanning CBB...
[2026-05-22 16:01:39]     Found 0 events
[2026-05-22 16:01:39]   Scanning NHL...
[2026-05-22 16:01:39]     Found 6 events
[2026-05-22 16:01:39] 
[2026-05-22 16:01:39]   Total qualifying markets: 0
[2026-05-22 16:01:39]   New (not yet bet): 0
[2026-05-22 16:01:39] 
[2026-05-22 16:01:39]   No new qualifying markets found.
[2026-05-22 16:14:28] =================================================================
[2026-05-22 16:14:28]   POLYMARKET — MULTI-TIER BOT
[2026-05-22 16:14:28]   Mode: LIVE | Sizing: 3% of bankroll
[2026-05-22 16:14:28]   Leagues: NBA, CBB, NHL
[2026-05-22 16:14:28]   Bet window: 2h before game start
[2026-05-22 16:14:28]   Sizing: 3% (NBA/CBB) | 2% (NHL/MLB/EPL/DOTA2)
[2026-05-22 16:14:28]   Tiers: T1=B fav 75-90% | T2=Coin flip fav | T6=Coin flip dog
[2026-05-22 16:14:28]          T3=CBB B dog 50-55% | T4=NBA 50/50
[2026-05-22 16:14:28]          T7=60%+ fav (DOTA2/EPL/MLB)
[2026-05-22 16:14:28] =================================================================
[2026-05-22 16:14:28] 
[2026-05-22 16:14:28] =================================================================
[2026-05-22 16:14:28]   SCANNING — HYBRID 5-TIER STRATEGY
[2026-05-22 16:14:28] =================================================================
[2026-05-22 16:14:28]   Balance: $185.13 | Buying Power: $185.13
[2026-05-22 16:14:28]   Bet size: $5.55 (3% proven) / $3.70 (2% new leagues)
[2026-05-22 16:14:28] 
[2026-05-22 16:14:28]   WARNING: Could not fetch positions: 404 Client Error: Not Found for url: https://api.polymarket.us/v1/positions?limit=200
[2026-05-22 16:14:28]   WARNING: Could not fetch open orders: 501 Server Error: Not Implemented for url: https://api.polymarket.us/v1/orders?status=live&limit=200
[2026-05-22 16:14:28]   Scanning NBA...
[2026-05-22 16:14:28]     Found 8 events
[2026-05-22 16:14:28]   Scanning CBB...
[2026-05-22 16:14:28]     Found 0 events
[2026-05-22 16:14:28]   Scanning NHL...
[2026-05-22 16:14:29]     Found 6 events
[2026-05-22 16:14:29] 
[2026-05-22 16:14:29]   Total qualifying markets: 0
[2026-05-22 16:14:29]   New (not yet bet): 0
[2026-05-22 16:14:29] 
[2026-05-22 16:14:29]   No new qualifying markets found.
[2026-05-22 18:16:27] =================================================================
[2026-05-22 18:16:27]   POLYMARKET — MULTI-TIER BOT
[2026-05-22 18:16:27]   Mode: LIVE | Sizing: 3% of bankroll
[2026-05-22 18:16:27]   Leagues: NBA, CBB, NHL
[2026-05-22 18:16:27]   Bet window: 2h before game start
[2026-05-22 18:16:27]   Sizing: 3% (NBA/CBB) | 2% (NHL/MLB/EPL/DOTA2)
[2026-05-22 18:16:27]   Tiers: T1=B fav 75-90% | T2=Coin flip fav | T6=Coin flip dog
[2026-05-22 18:16:27]          T3=CBB B dog 50-55% | T4=NBA 50/50
[2026-05-22 18:16:27]          T7=60%+ fav (DOTA2/EPL/MLB)
[2026-05-22 18:16:27] =================================================================
[2026-05-22 18:16:27] 
[2026-05-22 18:16:27] =================================================================
[2026-05-22 18:16:27]   SCANNING — HYBRID 5-TIER STRATEGY
[2026-05-22 18:16:27] =================================================================
[2026-05-22 18:16:27]   Balance: $185.13 | Buying Power: $185.13
[2026-05-22 18:16:27]   Bet size: $5.55 (3% proven) / $3.70 (2% new leagues)
[2026-05-22 18:16:27] 
[2026-05-22 18:16:27]   WARNING: Could not fetch positions: 404 Client Error: Not Found for url: https://api.polymarket.us/v1/positions?limit=200
[2026-05-22 18:16:27]   WARNING: Could not fetch open orders: 501 Server Error: Not Implemented for url: https://api.polymarket.us/v1/orders?status=live&limit=200
[2026-05-22 18:16:27]   Scanning NBA...
[2026-05-22 18:16:27]     Found 8 events
[2026-05-22 18:16:27]   Scanning CBB...
[2026-05-22 18:16:27]     Found 0 events
[2026-05-22 18:16:28]   Scanning NHL...
[2026-05-22 18:16:28]     Found 6 events
[2026-05-22 18:16:28] 
[2026-05-22 18:16:28]   Total qualifying markets: 0
[2026-05-22 18:16:28]   New (not yet bet): 0
[2026-05-22 18:16:28] 
[2026-05-22 18:16:28]   No new qualifying markets found.
[2026-05-22 18:28:10] =================================================================
[2026-05-22 18:28:10]   POLYMARKET — MULTI-TIER BOT
[2026-05-22 18:28:10]   Mode: LIVE | Sizing: 3% of bankroll
[2026-05-22 18:28:10]   Leagues: NBA, CBB, NHL
[2026-05-22 18:28:10]   Bet window: 2h before game start
[2026-05-22 18:28:10]   Sizing: 3% (NBA/CBB) | 2% (NHL/MLB/EPL/DOTA2)
[2026-05-22 18:28:10]   Tiers: T1=B fav 75-90% | T2=Coin flip fav | T6=Coin flip dog
[2026-05-22 18:28:10]          T3=CBB B dog 50-55% | T4=NBA 50/50
[2026-05-22 18:28:10]          T7=60%+ fav (DOTA2/EPL/MLB)
[2026-05-22 18:28:10] =================================================================
[2026-05-22 18:28:10] 
[2026-05-22 18:28:10] =================================================================
[2026-05-22 18:28:10]   SCANNING — HYBRID 5-TIER STRATEGY
[2026-05-22 18:28:10] =================================================================
[2026-05-22 18:28:10]   Balance: $185.13 | Buying Power: $185.13
[2026-05-22 18:28:10]   Bet size: $5.55 (3% proven) / $3.70 (2% new leagues)
[2026-05-22 18:28:10] 
[2026-05-22 18:28:10]   WARNING: Could not fetch positions: 404 Client Error: Not Found for url: https://api.polymarket.us/v1/positions?limit=200
[2026-05-22 18:28:10]   WARNING: Could not fetch open orders: 501 Server Error: Not Implemented for url: https://api.polymarket.us/v1/orders?status=live&limit=200
[2026-05-22 18:28:10]   Scanning NBA...
[2026-05-22 18:28:11]     Found 8 events
[2026-05-22 18:28:11]   Scanning CBB...
[2026-05-22 18:28:11]     Found 0 events
[2026-05-22 18:28:11]   Scanning NHL...
[2026-05-22 18:28:11]     Found 6 events
[2026-05-22 18:28:11] 
[2026-05-22 18:28:11]   Total qualifying markets: 0
[2026-05-22 18:28:11]   New (not yet bet): 0
[2026-05-22 18:28:11] 
[2026-05-22 18:28:11]   No new qualifying markets found.
[2026-05-22 20:19:56] =================================================================
[2026-05-22 20:19:56]   POLYMARKET — MULTI-TIER BOT
[2026-05-22 20:19:56]   Mode: LIVE | Sizing: 3% of bankroll
[2026-05-22 20:19:56]   Leagues: NBA, CBB, NHL
[2026-05-22 20:19:56]   Bet window: 2h before game start
[2026-05-22 20:19:56]   Sizing: 3% (NBA/CBB) | 2% (NHL/MLB/EPL/DOTA2)
[2026-05-22 20:19:56]   Tiers: T1=B fav 75-90% | T2=Coin flip fav | T6=Coin flip dog
[2026-05-22 20:19:56]          T3=CBB B dog 50-55% | T4=NBA 50/50
[2026-05-22 20:19:56]          T7=60%+ fav (DOTA2/EPL/MLB)
[2026-05-22 20:19:56] =================================================================
[2026-05-22 20:19:56] 
[2026-05-22 20:19:56] =================================================================
[2026-05-22 20:19:56]   SCANNING — HYBRID 5-TIER STRATEGY
[2026-05-22 20:19:56] =================================================================
[2026-05-22 20:19:56]   Balance: $185.13 | Buying Power: $185.13
[2026-05-22 20:19:56]   Bet size: $5.55 (3% proven) / $3.70 (2% new leagues)
[2026-05-22 20:19:56] 
[2026-05-22 20:19:56]   WARNING: Could not fetch positions: 404 Client Error: Not Found for url: https://api.polymarket.us/v1/positions?limit=200
[2026-05-22 20:19:56]   WARNING: Could not fetch open orders: 501 Server Error: Not Implemented for url: https://api.polymarket.us/v1/orders?status=live&limit=200
[2026-05-22 20:19:56]   Scanning NBA...
[2026-05-22 20:19:56]     Found 8 events
[2026-05-22 20:19:57]   Scanning CBB...
[2026-05-22 20:19:57]     Found 0 events
[2026-05-22 20:19:57]   Scanning NHL...
[2026-05-22 20:19:57]     Found 6 events
[2026-05-22 20:19:57] 
[2026-05-22 20:19:57]   Total qualifying markets: 0
[2026-05-22 20:19:57]   New (not yet bet): 0
[2026-05-22 20:19:57] 
[2026-05-22 20:19:57]   No new qualifying markets found.
[2026-05-22 20:27:27] =================================================================
[2026-05-22 20:27:27]   POLYMARKET — MULTI-TIER BOT
[2026-05-22 20:27:27]   Mode: LIVE | Sizing: 3% of bankroll
[2026-05-22 20:27:27]   Leagues: NBA, CBB, NHL
[2026-05-22 20:27:27]   Bet window: 2h before game start
[2026-05-22 20:27:27]   Sizing: 3% (NBA/CBB) | 2% (NHL/MLB/EPL/DOTA2)
[2026-05-22 20:27:27]   Tiers: T1=B fav 75-90% | T2=Coin flip fav | T6=Coin flip dog
[2026-05-22 20:27:27]          T3=CBB B dog 50-55% | T4=NBA 50/50
[2026-05-22 20:27:27]          T7=60%+ fav (DOTA2/EPL/MLB)
[2026-05-22 20:27:27] =================================================================
[2026-05-22 20:27:27] 
[2026-05-22 20:27:27] =================================================================
[2026-05-22 20:27:27]   SCANNING — HYBRID 5-TIER STRATEGY
[2026-05-22 20:27:27] =================================================================
[2026-05-22 20:27:27]   Balance: $185.13 | Buying Power: $185.13
[2026-05-22 20:27:27]   Bet size: $5.55 (3% proven) / $3.70 (2% new leagues)
[2026-05-22 20:27:27] 
[2026-05-22 20:27:27]   WARNING: Could not fetch positions: 404 Client Error: Not Found for url: https://api.polymarket.us/v1/positions?limit=200
[2026-05-22 20:27:27]   WARNING: Could not fetch open orders: 501 Server Error: Not Implemented for url: https://api.polymarket.us/v1/orders?status=live&limit=200
[2026-05-22 20:27:27]   Scanning NBA...
[2026-05-22 20:27:27]     Found 8 events
[2026-05-22 20:27:27]   Scanning CBB...
[2026-05-22 20:27:28]     Found 0 events
[2026-05-22 20:27:28]   Scanning NHL...
[2026-05-22 20:27:28]     Found 6 events
[2026-05-22 20:27:28] 
[2026-05-22 20:27:28]   Total qualifying markets: 0
[2026-05-22 20:27:28]   New (not yet bet): 0
[2026-05-22 20:27:28] 
[2026-05-22 20:27:28]   No new qualifying markets found.
[2026-05-22 21:42:46] =================================================================
[2026-05-22 21:42:46]   POLYMARKET — MULTI-TIER BOT
[2026-05-22 21:42:46]   Mode: LIVE | Sizing: 3% of bankroll
[2026-05-22 21:42:46]   Leagues: NBA, CBB, NHL
[2026-05-22 21:42:46]   Bet window: 2h before game start
[2026-05-22 21:42:46]   Sizing: 3% (NBA/CBB) | 2% (NHL/MLB/EPL/DOTA2)
[2026-05-22 21:42:46]   Tiers: T1=B fav 75-90% | T2=Coin flip fav | T6=Coin flip dog
[2026-05-22 21:42:46]          T3=CBB B dog 50-55% | T4=NBA 50/50
[2026-05-22 21:42:46]          T7=60%+ fav (DOTA2/EPL/MLB)
[2026-05-22 21:42:46] =================================================================
[2026-05-22 21:42:46] 
[2026-05-22 21:42:46] =================================================================
[2026-05-22 21:42:46]   SCANNING — HYBRID 5-TIER STRATEGY
[2026-05-22 21:42:46] =================================================================
[2026-05-22 21:42:47]   Balance: $185.13 | Buying Power: $185.13
[2026-05-22 21:42:47]   Bet size: $5.55 (3% proven) / $3.70 (2% new leagues)
[2026-05-22 21:42:47] 
[2026-05-22 21:42:47]   WARNING: Could not fetch positions: 404 Client Error: Not Found for url: https://api.polymarket.us/v1/positions?limit=200
[2026-05-22 21:42:47]   WARNING: Could not fetch open orders: 501 Server Error: Not Implemented for url: https://api.polymarket.us/v1/orders?status=live&limit=200
[2026-05-22 21:42:47]   Scanning NBA...
[2026-05-22 21:42:47]     Found 8 events
[2026-05-22 21:42:47]   Scanning CBB...
[2026-05-22 21:42:47]     Found 0 events
[2026-05-22 21:42:47]   Scanning NHL...
[2026-05-22 21:42:47]     Found 6 events
[2026-05-22 21:42:47] 
[2026-05-22 21:42:47]   Total qualifying markets: 0
[2026-05-22 21:42:47]   New (not yet bet): 0
[2026-05-22 21:42:47] 
[2026-05-22 21:42:47]   No new qualifying markets found.
[2026-05-22 21:57:44] =================================================================
[2026-05-22 21:57:44]   POLYMARKET — MULTI-TIER BOT
[2026-05-22 21:57:44]   Mode: LIVE | Sizing: 3% of bankroll
[2026-05-22 21:57:44]   Leagues: NBA, CBB, NHL
[2026-05-22 21:57:44]   Bet window: 2h before game start
[2026-05-22 21:57:44]   Sizing: 3% (NBA/CBB) | 2% (NHL/MLB/EPL/DOTA2)
[2026-05-22 21:57:44]   Tiers: T1=B fav 75-90% | T2=Coin flip fav | T6=Coin flip dog
[2026-05-22 21:57:44]          T3=CBB B dog 50-55% | T4=NBA 50/50
[2026-05-22 21:57:44]          T7=60%+ fav (DOTA2/EPL/MLB)
[2026-05-22 21:57:44] =================================================================
[2026-05-22 21:57:44] 
[2026-05-22 21:57:44] =================================================================
[2026-05-22 21:57:44]   SCANNING — HYBRID 5-TIER STRATEGY
[2026-05-22 21:57:44] =================================================================
[2026-05-22 21:57:45]   Balance: $185.13 | Buying Power: $185.13
[2026-05-22 21:57:45]   Bet size: $5.55 (3% proven) / $3.70 (2% new leagues)
[2026-05-22 21:57:45] 
[2026-05-22 21:57:45]   WARNING: Could not fetch positions: 404 Client Error: Not Found for url: https://api.polymarket.us/v1/positions?limit=200
[2026-05-22 21:57:45]   WARNING: Could not fetch open orders: 501 Server Error: Not Implemented for url: https://api.polymarket.us/v1/orders?status=live&limit=200
[2026-05-22 21:57:45]   Scanning NBA...
[2026-05-22 21:57:45]     Found 8 events
[2026-05-22 21:57:45]   Scanning CBB...
[2026-05-22 21:57:45]     Found 0 events
[2026-05-22 21:57:45]   Scanning NHL...
[2026-05-22 21:57:45]     Found 6 events
[2026-05-22 21:57:45] 
[2026-05-22 21:57:45]   Total qualifying markets: 0
[2026-05-22 21:57:45]   New (not yet bet): 0
[2026-05-22 21:57:45] 
[2026-05-22 21:57:45]   No new qualifying markets found.
[2026-05-22 22:55:27] =================================================================
[2026-05-22 22:55:27]   POLYMARKET — MULTI-TIER BOT
[2026-05-22 22:55:27]   Mode: LIVE | Sizing: 3% of bankroll
[2026-05-22 22:55:27]   Leagues: NBA, CBB, NHL
[2026-05-22 22:55:27]   Bet window: 2h before game start
[2026-05-22 22:55:27]   Sizing: 3% (NBA/CBB) | 2% (NHL/MLB/EPL/DOTA2)
[2026-05-22 22:55:27]   Tiers: T1=B fav 75-90% | T2=Coin flip fav | T6=Coin flip dog
[2026-05-22 22:55:27]          T3=CBB B dog 50-55% | T4=NBA 50/50
[2026-05-22 22:55:27]          T7=60%+ fav (DOTA2/EPL/MLB)
[2026-05-22 22:55:27] =================================================================
[2026-05-22 22:55:27] 
[2026-05-22 22:55:27] =================================================================
[2026-05-22 22:55:27]   SCANNING — HYBRID 5-TIER STRATEGY
[2026-05-22 22:55:27] =================================================================
[2026-05-22 22:55:27]   Balance: $185.13 | Buying Power: $185.13
[2026-05-22 22:55:27]   Bet size: $5.55 (3% proven) / $3.70 (2% new leagues)
[2026-05-22 22:55:27] 
[2026-05-22 22:55:28]   WARNING: Could not fetch positions: 404 Client Error: Not Found for url: https://api.polymarket.us/v1/positions?limit=200
[2026-05-22 22:55:28]   WARNING: Could not fetch open orders: 501 Server Error: Not Implemented for url: https://api.polymarket.us/v1/orders?status=live&limit=200
[2026-05-22 22:55:28]   Scanning NBA...
[2026-05-22 22:55:28]     Found 8 events
[2026-05-22 22:55:28]     [SIGNAL] T4: NBA 50/50        | Oklahoma City vs. San Antonio       | Spurs           @47.0%
[2026-05-22 22:55:28]   Scanning CBB...
[2026-05-22 22:55:28]     Found 0 events
[2026-05-22 22:55:28]   Scanning NHL...
[2026-05-22 22:55:28]     Found 6 events
[2026-05-22 22:55:28] 
[2026-05-22 22:55:28]   Total qualifying markets: 1
[2026-05-22 22:55:28]     T4: NBA 50/50: 1
[2026-05-22 22:55:28]   New (not yet bet): 1
[2026-05-22 22:55:28] 
[2026-05-22 22:55:28]   PLACING BETS:
[2026-05-22 22:55:28]   -----------------------------------------------------------------
[2026-05-22 22:55:29]     [T4: NBA 50/50] Betting $5.55 (3%) on Spurs @ 54.0% | NBA Oklahoma City vs. San Antonio
[2026-05-22 22:55:29]     Previewing order: 10 shares @ $0.54 = $5.55 (NO)
[2026-05-22 22:55:29]     Preview OK: {"order": {"id": "", "marketSlug": "aec-nba-okc-sa-2026-05-22", "side": "ORDER_SIDE_SELL", "type": "ORDER_TYPE_LIMIT", "price": {"value": "0.46", "currency": "USD"}, "quantity": 10, "cumQuantity": 0, 
[2026-05-22 22:55:29]     Order result: {"id": "A687HKQ3A1D8", "executions": []}
[2026-05-22 22:55:29]     BET PLACED on Spurs
[2026-05-22 22:55:29] 
  Updated Balance: $185.13 | Buying Power: $185.13
[2026-05-22 23:39:16] =================================================================
[2026-05-22 23:39:16]   POLYMARKET — MULTI-TIER BOT
[2026-05-22 23:39:16]   Mode: LIVE | Sizing: 3% of bankroll
[2026-05-22 23:39:16]   Leagues: NBA, CBB, NHL
[2026-05-22 23:39:16]   Bet window: 2h before game start
[2026-05-22 23:39:16]   Sizing: 3% (NBA/CBB) | 2% (NHL/MLB/EPL/DOTA2)
[2026-05-22 23:39:16]   Tiers: T1=B fav 75-90% | T2=Coin flip fav | T6=Coin flip dog
[2026-05-22 23:39:16]          T3=CBB B dog 50-55% | T4=NBA 50/50
[2026-05-22 23:39:16]          T7=60%+ fav (DOTA2/EPL/MLB)
[2026-05-22 23:39:16] =================================================================
[2026-05-22 23:39:16] 
[2026-05-22 23:39:16] =================================================================
[2026-05-22 23:39:16]   SCANNING — HYBRID 5-TIER STRATEGY
[2026-05-22 23:39:16] =================================================================
[2026-05-22 23:39:16]   Balance: $189.61 | Buying Power: $179.61
[2026-05-22 23:39:16]   Bet size: $5.39 (3% proven) / $3.59 (2% new leagues)
[2026-05-22 23:39:16] 
[2026-05-22 23:39:16]   WARNING: Could not fetch positions: 404 Client Error: Not Found for url: https://api.polymarket.us/v1/positions?limit=200
[2026-05-22 23:39:16]   WARNING: Could not fetch open orders: 501 Server Error: Not Implemented for url: https://api.polymarket.us/v1/orders?status=live&limit=200
[2026-05-22 23:39:16]   Scanning NBA...
[2026-05-22 23:39:16]     Found 8 events
[2026-05-22 23:39:16]     [DONE] T4: NBA 50/50        | Oklahoma City vs. San Antonio       | Spurs           @47.0%
[2026-05-22 23:39:16]   Scanning CBB...
[2026-05-22 23:39:16]     Found 0 events
[2026-05-22 23:39:16]   Scanning NHL...
[2026-05-22 23:39:16]     Found 6 events
[2026-05-22 23:39:16] 
[2026-05-22 23:39:16]   Total qualifying markets: 1
[2026-05-22 23:39:16]     T4: NBA 50/50: 1
[2026-05-22 23:39:16]   New (not yet bet): 0
[2026-05-22 23:39:16] 
[2026-05-22 23:39:16]   No new qualifying markets found.
[2026-05-22 23:58:00] =================================================================
[2026-05-22 23:58:00]   POLYMARKET — MULTI-TIER BOT
[2026-05-22 23:58:00]   Mode: LIVE | Sizing: 3% of bankroll
[2026-05-22 23:58:00]   Leagues: NBA, CBB, NHL
[2026-05-22 23:58:00]   Bet window: 2h before game start
[2026-05-22 23:58:00]   Sizing: 3% (NBA/CBB) | 2% (NHL/MLB/EPL/DOTA2)
[2026-05-22 23:58:00]   Tiers: T1=B fav 75-90% | T2=Coin flip fav | T6=Coin flip dog
[2026-05-22 23:58:00]          T3=CBB B dog 50-55% | T4=NBA 50/50
[2026-05-22 23:58:00]          T7=60%+ fav (DOTA2/EPL/MLB)
[2026-05-22 23:58:00] =================================================================
[2026-05-22 23:58:00] 
[2026-05-22 23:58:00] =================================================================
[2026-05-22 23:58:00]   SCANNING — HYBRID 5-TIER STRATEGY
[2026-05-22 23:58:00] =================================================================
[2026-05-22 23:58:00]   Balance: $189.61 | Buying Power: $179.61
[2026-05-22 23:58:00]   Bet size: $5.39 (3% proven) / $3.59 (2% new leagues)
[2026-05-22 23:58:00] 
[2026-05-22 23:58:00]   WARNING: Could not fetch positions: 404 Client Error: Not Found for url: https://api.polymarket.us/v1/positions?limit=200
[2026-05-22 23:58:01]   WARNING: Could not fetch open orders: 501 Server Error: Not Implemented for url: https://api.polymarket.us/v1/orders?status=live&limit=200
[2026-05-22 23:58:01]   Scanning NBA...
[2026-05-22 23:58:01]     Found 8 events
[2026-05-22 23:58:01]     [DONE] T4: NBA 50/50        | Oklahoma City vs. San Antonio       | Spurs           @44.0%
[2026-05-22 23:58:01]   Scanning CBB...
[2026-05-22 23:58:01]     Found 0 events
[2026-05-22 23:58:01]   Scanning NHL...
[2026-05-22 23:58:01]     Found 6 events
[2026-05-22 23:58:01] 
[2026-05-22 23:58:01]   Total qualifying markets: 1
[2026-05-22 23:58:01]     T4: NBA 50/50: 1
[2026-05-22 23:58:01]   New (not yet bet): 0
[2026-05-22 23:58:01] 
[2026-05-22 23:58:01]   No new qualifying markets found.
[2026-05-23 02:46:36] =================================================================
[2026-05-23 02:46:36]   POLYMARKET — MULTI-TIER BOT
[2026-05-23 02:46:36]   Mode: LIVE | Sizing: 3% of bankroll
[2026-05-23 02:46:36]   Leagues: NBA, CBB, NHL
[2026-05-23 02:46:36]   Bet window: 2h before game start
[2026-05-23 02:46:36]   Sizing: 3% (NBA/CBB) | 2% (NHL/MLB/EPL/DOTA2)
[2026-05-23 02:46:36]   Tiers: T1=B fav 75-90% | T2=Coin flip fav | T6=Coin flip dog
[2026-05-23 02:46:36]          T3=CBB B dog 50-55% | T4=NBA 50/50
[2026-05-23 02:46:36]          T7=60%+ fav (DOTA2/EPL/MLB)
[2026-05-23 02:46:36] =================================================================
[2026-05-23 02:46:36] 
[2026-05-23 02:46:36] =================================================================
[2026-05-23 02:46:36]   SCANNING — HYBRID 5-TIER STRATEGY
[2026-05-23 02:46:36] =================================================================
[2026-05-23 02:46:36]   Balance: $189.61 | Buying Power: $179.61
[2026-05-23 02:46:36]   Bet size: $5.39 (3% proven) / $3.59 (2% new leagues)
[2026-05-23 02:46:36] 
[2026-05-23 02:46:36]   WARNING: Could not fetch positions: 404 Client Error: Not Found for url: https://api.polymarket.us/v1/positions?limit=200
[2026-05-23 02:46:36]   WARNING: Could not fetch open orders: 501 Server Error: Not Implemented for url: https://api.polymarket.us/v1/orders?status=live&limit=200
[2026-05-23 02:46:36]   Scanning NBA...
[2026-05-23 02:46:36]     Found 9 events
[2026-05-23 02:46:36]   Scanning CBB...
[2026-05-23 02:46:36]     Found 0 events
[2026-05-23 02:46:36]   Scanning NHL...
[2026-05-23 02:46:36]     Found 6 events
[2026-05-23 02:46:37] 
[2026-05-23 02:46:37]   Total qualifying markets: 0
[2026-05-23 02:46:37]   New (not yet bet): 0
[2026-05-23 02:46:37] 
[2026-05-23 02:46:37]   No new qualifying markets found.
[2026-05-23 04:25:41] =================================================================
[2026-05-23 04:25:41]   POLYMARKET — MULTI-TIER BOT
[2026-05-23 04:25:41]   Mode: LIVE | Sizing: 3% of bankroll
[2026-05-23 04:25:41]   Leagues: NBA, CBB, NHL
[2026-05-23 04:25:41]   Bet window: 2h before game start
[2026-05-23 04:25:41]   Sizing: 3% (NBA/CBB) | 2% (NHL/MLB/EPL/DOTA2)
[2026-05-23 04:25:41]   Tiers: T1=B fav 75-90% | T2=Coin flip fav | T6=Coin flip dog
[2026-05-23 04:25:41]          T3=CBB B dog 50-55% | T4=NBA 50/50
[2026-05-23 04:25:41]          T7=60%+ fav (DOTA2/EPL/MLB)
[2026-05-23 04:25:41] =================================================================
[2026-05-23 04:25:41] 
[2026-05-23 04:25:41] =================================================================
[2026-05-23 04:25:41]   SCANNING — HYBRID 5-TIER STRATEGY
[2026-05-23 04:25:41] =================================================================
[2026-05-23 04:25:42]   Balance: $179.61 | Buying Power: $179.61
[2026-05-23 04:25:42]   Bet size: $5.39 (3% proven) / $3.59 (2% new leagues)
[2026-05-23 04:25:42] 
[2026-05-23 04:25:42]   WARNING: Could not fetch positions: 404 Client Error: Not Found for url: https://api.polymarket.us/v1/positions?limit=200
[2026-05-23 04:25:42]   WARNING: Could not fetch open orders: 501 Server Error: Not Implemented for url: https://api.polymarket.us/v1/orders?status=live&limit=200
[2026-05-23 04:25:42]   Scanning NBA...
[2026-05-23 04:25:42]     Found 8 events
[2026-05-23 04:25:42]   Scanning CBB...
[2026-05-23 04:25:42]     Found 0 events
[2026-05-23 04:25:42]   Scanning NHL...
[2026-05-23 04:25:43]     Found 5 events
[2026-05-23 04:25:43] 
[2026-05-23 04:25:43]   Total qualifying markets: 0
[2026-05-23 04:25:43]   New (not yet bet): 0
[2026-05-23 04:25:43] 
[2026-05-23 04:25:43]   No new qualifying markets found.
[2026-05-23 05:58:17] =================================================================
[2026-05-23 05:58:17]   POLYMARKET — MULTI-TIER BOT
[2026-05-23 05:58:17]   Mode: LIVE | Sizing: 3% of bankroll
[2026-05-23 05:58:17]   Leagues: NBA, CBB, NHL
[2026-05-23 05:58:17]   Bet window: 2h before game start
[2026-05-23 05:58:17]   Sizing: 3% (NBA/CBB) | 2% (NHL/MLB/EPL/DOTA2)
[2026-05-23 05:58:17]   Tiers: T1=B fav 75-90% | T2=Coin flip fav | T6=Coin flip dog
[2026-05-23 05:58:17]          T3=CBB B dog 50-55% | T4=NBA 50/50
[2026-05-23 05:58:17]          T7=60%+ fav (DOTA2/EPL/MLB)
[2026-05-23 05:58:17] =================================================================
[2026-05-23 05:58:17] 
[2026-05-23 05:58:17] =================================================================
[2026-05-23 05:58:17]   SCANNING — HYBRID 5-TIER STRATEGY
[2026-05-23 05:58:17] =================================================================
[2026-05-23 05:58:17]   Balance: $179.61 | Buying Power: $179.61
[2026-05-23 05:58:17]   Bet size: $5.39 (3% proven) / $3.59 (2% new leagues)
[2026-05-23 05:58:17] 
[2026-05-23 05:58:17]   WARNING: Could not fetch positions: 404 Client Error: Not Found for url: https://api.polymarket.us/v1/positions?limit=200
[2026-05-23 05:58:17]   WARNING: Could not fetch open orders: 501 Server Error: Not Implemented for url: https://api.polymarket.us/v1/orders?status=live&limit=200
[2026-05-23 05:58:17]   Scanning NBA...
[2026-05-23 05:58:17]     Found 8 events
[2026-05-23 05:58:17]   Scanning CBB...
[2026-05-23 05:58:17]     Found 0 events
[2026-05-23 05:58:17]   Scanning NHL...
[2026-05-23 05:58:17]     Found 5 events
[2026-05-23 05:58:17] 
[2026-05-23 05:58:17]   Total qualifying markets: 0
[2026-05-23 05:58:17]   New (not yet bet): 0
[2026-05-23 05:58:17] 
[2026-05-23 05:58:17]   No new qualifying markets found.
[2026-05-23 07:15:59] =================================================================
[2026-05-23 07:15:59]   POLYMARKET — MULTI-TIER BOT
[2026-05-23 07:15:59]   Mode: LIVE | Sizing: 3% of bankroll
[2026-05-23 07:15:59]   Leagues: NBA, CBB, NHL
[2026-05-23 07:15:59]   Bet window: 2h before game start
[2026-05-23 07:15:59]   Sizing: 3% (NBA/CBB) | 2% (NHL/MLB/EPL/DOTA2)
[2026-05-23 07:15:59]   Tiers: T1=B fav 75-90% | T2=Coin flip fav | T6=Coin flip dog
[2026-05-23 07:15:59]          T3=CBB B dog 50-55% | T4=NBA 50/50
[2026-05-23 07:15:59]          T7=60%+ fav (DOTA2/EPL/MLB)
[2026-05-23 07:15:59] =================================================================
[2026-05-23 07:15:59] 
[2026-05-23 07:15:59] =================================================================
[2026-05-23 07:15:59]   SCANNING — HYBRID 5-TIER STRATEGY
[2026-05-23 07:15:59] =================================================================
[2026-05-23 07:15:59]   Balance: $179.61 | Buying Power: $179.61
[2026-05-23 07:15:59]   Bet size: $5.39 (3% proven) / $3.59 (2% new leagues)
[2026-05-23 07:15:59] 
[2026-05-23 07:15:59]   WARNING: Could not fetch positions: 404 Client Error: Not Found for url: https://api.polymarket.us/v1/positions?limit=200
[2026-05-23 07:15:59]   WARNING: Could not fetch open orders: 501 Server Error: Not Implemented for url: https://api.polymarket.us/v1/orders?status=live&limit=200
[2026-05-23 07:15:59]   Scanning NBA...
[2026-05-23 07:15:59]     Found 8 events
[2026-05-23 07:15:59]   Scanning CBB...
[2026-05-23 07:15:59]     Found 0 events
[2026-05-23 07:16:00]   Scanning NHL...
[2026-05-23 07:16:00]     Found 5 events
[2026-05-23 07:16:00] 
[2026-05-23 07:16:00]   Total qualifying markets: 0
[2026-05-23 07:16:00]   New (not yet bet): 0
[2026-05-23 07:16:00] 
[2026-05-23 07:16:00]   No new qualifying markets found.
[2026-05-23 08:17:19] =================================================================
[2026-05-23 08:17:19]   POLYMARKET — MULTI-TIER BOT
[2026-05-23 08:17:19]   Mode: LIVE | Sizing: 3% of bankroll
[2026-05-23 08:17:19]   Leagues: NBA, CBB, NHL
[2026-05-23 08:17:19]   Bet window: 2h before game start
[2026-05-23 08:17:19]   Sizing: 3% (NBA/CBB) | 2% (NHL/MLB/EPL/DOTA2)
[2026-05-23 08:17:19]   Tiers: T1=B fav 75-90% | T2=Coin flip fav | T6=Coin flip dog
[2026-05-23 08:17:19]          T3=CBB B dog 50-55% | T4=NBA 50/50
[2026-05-23 08:17:19]          T7=60%+ fav (DOTA2/EPL/MLB)
[2026-05-23 08:17:19] =================================================================
[2026-05-23 08:17:19] 
[2026-05-23 08:17:19] =================================================================
[2026-05-23 08:17:19]   SCANNING — HYBRID 5-TIER STRATEGY
[2026-05-23 08:17:19] =================================================================
[2026-05-23 08:17:19]   Balance: $179.61 | Buying Power: $179.61
[2026-05-23 08:17:19]   Bet size: $5.39 (3% proven) / $3.59 (2% new leagues)
[2026-05-23 08:17:19] 
[2026-05-23 08:17:19]   WARNING: Could not fetch positions: 404 Client Error: Not Found for url: https://api.polymarket.us/v1/positions?limit=200
[2026-05-23 08:17:19]   WARNING: Could not fetch open orders: 501 Server Error: Not Implemented for url: https://api.polymarket.us/v1/orders?status=live&limit=200
[2026-05-23 08:17:19]   Scanning NBA...
[2026-05-23 08:17:19]     Found 8 events
[2026-05-23 08:17:19]   Scanning CBB...
[2026-05-23 08:17:19]     Found 0 events
[2026-05-23 08:17:19]   Scanning NHL...
[2026-05-23 08:17:19]     Found 5 events
[2026-05-23 08:17:19] 
[2026-05-23 08:17:19]   Total qualifying markets: 0
[2026-05-23 08:17:19]   New (not yet bet): 0
[2026-05-23 08:17:19] 
[2026-05-23 08:17:19]   No new qualifying markets found.
[2026-05-23 09:21:20] =================================================================
[2026-05-23 09:21:20]   POLYMARKET — MULTI-TIER BOT
[2026-05-23 09:21:20]   Mode: LIVE | Sizing: 3% of bankroll
[2026-05-23 09:21:20]   Leagues: NBA, CBB, NHL
[2026-05-23 09:21:20]   Bet window: 2h before game start
[2026-05-23 09:21:20]   Sizing: 3% (NBA/CBB) | 2% (NHL/MLB/EPL/DOTA2)
[2026-05-23 09:21:20]   Tiers: T1=B fav 75-90% | T2=Coin flip fav | T6=Coin flip dog
[2026-05-23 09:21:20]          T3=CBB B dog 50-55% | T4=NBA 50/50
[2026-05-23 09:21:20]          T7=60%+ fav (DOTA2/EPL/MLB)
[2026-05-23 09:21:20] =================================================================
[2026-05-23 09:21:20] 
[2026-05-23 09:21:20] =================================================================
[2026-05-23 09:21:20]   SCANNING — HYBRID 5-TIER STRATEGY
[2026-05-23 09:21:20] =================================================================
[2026-05-23 09:21:20]   Balance: $179.61 | Buying Power: $179.61
[2026-05-23 09:21:20]   Bet size: $5.39 (3% proven) / $3.59 (2% new leagues)
[2026-05-23 09:21:20] 
[2026-05-23 09:21:20]   WARNING: Could not fetch positions: 404 Client Error: Not Found for url: https://api.polymarket.us/v1/positions?limit=200
[2026-05-23 09:21:20]   WARNING: Could not fetch open orders: 501 Server Error: Not Implemented for url: https://api.polymarket.us/v1/orders?status=live&limit=200
[2026-05-23 09:21:20]   Scanning NBA...
[2026-05-23 09:21:20]     Found 8 events
[2026-05-23 09:21:20]   Scanning CBB...
[2026-05-23 09:21:21]     Found 0 events
[2026-05-23 09:21:21]   Scanning NHL...
[2026-05-23 09:21:21]     Found 5 events
[2026-05-23 09:21:21] 
[2026-05-23 09:21:21]   Total qualifying markets: 0
[2026-05-23 09:21:21]   New (not yet bet): 0
[2026-05-23 09:21:21] 
[2026-05-23 09:21:21]   No new qualifying markets found.
[2026-05-23 10:20:57] =================================================================
[2026-05-23 10:20:57]   POLYMARKET — MULTI-TIER BOT
[2026-05-23 10:20:57]   Mode: LIVE | Sizing: 3% of bankroll
[2026-05-23 10:20:57]   Leagues: NBA, CBB, NHL
[2026-05-23 10:20:57]   Bet window: 2h before game start
[2026-05-23 10:20:57]   Sizing: 3% (NBA/CBB) | 2% (NHL/MLB/EPL/DOTA2)
[2026-05-23 10:20:57]   Tiers: T1=B fav 75-90% | T2=Coin flip fav | T6=Coin flip dog
[2026-05-23 10:20:57]          T3=CBB B dog 50-55% | T4=NBA 50/50
[2026-05-23 10:20:57]          T7=60%+ fav (DOTA2/EPL/MLB)
[2026-05-23 10:20:57] =================================================================
[2026-05-23 10:20:57] 
[2026-05-23 10:20:57] =================================================================
[2026-05-23 10:20:57]   SCANNING — HYBRID 5-TIER STRATEGY
[2026-05-23 10:20:57] =================================================================
[2026-05-23 10:20:57]   Balance: $179.61 | Buying Power: $179.61
[2026-05-23 10:20:57]   Bet size: $5.39 (3% proven) / $3.59 (2% new leagues)
[2026-05-23 10:20:57] 
[2026-05-23 10:20:57]   WARNING: Could not fetch positions: 404 Client Error: Not Found for url: https://api.polymarket.us/v1/positions?limit=200
[2026-05-23 10:20:57]   WARNING: Could not fetch open orders: 501 Server Error: Not Implemented for url: https://api.polymarket.us/v1/orders?status=live&limit=200
[2026-05-23 10:20:57]   Scanning NBA...
[2026-05-23 10:20:57]     Found 8 events
[2026-05-23 10:20:57]   Scanning CBB...
[2026-05-23 10:20:57]     Found 0 events
[2026-05-23 10:20:57]   Scanning NHL...
[2026-05-23 10:20:57]     Found 5 events
[2026-05-23 10:20:57] 
[2026-05-23 10:20:57]   Total qualifying markets: 0
[2026-05-23 10:20:57]   New (not yet bet): 0
[2026-05-23 10:20:57] 
[2026-05-23 10:20:57]   No new qualifying markets found.
[2026-05-23 10:53:59] =================================================================
[2026-05-23 10:53:59]   POLYMARKET — MULTI-TIER BOT
[2026-05-23 10:53:59]   Mode: LIVE | Sizing: 3% of bankroll
[2026-05-23 10:53:59]   Leagues: NBA, CBB, NHL
[2026-05-23 10:53:59]   Bet window: 2h before game start
[2026-05-23 10:53:59]   Sizing: 3% (NBA/CBB) | 2% (NHL/MLB/EPL/DOTA2)
[2026-05-23 10:53:59]   Tiers: T1=B fav 75-90% | T2=Coin flip fav | T6=Coin flip dog
[2026-05-23 10:53:59]          T3=CBB B dog 50-55% | T4=NBA 50/50
[2026-05-23 10:53:59]          T7=60%+ fav (DOTA2/EPL/MLB)
[2026-05-23 10:53:59] =================================================================
[2026-05-23 10:53:59] 
[2026-05-23 10:53:59] =================================================================
[2026-05-23 10:53:59]   SCANNING — HYBRID 5-TIER STRATEGY
[2026-05-23 10:53:59] =================================================================
[2026-05-23 10:54:00]   Balance: $179.61 | Buying Power: $179.61
[2026-05-23 10:54:00]   Bet size: $5.39 (3% proven) / $3.59 (2% new leagues)
[2026-05-23 10:54:00] 
[2026-05-23 10:54:00]   WARNING: Could not fetch positions: 404 Client Error: Not Found for url: https://api.polymarket.us/v1/positions?limit=200
[2026-05-23 10:54:00]   WARNING: Could not fetch open orders: 501 Server Error: Not Implemented for url: https://api.polymarket.us/v1/orders?status=live&limit=200
[2026-05-23 10:54:00]   Scanning NBA...
[2026-05-23 10:54:00]     Found 8 events
[2026-05-23 10:54:00]   Scanning CBB...
[2026-05-23 10:54:00]     Found 0 events
[2026-05-23 10:54:00]   Scanning NHL...
[2026-05-23 10:54:00]     Found 5 events
[2026-05-23 10:54:00] 
[2026-05-23 10:54:00]   Total qualifying markets: 0
[2026-05-23 10:54:00]   New (not yet bet): 0
[2026-05-23 10:54:00] 
[2026-05-23 10:54:00]   No new qualifying markets found.
[2026-05-23 11:54:05] =================================================================
[2026-05-23 11:54:05]   POLYMARKET — MULTI-TIER BOT
[2026-05-23 11:54:05]   Mode: LIVE | Sizing: 3% of bankroll
[2026-05-23 11:54:05]   Leagues: NBA, CBB, NHL
[2026-05-23 11:54:05]   Bet window: 2h before game start
[2026-05-23 11:54:05]   Sizing: 3% (NBA/CBB) | 2% (NHL/MLB/EPL/DOTA2)
[2026-05-23 11:54:05]   Tiers: T1=B fav 75-90% | T2=Coin flip fav | T6=Coin flip dog
[2026-05-23 11:54:05]          T3=CBB B dog 50-55% | T4=NBA 50/50
[2026-05-23 11:54:05]          T7=60%+ fav (DOTA2/EPL/MLB)
[2026-05-23 11:54:05] =================================================================
[2026-05-23 11:54:05] 
[2026-05-23 11:54:05] =================================================================
[2026-05-23 11:54:05]   SCANNING — HYBRID 5-TIER STRATEGY
[2026-05-23 11:54:05] =================================================================
[2026-05-23 11:54:05]   Balance: $179.61 | Buying Power: $179.61
[2026-05-23 11:54:05]   Bet size: $5.39 (3% proven) / $3.59 (2% new leagues)
[2026-05-23 11:54:05] 
[2026-05-23 11:54:05]   WARNING: Could not fetch positions: 404 Client Error: Not Found for url: https://api.polymarket.us/v1/positions?limit=200
[2026-05-23 11:54:06]   WARNING: Could not fetch open orders: 501 Server Error: Not Implemented for url: https://api.polymarket.us/v1/orders?status=live&limit=200
[2026-05-23 11:54:06]   Scanning NBA...
[2026-05-23 11:54:06]     Found 8 events
[2026-05-23 11:54:06]   Scanning CBB...
[2026-05-23 11:54:06]     Found 0 events
[2026-05-23 11:54:06]   Scanning NHL...
[2026-05-23 11:54:06]     Found 5 events
[2026-05-23 11:54:06] 
[2026-05-23 11:54:06]   Total qualifying markets: 0
[2026-05-23 11:54:06]   New (not yet bet): 0
[2026-05-23 11:54:06] 
[2026-05-23 11:54:06]   No new qualifying markets found.
[2026-05-23 12:11:57] =================================================================
[2026-05-23 12:11:57]   POLYMARKET — MULTI-TIER BOT
[2026-05-23 12:11:57]   Mode: LIVE | Sizing: 3% of bankroll
[2026-05-23 12:11:57]   Leagues: NBA, CBB, NHL
[2026-05-23 12:11:57]   Bet window: 2h before game start
[2026-05-23 12:11:57]   Sizing: 3% (NBA/CBB) | 2% (NHL/MLB/EPL/DOTA2)
[2026-05-23 12:11:57]   Tiers: T1=B fav 75-90% | T2=Coin flip fav | T6=Coin flip dog
[2026-05-23 12:11:57]          T3=CBB B dog 50-55% | T4=NBA 50/50
[2026-05-23 12:11:57]          T7=60%+ fav (DOTA2/EPL/MLB)
[2026-05-23 12:11:57] =================================================================
[2026-05-23 12:11:57] 
[2026-05-23 12:11:57] =================================================================
[2026-05-23 12:11:57]   SCANNING — HYBRID 5-TIER STRATEGY
[2026-05-23 12:11:57] =================================================================
[2026-05-23 12:11:57]   Balance: $179.61 | Buying Power: $179.61
[2026-05-23 12:11:57]   Bet size: $5.39 (3% proven) / $3.59 (2% new leagues)
[2026-05-23 12:11:57] 
[2026-05-23 12:11:57]   WARNING: Could not fetch positions: 404 Client Error: Not Found for url: https://api.polymarket.us/v1/positions?limit=200
[2026-05-23 12:11:57]   WARNING: Could not fetch open orders: 501 Server Error: Not Implemented for url: https://api.polymarket.us/v1/orders?status=live&limit=200
[2026-05-23 12:11:57]   Scanning NBA...
[2026-05-23 12:11:57]     Found 8 events
[2026-05-23 12:11:57]   Scanning CBB...
[2026-05-23 12:11:57]     Found 0 events
[2026-05-23 12:11:57]   Scanning NHL...
[2026-05-23 12:11:57]     Found 5 events
[2026-05-23 12:11:57] 
[2026-05-23 12:11:57]   Total qualifying markets: 0
[2026-05-23 12:11:57]   New (not yet bet): 0
[2026-05-23 12:11:57] 
[2026-05-23 12:11:57]   No new qualifying markets found.
[2026-05-23 12:58:42] =================================================================
[2026-05-23 12:58:42]   POLYMARKET — MULTI-TIER BOT
[2026-05-23 12:58:42]   Mode: LIVE | Sizing: 3% of bankroll
[2026-05-23 12:58:42]   Leagues: NBA, CBB, NHL
[2026-05-23 12:58:42]   Bet window: 2h before game start
[2026-05-23 12:58:42]   Sizing: 3% (NBA/CBB) | 2% (NHL/MLB/EPL/DOTA2)
[2026-05-23 12:58:42]   Tiers: T1=B fav 75-90% | T2=Coin flip fav | T6=Coin flip dog
[2026-05-23 12:58:42]          T3=CBB B dog 50-55% | T4=NBA 50/50
[2026-05-23 12:58:42]          T7=60%+ fav (DOTA2/EPL/MLB)
[2026-05-23 12:58:42] =================================================================
[2026-05-23 12:58:42] 
[2026-05-23 12:58:42] =================================================================
[2026-05-23 12:58:42]   SCANNING — HYBRID 5-TIER STRATEGY
[2026-05-23 12:58:42] =================================================================
[2026-05-23 12:58:42]   Balance: $179.61 | Buying Power: $179.61
[2026-05-23 12:58:42]   Bet size: $5.39 (3% proven) / $3.59 (2% new leagues)
[2026-05-23 12:58:42] 
[2026-05-23 12:58:43]   WARNING: Could not fetch positions: 404 Client Error: Not Found for url: https://api.polymarket.us/v1/positions?limit=200
[2026-05-23 12:58:43]   WARNING: Could not fetch open orders: 501 Server Error: Not Implemented for url: https://api.polymarket.us/v1/orders?status=live&limit=200
[2026-05-23 12:58:43]   Scanning NBA...
[2026-05-23 12:58:43]     Found 8 events
[2026-05-23 12:58:43]   Scanning CBB...
[2026-05-23 12:58:43]     Found 0 events
[2026-05-23 12:58:43]   Scanning NHL...
[2026-05-23 12:58:43]     Found 5 events
[2026-05-23 12:58:43] 
[2026-05-23 12:58:43]   Total qualifying markets: 0
[2026-05-23 12:58:43]   New (not yet bet): 0
[2026-05-23 12:58:43] 
[2026-05-23 12:58:43]   No new qualifying markets found.
[2026-05-23 14:09:13] =================================================================
[2026-05-23 14:09:13]   POLYMARKET — MULTI-TIER BOT
[2026-05-23 14:09:13]   Mode: LIVE | Sizing: 3% of bankroll
[2026-05-23 14:09:13]   Leagues: NBA, CBB, NHL
[2026-05-23 14:09:13]   Bet window: 2h before game start
[2026-05-23 14:09:13]   Sizing: 3% (NBA/CBB) | 2% (NHL/MLB/EPL/DOTA2)
[2026-05-23 14:09:13]   Tiers: T1=B fav 75-90% | T2=Coin flip fav | T6=Coin flip dog
[2026-05-23 14:09:13]          T3=CBB B dog 50-55% | T4=NBA 50/50
[2026-05-23 14:09:13]          T7=60%+ fav (DOTA2/EPL/MLB)
[2026-05-23 14:09:13] =================================================================
[2026-05-23 14:09:13] 
[2026-05-23 14:09:13] =================================================================
[2026-05-23 14:09:13]   SCANNING — HYBRID 5-TIER STRATEGY
[2026-05-23 14:09:13] =================================================================
[2026-05-23 14:09:13]   Balance: $179.61 | Buying Power: $179.61
[2026-05-23 14:09:13]   Bet size: $5.39 (3% proven) / $3.59 (2% new leagues)
[2026-05-23 14:09:13] 
[2026-05-23 14:09:13]   WARNING: Could not fetch positions: 404 Client Error: Not Found for url: https://api.polymarket.us/v1/positions?limit=200
[2026-05-23 14:09:13]   WARNING: Could not fetch open orders: 501 Server Error: Not Implemented for url: https://api.polymarket.us/v1/orders?status=live&limit=200
[2026-05-23 14:09:13]   Scanning NBA...
[2026-05-23 14:09:13]     Found 8 events
[2026-05-23 14:09:13]   Scanning CBB...
[2026-05-23 14:09:13]     Found 0 events
[2026-05-23 14:09:13]   Scanning NHL...
[2026-05-23 14:09:13]     Found 5 events
[2026-05-23 14:09:13] 
[2026-05-23 14:09:13]   Total qualifying markets: 0
[2026-05-23 14:09:13]   New (not yet bet): 0
[2026-05-23 14:09:13] 
[2026-05-23 14:09:13]   No new qualifying markets found.
[2026-05-23 14:28:23] =================================================================
[2026-05-23 14:28:23]   POLYMARKET — MULTI-TIER BOT
[2026-05-23 14:28:23]   Mode: LIVE | Sizing: 3% of bankroll
[2026-05-23 14:28:23]   Leagues: NBA, CBB, NHL
[2026-05-23 14:28:23]   Bet window: 2h before game start
[2026-05-23 14:28:23]   Sizing: 3% (NBA/CBB) | 2% (NHL/MLB/EPL/DOTA2)
[2026-05-23 14:28:23]   Tiers: T1=B fav 75-90% | T2=Coin flip fav | T6=Coin flip dog
[2026-05-23 14:28:23]          T3=CBB B dog 50-55% | T4=NBA 50/50
[2026-05-23 14:28:23]          T7=60%+ fav (DOTA2/EPL/MLB)
[2026-05-23 14:28:23] =================================================================
[2026-05-23 14:28:23] 
[2026-05-23 14:28:23] =================================================================
[2026-05-23 14:28:23]   SCANNING — HYBRID 5-TIER STRATEGY
[2026-05-23 14:28:23] =================================================================
[2026-05-23 14:28:23]   Balance: $179.61 | Buying Power: $179.61
[2026-05-23 14:28:23]   Bet size: $5.39 (3% proven) / $3.59 (2% new leagues)
[2026-05-23 14:28:23] 
[2026-05-23 14:28:23]   WARNING: Could not fetch positions: 404 Client Error: Not Found for url: https://api.polymarket.us/v1/positions?limit=200
[2026-05-23 14:28:23]   WARNING: Could not fetch open orders: 501 Server Error: Not Implemented for url: https://api.polymarket.us/v1/orders?status=live&limit=200
[2026-05-23 14:28:23]   Scanning NBA...
[2026-05-23 14:28:23]     Found 8 events
[2026-05-23 14:28:23]   Scanning CBB...
[2026-05-23 14:28:23]     Found 0 events
[2026-05-23 14:28:23]   Scanning NHL...
[2026-05-23 14:28:23]     Found 5 events
[2026-05-23 14:28:23] 
[2026-05-23 14:28:23]   Total qualifying markets: 0
[2026-05-23 14:28:23]   New (not yet bet): 0
[2026-05-23 14:28:23] 
[2026-05-23 14:28:23]   No new qualifying markets found.
[2026-05-23 15:42:23] =================================================================
[2026-05-23 15:42:23]   POLYMARKET — MULTI-TIER BOT
[2026-05-23 15:42:23]   Mode: LIVE | Sizing: 3% of bankroll
[2026-05-23 15:42:23]   Leagues: NBA, CBB, NHL
[2026-05-23 15:42:23]   Bet window: 2h before game start
[2026-05-23 15:42:23]   Sizing: 3% (NBA/CBB) | 2% (NHL/MLB/EPL/DOTA2)
[2026-05-23 15:42:23]   Tiers: T1=B fav 75-90% | T2=Coin flip fav | T6=Coin flip dog
[2026-05-23 15:42:23]          T3=CBB B dog 50-55% | T4=NBA 50/50
[2026-05-23 15:42:23]          T7=60%+ fav (DOTA2/EPL/MLB)
[2026-05-23 15:42:23] =================================================================
[2026-05-23 15:42:23] 
[2026-05-23 15:42:23] =================================================================
[2026-05-23 15:42:23]   SCANNING — HYBRID 5-TIER STRATEGY
[2026-05-23 15:42:23] =================================================================
[2026-05-23 15:42:23]   Balance: $179.61 | Buying Power: $179.61
[2026-05-23 15:42:23]   Bet size: $5.39 (3% proven) / $3.59 (2% new leagues)
[2026-05-23 15:42:23] 
[2026-05-23 15:42:23]   WARNING: Could not fetch positions: 404 Client Error: Not Found for url: https://api.polymarket.us/v1/positions?limit=200
[2026-05-23 15:42:23]   WARNING: Could not fetch open orders: 501 Server Error: Not Implemented for url: https://api.polymarket.us/v1/orders?status=live&limit=200
[2026-05-23 15:42:23]   Scanning NBA...
[2026-05-23 15:42:23]     Found 8 events
[2026-05-23 15:42:23]   Scanning CBB...
[2026-05-23 15:42:23]     Found 0 events
[2026-05-23 15:42:23]   Scanning NHL...
[2026-05-23 15:42:23]     Found 5 events
[2026-05-23 15:42:23] 
[2026-05-23 15:42:23]   Total qualifying markets: 0
[2026-05-23 15:42:23]   New (not yet bet): 0
[2026-05-23 15:42:23] 
[2026-05-23 15:42:23]   No new qualifying markets found.
[2026-05-23 15:54:09] =================================================================
[2026-05-23 15:54:09]   POLYMARKET — MULTI-TIER BOT
[2026-05-23 15:54:09]   Mode: LIVE | Sizing: 3% of bankroll
[2026-05-23 15:54:09]   Leagues: NBA, CBB, NHL
[2026-05-23 15:54:09]   Bet window: 2h before game start
[2026-05-23 15:54:09]   Sizing: 3% (NBA/CBB) | 2% (NHL/MLB/EPL/DOTA2)
[2026-05-23 15:54:09]   Tiers: T1=B fav 75-90% | T2=Coin flip fav | T6=Coin flip dog
[2026-05-23 15:54:09]          T3=CBB B dog 50-55% | T4=NBA 50/50
[2026-05-23 15:54:09]          T7=60%+ fav (DOTA2/EPL/MLB)
[2026-05-23 15:54:09] =================================================================
[2026-05-23 15:54:09] 
[2026-05-23 15:54:09] =================================================================
[2026-05-23 15:54:09]   SCANNING — HYBRID 5-TIER STRATEGY
[2026-05-23 15:54:09] =================================================================
[2026-05-23 15:54:09]   Balance: $179.61 | Buying Power: $179.61
[2026-05-23 15:54:09]   Bet size: $5.39 (3% proven) / $3.59 (2% new leagues)
[2026-05-23 15:54:09] 
[2026-05-23 15:54:09]   WARNING: Could not fetch positions: 404 Client Error: Not Found for url: https://api.polymarket.us/v1/positions?limit=200
[2026-05-23 15:54:09]   WARNING: Could not fetch open orders: 501 Server Error: Not Implemented for url: https://api.polymarket.us/v1/orders?status=live&limit=200
[2026-05-23 15:54:09]   Scanning NBA...
[2026-05-23 15:54:10]     Found 8 events
[2026-05-23 15:54:10]   Scanning CBB...
[2026-05-23 15:54:10]     Found 0 events
[2026-05-23 15:54:10]   Scanning NHL...
[2026-05-23 15:54:10]     Found 5 events
[2026-05-23 15:54:10] 
[2026-05-23 15:54:10]   Total qualifying markets: 0
[2026-05-23 15:54:10]   New (not yet bet): 0
[2026-05-23 15:54:10] 
[2026-05-23 15:54:10]   No new qualifying markets found.
[2026-05-23 16:49:40] =================================================================
[2026-05-23 16:49:40]   POLYMARKET — MULTI-TIER BOT
[2026-05-23 16:49:40]   Mode: LIVE | Sizing: 3% of bankroll
[2026-05-23 16:49:40]   Leagues: NBA, CBB, NHL
[2026-05-23 16:49:40]   Bet window: 2h before game start
[2026-05-23 16:49:40]   Sizing: 3% (NBA/CBB) | 2% (NHL/MLB/EPL/DOTA2)
[2026-05-23 16:49:40]   Tiers: T1=B fav 75-90% | T2=Coin flip fav | T6=Coin flip dog
[2026-05-23 16:49:40]          T3=CBB B dog 50-55% | T4=NBA 50/50
[2026-05-23 16:49:40]          T7=60%+ fav (DOTA2/EPL/MLB)
[2026-05-23 16:49:40] =================================================================
[2026-05-23 16:49:40] 
[2026-05-23 16:49:40] =================================================================
[2026-05-23 16:49:40]   SCANNING — HYBRID 5-TIER STRATEGY
[2026-05-23 16:49:40] =================================================================
[2026-05-23 16:49:41]   Balance: $179.61 | Buying Power: $179.61
[2026-05-23 16:49:41]   Bet size: $5.39 (3% proven) / $3.59 (2% new leagues)
[2026-05-23 16:49:41] 
[2026-05-23 16:49:41]   WARNING: Could not fetch positions: 404 Client Error: Not Found for url: https://api.polymarket.us/v1/positions?limit=200
[2026-05-23 16:49:41]   WARNING: Could not fetch open orders: 501 Server Error: Not Implemented for url: https://api.polymarket.us/v1/orders?status=live&limit=200
[2026-05-23 16:49:41]   Scanning NBA...
[2026-05-23 16:49:41]     Found 8 events
[2026-05-23 16:49:41]   Scanning CBB...
[2026-05-23 16:49:41]     Found 0 events
[2026-05-23 16:49:41]   Scanning NHL...
[2026-05-23 16:49:42]     Found 5 events
[2026-05-23 16:49:42] 
[2026-05-23 16:49:42]   Total qualifying markets: 0
[2026-05-23 16:49:42]   New (not yet bet): 0
[2026-05-23 16:49:42] 
[2026-05-23 16:49:42]   No new qualifying markets found.
[2026-05-23 17:53:41] =================================================================
[2026-05-23 17:53:41]   POLYMARKET — MULTI-TIER BOT
[2026-05-23 17:53:41]   Mode: LIVE | Sizing: 3% of bankroll
[2026-05-23 17:53:41]   Leagues: NBA, CBB, NHL
[2026-05-23 17:53:41]   Bet window: 2h before game start
[2026-05-23 17:53:41]   Sizing: 3% (NBA/CBB) | 2% (NHL/MLB/EPL/DOTA2)
[2026-05-23 17:53:41]   Tiers: T1=B fav 75-90% | T2=Coin flip fav | T6=Coin flip dog
[2026-05-23 17:53:41]          T3=CBB B dog 50-55% | T4=NBA 50/50
[2026-05-23 17:53:41]          T7=60%+ fav (DOTA2/EPL/MLB)
[2026-05-23 17:53:41] =================================================================
[2026-05-23 17:53:41] 
[2026-05-23 17:53:41] =================================================================
[2026-05-23 17:53:41]   SCANNING — HYBRID 5-TIER STRATEGY
[2026-05-23 17:53:41] =================================================================
[2026-05-23 17:53:41]   Balance: $179.61 | Buying Power: $179.61
[2026-05-23 17:53:41]   Bet size: $5.39 (3% proven) / $3.59 (2% new leagues)
[2026-05-23 17:53:41] 
[2026-05-23 17:53:42]   WARNING: Could not fetch positions: 404 Client Error: Not Found for url: https://api.polymarket.us/v1/positions?limit=200
[2026-05-23 17:53:42]   WARNING: Could not fetch open orders: 501 Server Error: Not Implemented for url: https://api.polymarket.us/v1/orders?status=live&limit=200
[2026-05-23 17:53:42]   Scanning NBA...
[2026-05-23 17:53:42]     Found 8 events
[2026-05-23 17:53:42]   Scanning CBB...
[2026-05-23 17:53:42]     Found 0 events
[2026-05-23 17:53:42]   Scanning NHL...
[2026-05-23 17:53:42]     Found 5 events
[2026-05-23 17:53:43] 
[2026-05-23 17:53:43]   Total qualifying markets: 0
[2026-05-23 17:53:43]   New (not yet bet): 0
[2026-05-23 17:53:43] 
[2026-05-23 17:53:43]   No new qualifying markets found.
[2026-05-23 18:54:08] =================================================================
[2026-05-23 18:54:08]   POLYMARKET — MULTI-TIER BOT
[2026-05-23 18:54:08]   Mode: LIVE | Sizing: 3% of bankroll
[2026-05-23 18:54:08]   Leagues: NBA, CBB, NHL
[2026-05-23 18:54:08]   Bet window: 2h before game start
[2026-05-23 18:54:08]   Sizing: 3% (NBA/CBB) | 2% (NHL/MLB/EPL/DOTA2)
[2026-05-23 18:54:08]   Tiers: T1=B fav 75-90% | T2=Coin flip fav | T6=Coin flip dog
[2026-05-23 18:54:08]          T3=CBB B dog 50-55% | T4=NBA 50/50
[2026-05-23 18:54:08]          T7=60%+ fav (DOTA2/EPL/MLB)
[2026-05-23 18:54:08] =================================================================
[2026-05-23 18:54:08] 
[2026-05-23 18:54:08] =================================================================
[2026-05-23 18:54:08]   SCANNING — HYBRID 5-TIER STRATEGY
[2026-05-23 18:54:08] =================================================================
[2026-05-23 18:54:09]   Balance: $179.61 | Buying Power: $179.61
[2026-05-23 18:54:09]   Bet size: $5.39 (3% proven) / $3.59 (2% new leagues)
[2026-05-23 18:54:09] 
[2026-05-23 18:54:09]   WARNING: Could not fetch positions: 404 Client Error: Not Found for url: https://api.polymarket.us/v1/positions?limit=200
[2026-05-23 18:54:09]   WARNING: Could not fetch open orders: 501 Server Error: Not Implemented for url: https://api.polymarket.us/v1/orders?status=live&limit=200
[2026-05-23 18:54:09]   Scanning NBA...
[2026-05-23 18:54:09]     Found 8 events
[2026-05-23 18:54:09]   Scanning CBB...
[2026-05-23 18:54:09]     Found 0 events
[2026-05-23 18:54:10]   Scanning NHL...
[2026-05-23 18:54:10]     Found 5 events
[2026-05-23 18:54:10] 
[2026-05-23 18:54:10]   Total qualifying markets: 0
[2026-05-23 18:54:10]   New (not yet bet): 0
[2026-05-23 18:54:10] 
[2026-05-23 18:54:10]   No new qualifying markets found.
[2026-05-23 19:44:41] =================================================================
[2026-05-23 19:44:41]   POLYMARKET — MULTI-TIER BOT
[2026-05-23 19:44:41]   Mode: LIVE | Sizing: 3% of bankroll
[2026-05-23 19:44:41]   Leagues: NBA, CBB, NHL
[2026-05-23 19:44:41]   Bet window: 2h before game start
[2026-05-23 19:44:41]   Sizing: 3% (NBA/CBB) | 2% (NHL/MLB/EPL/DOTA2)
[2026-05-23 19:44:41]   Tiers: T1=B fav 75-90% | T2=Coin flip fav | T6=Coin flip dog
[2026-05-23 19:44:41]          T3=CBB B dog 50-55% | T4=NBA 50/50
[2026-05-23 19:44:41]          T7=60%+ fav (DOTA2/EPL/MLB)
[2026-05-23 19:44:41] =================================================================
[2026-05-23 19:44:41] 
[2026-05-23 19:44:41] =================================================================
[2026-05-23 19:44:41]   SCANNING — HYBRID 5-TIER STRATEGY
[2026-05-23 19:44:41] =================================================================
[2026-05-23 19:44:41]   Balance: $179.61 | Buying Power: $179.61
[2026-05-23 19:44:41]   Bet size: $5.39 (3% proven) / $3.59 (2% new leagues)
[2026-05-23 19:44:41] 
[2026-05-23 19:44:41]   WARNING: Could not fetch positions: 404 Client Error: Not Found for url: https://api.polymarket.us/v1/positions?limit=200
[2026-05-23 19:44:41]   WARNING: Could not fetch open orders: 501 Server Error: Not Implemented for url: https://api.polymarket.us/v1/orders?status=live&limit=200
[2026-05-23 19:44:41]   Scanning NBA...
[2026-05-23 19:44:42]     Found 8 events
[2026-05-23 19:44:42]   Scanning CBB...
[2026-05-23 19:44:42]     Found 0 events
[2026-05-23 19:44:42]   Scanning NHL...
[2026-05-23 19:44:42]     Found 5 events
[2026-05-23 19:44:42] 
[2026-05-23 19:44:42]   Total qualifying markets: 0
[2026-05-23 19:44:42]   New (not yet bet): 0
[2026-05-23 19:44:42] 
[2026-05-23 19:44:42]   No new qualifying markets found.
[2026-05-23 20:01:01] =================================================================
[2026-05-23 20:01:01]   POLYMARKET — MULTI-TIER BOT
[2026-05-23 20:01:01]   Mode: LIVE | Sizing: 3% of bankroll
[2026-05-23 20:01:01]   Leagues: NBA, CBB, NHL
[2026-05-23 20:01:01]   Bet window: 2h before game start
[2026-05-23 20:01:01]   Sizing: 3% (NBA/CBB) | 2% (NHL/MLB/EPL/DOTA2)
[2026-05-23 20:01:01]   Tiers: T1=B fav 75-90% | T2=Coin flip fav | T6=Coin flip dog
[2026-05-23 20:01:01]          T3=CBB B dog 50-55% | T4=NBA 50/50
[2026-05-23 20:01:01]          T7=60%+ fav (DOTA2/EPL/MLB)
[2026-05-23 20:01:01] =================================================================
[2026-05-23 20:01:01] 
[2026-05-23 20:01:01] =================================================================
[2026-05-23 20:01:01]   SCANNING — HYBRID 5-TIER STRATEGY
[2026-05-23 20:01:01] =================================================================
[2026-05-23 20:01:01]   Balance: $179.61 | Buying Power: $179.61
[2026-05-23 20:01:01]   Bet size: $5.39 (3% proven) / $3.59 (2% new leagues)
[2026-05-23 20:01:01] 
[2026-05-23 20:01:01]   WARNING: Could not fetch positions: 404 Client Error: Not Found for url: https://api.polymarket.us/v1/positions?limit=200
[2026-05-23 20:01:01]   WARNING: Could not fetch open orders: 501 Server Error: Not Implemented for url: https://api.polymarket.us/v1/orders?status=live&limit=200
[2026-05-23 20:01:01]   Scanning NBA...
[2026-05-23 20:01:02]     Found 8 events
[2026-05-23 20:01:02]   Scanning CBB...
[2026-05-23 20:01:02]     Found 0 events
[2026-05-23 20:01:02]   Scanning NHL...
[2026-05-23 20:01:02]     Found 5 events
[2026-05-23 20:01:02] 
[2026-05-23 20:01:02]   Total qualifying markets: 0
[2026-05-23 20:01:02]   New (not yet bet): 0
[2026-05-23 20:01:02] 
[2026-05-23 20:01:02]   No new qualifying markets found.
[2026-05-23 21:26:53] =================================================================
[2026-05-23 21:26:53]   POLYMARKET — MULTI-TIER BOT
[2026-05-23 21:26:53]   Mode: LIVE | Sizing: 3% of bankroll
[2026-05-23 21:26:53]   Leagues: NBA, CBB, NHL
[2026-05-23 21:26:53]   Bet window: 2h before game start
[2026-05-23 21:26:53]   Sizing: 3% (NBA/CBB) | 2% (NHL/MLB/EPL/DOTA2)
[2026-05-23 21:26:53]   Tiers: T1=B fav 75-90% | T2=Coin flip fav | T6=Coin flip dog
[2026-05-23 21:26:53]          T3=CBB B dog 50-55% | T4=NBA 50/50
[2026-05-23 21:26:53]          T7=60%+ fav (DOTA2/EPL/MLB)
[2026-05-23 21:26:53] =================================================================
[2026-05-23 21:26:53] 
[2026-05-23 21:26:53] =================================================================
[2026-05-23 21:26:53]   SCANNING — HYBRID 5-TIER STRATEGY
[2026-05-23 21:26:53] =================================================================
[2026-05-23 21:26:53]   Balance: $179.61 | Buying Power: $179.61
[2026-05-23 21:26:53]   Bet size: $5.39 (3% proven) / $3.59 (2% new leagues)
[2026-05-23 21:26:53] 
[2026-05-23 21:26:53]   WARNING: Could not fetch positions: 404 Client Error: Not Found for url: https://api.polymarket.us/v1/positions?limit=200
[2026-05-23 21:26:54]   WARNING: Could not fetch open orders: 501 Server Error: Not Implemented for url: https://api.polymarket.us/v1/orders?status=live&limit=200
[2026-05-23 21:26:54]   Scanning NBA...
[2026-05-23 21:26:54]     Found 8 events
[2026-05-23 21:26:54]   Scanning CBB...
[2026-05-23 21:26:54]     Found 0 events
[2026-05-23 21:26:54]   Scanning NHL...
[2026-05-23 21:26:54]     Found 5 events
[2026-05-23 21:26:54] 
[2026-05-23 21:26:54]   Total qualifying markets: 0
[2026-05-23 21:26:54]   New (not yet bet): 0
[2026-05-23 21:26:54] 
[2026-05-23 21:26:54]   No new qualifying markets found.
[2026-05-23 21:43:29] =================================================================
[2026-05-23 21:43:29]   POLYMARKET — MULTI-TIER BOT
[2026-05-23 21:43:29]   Mode: LIVE | Sizing: 3% of bankroll
[2026-05-23 21:43:29]   Leagues: NBA, CBB, NHL
[2026-05-23 21:43:29]   Bet window: 2h before game start
[2026-05-23 21:43:29]   Sizing: 3% (NBA/CBB) | 2% (NHL/MLB/EPL/DOTA2)
[2026-05-23 21:43:29]   Tiers: T1=B fav 75-90% | T2=Coin flip fav | T6=Coin flip dog
[2026-05-23 21:43:29]          T3=CBB B dog 50-55% | T4=NBA 50/50
[2026-05-23 21:43:29]          T7=60%+ fav (DOTA2/EPL/MLB)
[2026-05-23 21:43:29] =================================================================
[2026-05-23 21:43:29] 
[2026-05-23 21:43:29] =================================================================
[2026-05-23 21:43:29]   SCANNING — HYBRID 5-TIER STRATEGY
[2026-05-23 21:43:29] =================================================================
[2026-05-23 21:43:29]   Balance: $179.61 | Buying Power: $179.61
[2026-05-23 21:43:29]   Bet size: $5.39 (3% proven) / $3.59 (2% new leagues)
[2026-05-23 21:43:29] 
[2026-05-23 21:43:30]   WARNING: Could not fetch positions: 404 Client Error: Not Found for url: https://api.polymarket.us/v1/positions?limit=200
[2026-05-23 21:43:30]   WARNING: Could not fetch open orders: 501 Server Error: Not Implemented for url: https://api.polymarket.us/v1/orders?status=live&limit=200
[2026-05-23 21:43:30]   Scanning NBA...
[2026-05-23 21:43:30]     Found 8 events
[2026-05-23 21:43:30]   Scanning CBB...
[2026-05-23 21:43:30]     Found 0 events
[2026-05-23 21:43:30]   Scanning NHL...
[2026-05-23 21:43:30]     Found 5 events
[2026-05-23 21:43:30] 
[2026-05-23 21:43:30]   Total qualifying markets: 0
[2026-05-23 21:43:30]   New (not yet bet): 0
[2026-05-23 21:43:30] 
[2026-05-23 21:43:30]   No new qualifying markets found.
[2026-05-23 22:27:17] =================================================================
[2026-05-23 22:27:17]   POLYMARKET — MULTI-TIER BOT
[2026-05-23 22:27:17]   Mode: LIVE | Sizing: 3% of bankroll
[2026-05-23 22:27:17]   Leagues: NBA, CBB, NHL
[2026-05-23 22:27:17]   Bet window: 2h before game start
[2026-05-23 22:27:17]   Sizing: 3% (NBA/CBB) | 2% (NHL/MLB/EPL/DOTA2)
[2026-05-23 22:27:17]   Tiers: T1=B fav 75-90% | T2=Coin flip fav | T6=Coin flip dog
[2026-05-23 22:27:17]          T3=CBB B dog 50-55% | T4=NBA 50/50
[2026-05-23 22:27:17]          T7=60%+ fav (DOTA2/EPL/MLB)
[2026-05-23 22:27:17] =================================================================
[2026-05-23 22:27:17] 
[2026-05-23 22:27:17] =================================================================
[2026-05-23 22:27:17]   SCANNING — HYBRID 5-TIER STRATEGY
[2026-05-23 22:27:17] =================================================================
[2026-05-23 22:27:17]   Balance: $179.61 | Buying Power: $179.61
[2026-05-23 22:27:17]   Bet size: $5.39 (3% proven) / $3.59 (2% new leagues)
[2026-05-23 22:27:17] 
[2026-05-23 22:27:17]   WARNING: Could not fetch positions: 404 Client Error: Not Found for url: https://api.polymarket.us/v1/positions?limit=200
[2026-05-23 22:27:17]   WARNING: Could not fetch open orders: 501 Server Error: Not Implemented for url: https://api.polymarket.us/v1/orders?status=live&limit=200
[2026-05-23 22:27:17]   Scanning NBA...
[2026-05-23 22:27:17]     Found 8 events
[2026-05-23 22:27:17]     [SIGNAL] T4: NBA 50/50        | New York vs. Cleveland              | Cavaliers       @45.0%
[2026-05-23 22:27:17]   Scanning CBB...
[2026-05-23 22:27:17]     Found 0 events
[2026-05-23 22:27:17]   Scanning NHL...
[2026-05-23 22:27:17]     Found 5 events
[2026-05-23 22:27:18] 
[2026-05-23 22:27:18]   Total qualifying markets: 1
[2026-05-23 22:27:18]     T4: NBA 50/50: 1
[2026-05-23 22:27:18]   New (not yet bet): 1
[2026-05-23 22:27:18] 
[2026-05-23 22:27:18]   PLACING BETS:
[2026-05-23 22:27:18]   -----------------------------------------------------------------
[2026-05-23 22:27:18]     [T4: NBA 50/50] Betting $5.39 (3%) on Cavaliers @ 56.0% | NBA New York vs. Cleveland
[2026-05-23 22:27:18]     Previewing order: 9 shares @ $0.56 = $5.39 (NO)
[2026-05-23 22:27:18]     Preview OK: {"order": {"id": "", "marketSlug": "aec-nba-ny-cle-2026-05-23", "side": "ORDER_SIDE_SELL", "type": "ORDER_TYPE_LIMIT", "price": {"value": "0.44", "currency": "USD"}, "quantity": 9, "cumQuantity": 0, "
[2026-05-23 22:27:18]     Order result: {"id": "A6X7DE2R61DK", "executions": []}
[2026-05-23 22:27:18]     BET PLACED on Cavaliers
[2026-05-23 22:27:18] 
  Updated Balance: $179.61 | Buying Power: $179.61
[2026-05-23 22:42:12] =================================================================
[2026-05-23 22:42:12]   POLYMARKET — MULTI-TIER BOT
[2026-05-23 22:42:12]   Mode: LIVE | Sizing: 3% of bankroll
[2026-05-23 22:42:12]   Leagues: NBA, CBB, NHL
[2026-05-23 22:42:12]   Bet window: 2h before game start
[2026-05-23 22:42:12]   Sizing: 3% (NBA/CBB) | 2% (NHL/MLB/EPL/DOTA2)
[2026-05-23 22:42:12]   Tiers: T1=B fav 75-90% | T2=Coin flip fav | T6=Coin flip dog
[2026-05-23 22:42:12]          T3=CBB B dog 50-55% | T4=NBA 50/50
[2026-05-23 22:42:12]          T7=60%+ fav (DOTA2/EPL/MLB)
[2026-05-23 22:42:12] =================================================================
[2026-05-23 22:42:12] 
[2026-05-23 22:42:12] =================================================================
[2026-05-23 22:42:12]   SCANNING — HYBRID 5-TIER STRATEGY
[2026-05-23 22:42:12] =================================================================
[2026-05-23 22:42:12]   Balance: $183.46 | Buying Power: $174.46
[2026-05-23 22:42:12]   Bet size: $5.23 (3% proven) / $3.49 (2% new leagues)
[2026-05-23 22:42:12] 
[2026-05-23 22:42:12]   WARNING: Could not fetch positions: 404 Client Error: Not Found for url: https://api.polymarket.us/v1/positions?limit=200
[2026-05-23 22:42:12]   WARNING: Could not fetch open orders: 501 Server Error: Not Implemented for url: https://api.polymarket.us/v1/orders?status=live&limit=200
[2026-05-23 22:42:12]   Scanning NBA...
[2026-05-23 22:42:12]     Found 8 events
[2026-05-23 22:42:12]     [DONE] T4: NBA 50/50        | New York vs. Cleveland              | Cavaliers       @44.0%
[2026-05-23 22:42:12]   Scanning CBB...
[2026-05-23 22:42:12]     Found 0 events
[2026-05-23 22:42:12]   Scanning NHL...
[2026-05-23 22:42:12]     Found 5 events
[2026-05-23 22:42:12] 
[2026-05-23 22:42:12]   Total qualifying markets: 1
[2026-05-23 22:42:12]     T4: NBA 50/50: 1
[2026-05-23 22:42:12]   New (not yet bet): 0
[2026-05-23 22:42:12] 
[2026-05-23 22:42:12]   No new qualifying markets found.
[2026-05-23 23:32:28] =================================================================
[2026-05-23 23:32:28]   POLYMARKET — MULTI-TIER BOT
[2026-05-23 23:32:28]   Mode: LIVE | Sizing: 3% of bankroll
[2026-05-23 23:32:28]   Leagues: NBA, CBB, NHL
[2026-05-23 23:32:28]   Bet window: 2h before game start
[2026-05-23 23:32:28]   Sizing: 3% (NBA/CBB) | 2% (NHL/MLB/EPL/DOTA2)
[2026-05-23 23:32:28]   Tiers: T1=B fav 75-90% | T2=Coin flip fav | T6=Coin flip dog
[2026-05-23 23:32:28]          T3=CBB B dog 50-55% | T4=NBA 50/50
[2026-05-23 23:32:28]          T7=60%+ fav (DOTA2/EPL/MLB)
[2026-05-23 23:32:28] =================================================================
[2026-05-23 23:32:28] 
[2026-05-23 23:32:28] =================================================================
[2026-05-23 23:32:28]   SCANNING — HYBRID 5-TIER STRATEGY
[2026-05-23 23:32:28] =================================================================
[2026-05-23 23:32:28]   Balance: $183.46 | Buying Power: $174.46
[2026-05-23 23:32:28]   Bet size: $5.23 (3% proven) / $3.49 (2% new leagues)
[2026-05-23 23:32:28] 
[2026-05-23 23:32:28]   WARNING: Could not fetch positions: 404 Client Error: Not Found for url: https://api.polymarket.us/v1/positions?limit=200
[2026-05-23 23:32:29]   WARNING: Could not fetch open orders: 501 Server Error: Not Implemented for url: https://api.polymarket.us/v1/orders?status=live&limit=200
[2026-05-23 23:32:29]   Scanning NBA...
[2026-05-23 23:32:29]     Found 8 events
[2026-05-23 23:32:29]     [DONE] T4: NBA 50/50        | New York vs. Cleveland              | Cavaliers       @44.0%
[2026-05-23 23:32:29]   Scanning CBB...
[2026-05-23 23:32:29]     Found 0 events
[2026-05-23 23:32:29]   Scanning NHL...
[2026-05-23 23:32:29]     Found 5 events
[2026-05-23 23:32:30] 
[2026-05-23 23:32:30]   Total qualifying markets: 1
[2026-05-23 23:32:30]     T4: NBA 50/50: 1
[2026-05-23 23:32:30]   New (not yet bet): 0
[2026-05-23 23:32:30] 
[2026-05-23 23:32:30]   No new qualifying markets found.
[2026-05-23 23:47:40] =================================================================
[2026-05-23 23:47:40]   POLYMARKET — MULTI-TIER BOT
[2026-05-23 23:47:40]   Mode: LIVE | Sizing: 3% of bankroll
[2026-05-23 23:47:40]   Leagues: NBA, CBB, NHL
[2026-05-23 23:47:40]   Bet window: 2h before game start
[2026-05-23 23:47:40]   Sizing: 3% (NBA/CBB) | 2% (NHL/MLB/EPL/DOTA2)
[2026-05-23 23:47:40]   Tiers: T1=B fav 75-90% | T2=Coin flip fav | T6=Coin flip dog
[2026-05-23 23:47:40]          T3=CBB B dog 50-55% | T4=NBA 50/50
[2026-05-23 23:47:40]          T7=60%+ fav (DOTA2/EPL/MLB)
[2026-05-23 23:47:40] =================================================================
[2026-05-23 23:47:40] 
[2026-05-23 23:47:40] =================================================================
[2026-05-23 23:47:40]   SCANNING — HYBRID 5-TIER STRATEGY
[2026-05-23 23:47:40] =================================================================
[2026-05-23 23:47:40]   Balance: $183.46 | Buying Power: $174.46
[2026-05-23 23:47:40]   Bet size: $5.23 (3% proven) / $3.49 (2% new leagues)
[2026-05-23 23:47:40] 
[2026-05-23 23:47:40]   WARNING: Could not fetch positions: 404 Client Error: Not Found for url: https://api.polymarket.us/v1/positions?limit=200
[2026-05-23 23:47:40]   WARNING: Could not fetch open orders: 501 Server Error: Not Implemented for url: https://api.polymarket.us/v1/orders?status=live&limit=200
[2026-05-23 23:47:40]   Scanning NBA...
[2026-05-23 23:47:40]     Found 8 events
[2026-05-23 23:47:40]     [DONE] T4: NBA 50/50        | New York vs. Cleveland              | Cavaliers       @44.0%
[2026-05-23 23:47:40]   Scanning CBB...
[2026-05-23 23:47:40]     Found 0 events
[2026-05-23 23:47:40]   Scanning NHL...
[2026-05-23 23:47:40]     Found 5 events
[2026-05-23 23:47:41] 
[2026-05-23 23:47:41]   Total qualifying markets: 1
[2026-05-23 23:47:41]     T4: NBA 50/50: 1
[2026-05-23 23:47:41]   New (not yet bet): 0
[2026-05-23 23:47:41] 
[2026-05-23 23:47:41]   No new qualifying markets found.
[2026-05-24 02:09:54] =================================================================
[2026-05-24 02:09:54]   POLYMARKET — MULTI-TIER BOT
[2026-05-24 02:09:54]   Mode: LIVE | Sizing: 3% of bankroll
[2026-05-24 02:09:54]   Leagues: NBA, CBB, NHL
[2026-05-24 02:09:54]   Bet window: 2h before game start
[2026-05-24 02:09:54]   Sizing: 3% (NBA/CBB) | 2% (NHL/MLB/EPL/DOTA2)
[2026-05-24 02:09:54]   Tiers: T1=B fav 75-90% | T2=Coin flip fav | T6=Coin flip dog
[2026-05-24 02:09:54]          T3=CBB B dog 50-55% | T4=NBA 50/50
[2026-05-24 02:09:54]          T7=60%+ fav (DOTA2/EPL/MLB)
[2026-05-24 02:09:54] =================================================================
[2026-05-24 02:09:54] 
[2026-05-24 02:09:54] =================================================================
[2026-05-24 02:09:54]   SCANNING — HYBRID 5-TIER STRATEGY
[2026-05-24 02:09:54] =================================================================
[2026-05-24 02:09:55]   Balance: $183.46 | Buying Power: $174.46
[2026-05-24 02:09:55]   Bet size: $5.23 (3% proven) / $3.49 (2% new leagues)
[2026-05-24 02:09:55] 
[2026-05-24 02:09:55]   WARNING: Could not fetch positions: 404 Client Error: Not Found for url: https://api.polymarket.us/v1/positions?limit=200
[2026-05-24 02:09:55]   WARNING: Could not fetch open orders: 501 Server Error: Not Implemented for url: https://api.polymarket.us/v1/orders?status=live&limit=200
[2026-05-24 02:09:55]   Scanning NBA...
[2026-05-24 02:09:55]     Found 9 events
[2026-05-24 02:09:55]   Scanning CBB...
[2026-05-24 02:09:55]     Found 0 events
[2026-05-24 02:09:55]   Scanning NHL...
[2026-05-24 02:09:55]     Found 5 events
[2026-05-24 02:09:55] 
[2026-05-24 02:09:55]   Total qualifying markets: 0
[2026-05-24 02:09:55]   New (not yet bet): 0
[2026-05-24 02:09:55] 
[2026-05-24 02:09:55]   No new qualifying markets found.
[2026-05-24 04:47:46] =================================================================
[2026-05-24 04:47:46]   POLYMARKET — MULTI-TIER BOT
[2026-05-24 04:47:46]   Mode: LIVE | Sizing: 3% of bankroll
[2026-05-24 04:47:46]   Leagues: NBA, CBB, NHL
[2026-05-24 04:47:46]   Bet window: 2h before game start
[2026-05-24 04:47:46]   Sizing: 3% (NBA/CBB) | 2% (NHL/MLB/EPL/DOTA2)
[2026-05-24 04:47:46]   Tiers: T1=B fav 75-90% | T2=Coin flip fav | T6=Coin flip dog
[2026-05-24 04:47:46]          T3=CBB B dog 50-55% | T4=NBA 50/50
[2026-05-24 04:47:46]          T7=60%+ fav (DOTA2/EPL/MLB)
[2026-05-24 04:47:46] =================================================================
[2026-05-24 04:47:46] 
[2026-05-24 04:47:46] =================================================================
[2026-05-24 04:47:46]   SCANNING — HYBRID 5-TIER STRATEGY
[2026-05-24 04:47:46] =================================================================
[2026-05-24 04:47:46]   Balance: $174.46 | Buying Power: $174.46
[2026-05-24 04:47:46]   Bet size: $5.23 (3% proven) / $3.49 (2% new leagues)
[2026-05-24 04:47:46] 
[2026-05-24 04:47:46]   WARNING: Could not fetch positions: 404 Client Error: Not Found for url: https://api.polymarket.us/v1/positions?limit=200
[2026-05-24 04:47:46]   WARNING: Could not fetch open orders: 501 Server Error: Not Implemented for url: https://api.polymarket.us/v1/orders?status=live&limit=200
[2026-05-24 04:47:46]   Scanning NBA...
[2026-05-24 04:47:47]     Found 8 events
[2026-05-24 04:47:47]   Scanning CBB...
[2026-05-24 04:47:47]     Found 0 events
[2026-05-24 04:47:47]   Scanning NHL...
[2026-05-24 04:47:47]     Found 5 events
[2026-05-24 04:47:47] 
[2026-05-24 04:47:47]   Total qualifying markets: 0
[2026-05-24 04:47:47]   New (not yet bet): 0
[2026-05-24 04:47:47] 
[2026-05-24 04:47:47]   No new qualifying markets found.
[2026-05-24 06:27:23] =================================================================
[2026-05-24 06:27:23]   POLYMARKET — MULTI-TIER BOT
[2026-05-24 06:27:23]   Mode: LIVE | Sizing: 3% of bankroll
[2026-05-24 06:27:23]   Leagues: NBA, CBB, NHL
[2026-05-24 06:27:23]   Bet window: 2h before game start
[2026-05-24 06:27:23]   Sizing: 3% (NBA/CBB) | 2% (NHL/MLB/EPL/DOTA2)
[2026-05-24 06:27:23]   Tiers: T1=B fav 75-90% | T2=Coin flip fav | T6=Coin flip dog
[2026-05-24 06:27:23]          T3=CBB B dog 50-55% | T4=NBA 50/50
[2026-05-24 06:27:23]          T7=60%+ fav (DOTA2/EPL/MLB)
[2026-05-24 06:27:23] =================================================================
[2026-05-24 06:27:23] 
[2026-05-24 06:27:23] =================================================================
[2026-05-24 06:27:23]   SCANNING — HYBRID 5-TIER STRATEGY
[2026-05-24 06:27:23] =================================================================
[2026-05-24 06:27:23]   Balance: $174.46 | Buying Power: $174.46
[2026-05-24 06:27:23]   Bet size: $5.23 (3% proven) / $3.49 (2% new leagues)
[2026-05-24 06:27:23] 
[2026-05-24 06:27:23]   WARNING: Could not fetch positions: 404 Client Error: Not Found for url: https://api.polymarket.us/v1/positions?limit=200
[2026-05-24 06:27:23]   WARNING: Could not fetch open orders: 501 Server Error: Not Implemented for url: https://api.polymarket.us/v1/orders?status=live&limit=200
[2026-05-24 06:27:23]   Scanning NBA...
[2026-05-24 06:27:23]     Found 8 events
[2026-05-24 06:27:23]   Scanning CBB...
[2026-05-24 06:27:24]     Found 0 events
[2026-05-24 06:27:24]   Scanning NHL...
[2026-05-24 06:27:24]     Found 5 events
[2026-05-24 06:27:24] 
[2026-05-24 06:27:24]   Total qualifying markets: 0
[2026-05-24 06:27:24]   New (not yet bet): 0
[2026-05-24 06:27:24] 
[2026-05-24 06:27:24]   No new qualifying markets found.
[2026-05-24 08:03:39] =================================================================
[2026-05-24 08:03:39]   POLYMARKET — MULTI-TIER BOT
[2026-05-24 08:03:39]   Mode: LIVE | Sizing: 3% of bankroll
[2026-05-24 08:03:39]   Leagues: NBA, CBB, NHL
[2026-05-24 08:03:39]   Bet window: 2h before game start
[2026-05-24 08:03:39]   Sizing: 3% (NBA/CBB) | 2% (NHL/MLB/EPL/DOTA2)
[2026-05-24 08:03:39]   Tiers: T1=B fav 75-90% | T2=Coin flip fav | T6=Coin flip dog
[2026-05-24 08:03:39]          T3=CBB B dog 50-55% | T4=NBA 50/50
[2026-05-24 08:03:39]          T7=60%+ fav (DOTA2/EPL/MLB)
[2026-05-24 08:03:39] =================================================================
[2026-05-24 08:03:39] 
[2026-05-24 08:03:39] =================================================================
[2026-05-24 08:03:39]   SCANNING — HYBRID 5-TIER STRATEGY
[2026-05-24 08:03:39] =================================================================
[2026-05-24 08:03:40]   Balance: $174.46 | Buying Power: $174.46
[2026-05-24 08:03:40]   Bet size: $5.23 (3% proven) / $3.49 (2% new leagues)
[2026-05-24 08:03:40] 
[2026-05-24 08:03:40]   WARNING: Could not fetch positions: 404 Client Error: Not Found for url: https://api.polymarket.us/v1/positions?limit=200
[2026-05-24 08:03:40]   WARNING: Could not fetch open orders: 501 Server Error: Not Implemented for url: https://api.polymarket.us/v1/orders?status=live&limit=200
[2026-05-24 08:03:40]   Scanning NBA...
[2026-05-24 08:03:40]     Found 8 events
[2026-05-24 08:03:40]   Scanning CBB...
[2026-05-24 08:03:40]     Found 0 events
[2026-05-24 08:03:40]   Scanning NHL...
[2026-05-24 08:03:40]     Found 5 events
[2026-05-24 08:03:40] 
[2026-05-24 08:03:40]   Total qualifying markets: 0
[2026-05-24 08:03:40]   New (not yet bet): 0
[2026-05-24 08:03:40] 
[2026-05-24 08:03:40]   No new qualifying markets found.
[2026-05-24 09:13:20] =================================================================
[2026-05-24 09:13:20]   POLYMARKET — MULTI-TIER BOT
[2026-05-24 09:13:20]   Mode: LIVE | Sizing: 3% of bankroll
[2026-05-24 09:13:20]   Leagues: NBA, CBB, NHL
[2026-05-24 09:13:20]   Bet window: 2h before game start
[2026-05-24 09:13:20]   Sizing: 3% (NBA/CBB) | 2% (NHL/MLB/EPL/DOTA2)
[2026-05-24 09:13:20]   Tiers: T1=B fav 75-90% | T2=Coin flip fav | T6=Coin flip dog
[2026-05-24 09:13:20]          T3=CBB B dog 50-55% | T4=NBA 50/50
[2026-05-24 09:13:20]          T7=60%+ fav (DOTA2/EPL/MLB)
[2026-05-24 09:13:20] =================================================================
[2026-05-24 09:13:20] 
[2026-05-24 09:13:20] =================================================================
[2026-05-24 09:13:20]   SCANNING — HYBRID 5-TIER STRATEGY
[2026-05-24 09:13:20] =================================================================
[2026-05-24 09:13:20]   Balance: $174.46 | Buying Power: $174.46
[2026-05-24 09:13:20]   Bet size: $5.23 (3% proven) / $3.49 (2% new leagues)
[2026-05-24 09:13:20] 
[2026-05-24 09:13:20]   WARNING: Could not fetch positions: 404 Client Error: Not Found for url: https://api.polymarket.us/v1/positions?limit=200
[2026-05-24 09:13:20]   WARNING: Could not fetch open orders: 501 Server Error: Not Implemented for url: https://api.polymarket.us/v1/orders?status=live&limit=200
[2026-05-24 09:13:20]   Scanning NBA...
[2026-05-24 09:13:20]     Found 8 events
[2026-05-24 09:13:20]   Scanning CBB...
[2026-05-24 09:13:20]     Found 0 events
[2026-05-24 09:13:20]   Scanning NHL...
[2026-05-24 09:13:20]     Found 5 events
[2026-05-24 09:13:20] 
[2026-05-24 09:13:20]   Total qualifying markets: 0
[2026-05-24 09:13:20]   New (not yet bet): 0
[2026-05-24 09:13:20] 
[2026-05-24 09:13:20]   No new qualifying markets found.
[2026-05-24 10:18:35] =================================================================
[2026-05-24 10:18:35]   POLYMARKET — MULTI-TIER BOT
[2026-05-24 10:18:35]   Mode: LIVE | Sizing: 3% of bankroll
[2026-05-24 10:18:35]   Leagues: NBA, CBB, NHL
[2026-05-24 10:18:35]   Bet window: 2h before game start
[2026-05-24 10:18:35]   Sizing: 3% (NBA/CBB) | 2% (NHL/MLB/EPL/DOTA2)
[2026-05-24 10:18:35]   Tiers: T1=B fav 75-90% | T2=Coin flip fav | T6=Coin flip dog
[2026-05-24 10:18:35]          T3=CBB B dog 50-55% | T4=NBA 50/50
[2026-05-24 10:18:35]          T7=60%+ fav (DOTA2/EPL/MLB)
[2026-05-24 10:18:35] =================================================================
[2026-05-24 10:18:35] 
[2026-05-24 10:18:35] =================================================================
[2026-05-24 10:18:35]   SCANNING — HYBRID 5-TIER STRATEGY
[2026-05-24 10:18:35] =================================================================
[2026-05-24 10:18:35]   Balance: $174.46 | Buying Power: $174.46
[2026-05-24 10:18:35]   Bet size: $5.23 (3% proven) / $3.49 (2% new leagues)
[2026-05-24 10:18:35] 
[2026-05-24 10:18:35]   WARNING: Could not fetch positions: 404 Client Error: Not Found for url: https://api.polymarket.us/v1/positions?limit=200
[2026-05-24 10:18:35]   WARNING: Could not fetch open orders: 501 Server Error: Not Implemented for url: https://api.polymarket.us/v1/orders?status=live&limit=200
[2026-05-24 10:18:35]   Scanning NBA...
[2026-05-24 10:18:35]     Found 8 events
[2026-05-24 10:18:36]   Scanning CBB...
[2026-05-24 10:18:36]     Found 0 events
[2026-05-24 10:18:36]   Scanning NHL...
[2026-05-24 10:18:36]     Found 5 events
[2026-05-24 10:18:36] 
[2026-05-24 10:18:36]   Total qualifying markets: 0
[2026-05-24 10:18:36]   New (not yet bet): 0
[2026-05-24 10:18:36] 
[2026-05-24 10:18:36]   No new qualifying markets found.
[2026-05-24 11:06:24] =================================================================
[2026-05-24 11:06:24]   POLYMARKET — MULTI-TIER BOT
[2026-05-24 11:06:24]   Mode: LIVE | Sizing: 3% of bankroll
[2026-05-24 11:06:24]   Leagues: NBA, CBB, NHL
[2026-05-24 11:06:24]   Bet window: 2h before game start
[2026-05-24 11:06:24]   Sizing: 3% (NBA/CBB) | 2% (NHL/MLB/EPL/DOTA2)
[2026-05-24 11:06:24]   Tiers: T1=B fav 75-90% | T2=Coin flip fav | T6=Coin flip dog
[2026-05-24 11:06:24]          T3=CBB B dog 50-55% | T4=NBA 50/50
[2026-05-24 11:06:24]          T7=60%+ fav (DOTA2/EPL/MLB)
[2026-05-24 11:06:24] =================================================================
[2026-05-24 11:06:24] 
[2026-05-24 11:06:24] =================================================================
[2026-05-24 11:06:24]   SCANNING — HYBRID 5-TIER STRATEGY
[2026-05-24 11:06:24] =================================================================
[2026-05-24 11:06:24]   Balance: $174.46 | Buying Power: $174.46
[2026-05-24 11:06:24]   Bet size: $5.23 (3% proven) / $3.49 (2% new leagues)
[2026-05-24 11:06:24] 
[2026-05-24 11:06:24]   WARNING: Could not fetch positions: 404 Client Error: Not Found for url: https://api.polymarket.us/v1/positions?limit=200
[2026-05-24 11:06:24]   WARNING: Could not fetch open orders: 501 Server Error: Not Implemented for url: https://api.polymarket.us/v1/orders?status=live&limit=200
[2026-05-24 11:06:24]   Scanning NBA...
[2026-05-24 11:06:24]     Found 8 events
[2026-05-24 11:06:24]   Scanning CBB...
[2026-05-24 11:06:24]     Found 0 events
[2026-05-24 11:06:24]   Scanning NHL...
[2026-05-24 11:06:24]     Found 5 events
[2026-05-24 11:06:24] 
[2026-05-24 11:06:24]   Total qualifying markets: 0
[2026-05-24 11:06:24]   New (not yet bet): 0
[2026-05-24 11:06:24] 
[2026-05-24 11:06:24]   No new qualifying markets found.
[2026-05-24 11:49:13] =================================================================
[2026-05-24 11:49:13]   POLYMARKET — MULTI-TIER BOT
[2026-05-24 11:49:13]   Mode: LIVE | Sizing: 3% of bankroll
[2026-05-24 11:49:13]   Leagues: NBA, CBB, NHL
[2026-05-24 11:49:13]   Bet window: 2h before game start
[2026-05-24 11:49:13]   Sizing: 3% (NBA/CBB) | 2% (NHL/MLB/EPL/DOTA2)
[2026-05-24 11:49:13]   Tiers: T1=B fav 75-90% | T2=Coin flip fav | T6=Coin flip dog
[2026-05-24 11:49:13]          T3=CBB B dog 50-55% | T4=NBA 50/50
[2026-05-24 11:49:13]          T7=60%+ fav (DOTA2/EPL/MLB)
[2026-05-24 11:49:13] =================================================================
[2026-05-24 11:49:13] 
[2026-05-24 11:49:13] =================================================================
[2026-05-24 11:49:13]   SCANNING — HYBRID 5-TIER STRATEGY
[2026-05-24 11:49:13] =================================================================
[2026-05-24 11:49:13]   Balance: $174.46 | Buying Power: $174.46
[2026-05-24 11:49:13]   Bet size: $5.23 (3% proven) / $3.49 (2% new leagues)
[2026-05-24 11:49:13] 
[2026-05-24 11:49:13]   WARNING: Could not fetch positions: 404 Client Error: Not Found for url: https://api.polymarket.us/v1/positions?limit=200
[2026-05-24 11:49:13]   WARNING: Could not fetch open orders: 501 Server Error: Not Implemented for url: https://api.polymarket.us/v1/orders?status=live&limit=200
[2026-05-24 11:49:13]   Scanning NBA...
[2026-05-24 11:49:13]     Found 8 events
[2026-05-24 11:49:14]   Scanning CBB...
[2026-05-24 11:49:14]     Found 0 events
[2026-05-24 11:49:14]   Scanning NHL...
[2026-05-24 11:49:14]     Found 5 events
[2026-05-24 11:49:14] 
[2026-05-24 11:49:14]   Total qualifying markets: 0
[2026-05-24 11:49:14]   New (not yet bet): 0
[2026-05-24 11:49:14] 
[2026-05-24 11:49:14]   No new qualifying markets found.
[2026-05-24 12:58:56] =================================================================
[2026-05-24 12:58:56]   POLYMARKET — MULTI-TIER BOT
[2026-05-24 12:58:56]   Mode: LIVE | Sizing: 3% of bankroll
[2026-05-24 12:58:56]   Leagues: NBA, CBB, NHL
[2026-05-24 12:58:56]   Bet window: 2h before game start
[2026-05-24 12:58:56]   Sizing: 3% (NBA/CBB) | 2% (NHL/MLB/EPL/DOTA2)
[2026-05-24 12:58:56]   Tiers: T1=B fav 75-90% | T2=Coin flip fav | T6=Coin flip dog
[2026-05-24 12:58:56]          T3=CBB B dog 50-55% | T4=NBA 50/50
[2026-05-24 12:58:56]          T7=60%+ fav (DOTA2/EPL/MLB)
[2026-05-24 12:58:56] =================================================================
[2026-05-24 12:58:56] 
[2026-05-24 12:58:56] =================================================================
[2026-05-24 12:58:56]   SCANNING — HYBRID 5-TIER STRATEGY
[2026-05-24 12:58:56] =================================================================
[2026-05-24 12:58:56]   Balance: $174.46 | Buying Power: $174.46
[2026-05-24 12:58:56]   Bet size: $5.23 (3% proven) / $3.49 (2% new leagues)
[2026-05-24 12:58:56] 
[2026-05-24 12:58:56]   WARNING: Could not fetch positions: 404 Client Error: Not Found for url: https://api.polymarket.us/v1/positions?limit=200
[2026-05-24 12:58:56]   WARNING: Could not fetch open orders: 501 Server Error: Not Implemented for url: https://api.polymarket.us/v1/orders?status=live&limit=200
[2026-05-24 12:58:56]   Scanning NBA...
[2026-05-24 12:58:57]     Found 8 events
[2026-05-24 12:58:57]   Scanning CBB...
[2026-05-24 12:58:57]     Found 0 events
[2026-05-24 12:58:57]   Scanning NHL...
[2026-05-24 12:58:57]     Found 5 events
[2026-05-24 12:58:57] 
[2026-05-24 12:58:57]   Total qualifying markets: 0
[2026-05-24 12:58:57]   New (not yet bet): 0
[2026-05-24 12:58:57] 
[2026-05-24 12:58:57]   No new qualifying markets found.
[2026-05-24 14:08:04] =================================================================
[2026-05-24 14:08:04]   POLYMARKET — MULTI-TIER BOT
[2026-05-24 14:08:04]   Mode: LIVE | Sizing: 3% of bankroll
[2026-05-24 14:08:04]   Leagues: NBA, CBB, NHL
[2026-05-24 14:08:04]   Bet window: 2h before game start
[2026-05-24 14:08:04]   Sizing: 3% (NBA/CBB) | 2% (NHL/MLB/EPL/DOTA2)
[2026-05-24 14:08:04]   Tiers: T1=B fav 75-90% | T2=Coin flip fav | T6=Coin flip dog
[2026-05-24 14:08:04]          T3=CBB B dog 50-55% | T4=NBA 50/50
[2026-05-24 14:08:04]          T7=60%+ fav (DOTA2/EPL/MLB)
[2026-05-24 14:08:04] =================================================================
[2026-05-24 14:08:04] 
[2026-05-24 14:08:04] =================================================================
[2026-05-24 14:08:04]   SCANNING — HYBRID 5-TIER STRATEGY
[2026-05-24 14:08:04] =================================================================
[2026-05-24 14:08:04]   Balance: $174.46 | Buying Power: $174.46
[2026-05-24 14:08:04]   Bet size: $5.23 (3% proven) / $3.49 (2% new leagues)
[2026-05-24 14:08:04] 
[2026-05-24 14:08:04]   WARNING: Could not fetch positions: 404 Client Error: Not Found for url: https://api.polymarket.us/v1/positions?limit=200
[2026-05-24 14:08:04]   WARNING: Could not fetch open orders: 501 Server Error: Not Implemented for url: https://api.polymarket.us/v1/orders?status=live&limit=200
[2026-05-24 14:08:04]   Scanning NBA...
[2026-05-24 14:08:05]     Found 8 events
[2026-05-24 14:08:05]   Scanning CBB...
[2026-05-24 14:08:05]     Found 0 events
[2026-05-24 14:08:05]   Scanning NHL...
[2026-05-24 14:08:05]     Found 5 events
[2026-05-24 14:08:05] 
[2026-05-24 14:08:05]   Total qualifying markets: 0
[2026-05-24 14:08:05]   New (not yet bet): 0
[2026-05-24 14:08:05] 
[2026-05-24 14:08:05]   No new qualifying markets found.
[2026-05-24 14:23:53] =================================================================
[2026-05-24 14:23:53]   POLYMARKET — MULTI-TIER BOT
[2026-05-24 14:23:53]   Mode: LIVE | Sizing: 3% of bankroll
[2026-05-24 14:23:53]   Leagues: NBA, CBB, NHL
[2026-05-24 14:23:53]   Bet window: 2h before game start
[2026-05-24 14:23:53]   Sizing: 3% (NBA/CBB) | 2% (NHL/MLB/EPL/DOTA2)
[2026-05-24 14:23:53]   Tiers: T1=B fav 75-90% | T2=Coin flip fav | T6=Coin flip dog
[2026-05-24 14:23:53]          T3=CBB B dog 50-55% | T4=NBA 50/50
[2026-05-24 14:23:53]          T7=60%+ fav (DOTA2/EPL/MLB)
[2026-05-24 14:23:53] =================================================================
[2026-05-24 14:23:53] 
[2026-05-24 14:23:53] =================================================================
[2026-05-24 14:23:53]   SCANNING — HYBRID 5-TIER STRATEGY
[2026-05-24 14:23:53] =================================================================
[2026-05-24 14:23:53]   Balance: $174.46 | Buying Power: $174.46
[2026-05-24 14:23:53]   Bet size: $5.23 (3% proven) / $3.49 (2% new leagues)
[2026-05-24 14:23:53] 
[2026-05-24 14:23:53]   WARNING: Could not fetch positions: 404 Client Error: Not Found for url: https://api.polymarket.us/v1/positions?limit=200
[2026-05-24 14:23:53]   WARNING: Could not fetch open orders: 501 Server Error: Not Implemented for url: https://api.polymarket.us/v1/orders?status=live&limit=200
[2026-05-24 14:23:53]   Scanning NBA...
[2026-05-24 14:23:53]     Found 8 events
[2026-05-24 14:23:54]   Scanning CBB...
[2026-05-24 14:23:54]     Found 0 events
[2026-05-24 14:23:54]   Scanning NHL...
[2026-05-24 14:23:54]     Found 5 events
[2026-05-24 14:23:54] 
[2026-05-24 14:23:54]   Total qualifying markets: 0
[2026-05-24 14:23:54]   New (not yet bet): 0
[2026-05-24 14:23:54] 
[2026-05-24 14:23:54]   No new qualifying markets found.
[2026-05-24 15:43:56] =================================================================
[2026-05-24 15:43:56]   POLYMARKET — MULTI-TIER BOT
[2026-05-24 15:43:56]   Mode: LIVE | Sizing: 3% of bankroll
[2026-05-24 15:43:56]   Leagues: NBA, CBB, NHL
[2026-05-24 15:43:56]   Bet window: 2h before game start
[2026-05-24 15:43:56]   Sizing: 3% (NBA/CBB) | 2% (NHL/MLB/EPL/DOTA2)
[2026-05-24 15:43:56]   Tiers: T1=B fav 75-90% | T2=Coin flip fav | T6=Coin flip dog
[2026-05-24 15:43:56]          T3=CBB B dog 50-55% | T4=NBA 50/50
[2026-05-24 15:43:56]          T7=60%+ fav (DOTA2/EPL/MLB)
[2026-05-24 15:43:56] =================================================================
[2026-05-24 15:43:56] 
[2026-05-24 15:43:56] =================================================================
[2026-05-24 15:43:56]   SCANNING — HYBRID 5-TIER STRATEGY
[2026-05-24 15:43:56] =================================================================
[2026-05-24 15:43:56]   Balance: $174.46 | Buying Power: $174.46
[2026-05-24 15:43:56]   Bet size: $5.23 (3% proven) / $3.49 (2% new leagues)
[2026-05-24 15:43:56] 
[2026-05-24 15:43:56]   WARNING: Could not fetch positions: 404 Client Error: Not Found for url: https://api.polymarket.us/v1/positions?limit=200
[2026-05-24 15:43:56]   WARNING: Could not fetch open orders: 501 Server Error: Not Implemented for url: https://api.polymarket.us/v1/orders?status=live&limit=200
[2026-05-24 15:43:56]   Scanning NBA...
[2026-05-24 15:43:56]     Found 8 events
[2026-05-24 15:43:56]   Scanning CBB...
[2026-05-24 15:43:56]     Found 0 events
[2026-05-24 15:43:57]   Scanning NHL...
[2026-05-24 15:43:57]     Found 5 events
[2026-05-24 15:43:57] 
[2026-05-24 15:43:57]   Total qualifying markets: 0
[2026-05-24 15:43:57]   New (not yet bet): 0
[2026-05-24 15:43:57] 
[2026-05-24 15:43:57]   No new qualifying markets found.
[2026-05-24 15:54:28] =================================================================
[2026-05-24 15:54:28]   POLYMARKET — MULTI-TIER BOT
[2026-05-24 15:54:28]   Mode: LIVE | Sizing: 3% of bankroll
[2026-05-24 15:54:28]   Leagues: NBA, CBB, NHL
[2026-05-24 15:54:28]   Bet window: 2h before game start
[2026-05-24 15:54:28]   Sizing: 3% (NBA/CBB) | 2% (NHL/MLB/EPL/DOTA2)
[2026-05-24 15:54:28]   Tiers: T1=B fav 75-90% | T2=Coin flip fav | T6=Coin flip dog
[2026-05-24 15:54:28]          T3=CBB B dog 50-55% | T4=NBA 50/50
[2026-05-24 15:54:28]          T7=60%+ fav (DOTA2/EPL/MLB)
[2026-05-24 15:54:28] =================================================================
[2026-05-24 15:54:28] 
[2026-05-24 15:54:28] =================================================================
[2026-05-24 15:54:28]   SCANNING — HYBRID 5-TIER STRATEGY
[2026-05-24 15:54:28] =================================================================
[2026-05-24 15:54:28]   Balance: $174.46 | Buying Power: $174.46
[2026-05-24 15:54:28]   Bet size: $5.23 (3% proven) / $3.49 (2% new leagues)
[2026-05-24 15:54:28] 
[2026-05-24 15:54:28]   WARNING: Could not fetch positions: 404 Client Error: Not Found for url: https://api.polymarket.us/v1/positions?limit=200
[2026-05-24 15:54:28]   WARNING: Could not fetch open orders: 501 Server Error: Not Implemented for url: https://api.polymarket.us/v1/orders?status=live&limit=200
[2026-05-24 15:54:28]   Scanning NBA...
[2026-05-24 15:54:28]     Found 8 events
[2026-05-24 15:54:28]   Scanning CBB...
[2026-05-24 15:54:28]     Found 0 events
[2026-05-24 15:54:29]   Scanning NHL...
[2026-05-24 15:54:29]     Found 5 events
[2026-05-24 15:54:29] 
[2026-05-24 15:54:29]   Total qualifying markets: 0
[2026-05-24 15:54:29]   New (not yet bet): 0
[2026-05-24 15:54:29] 
[2026-05-24 15:54:29]   No new qualifying markets found.
[2026-05-24 16:51:26] =================================================================
[2026-05-24 16:51:26]   POLYMARKET — MULTI-TIER BOT
[2026-05-24 16:51:26]   Mode: LIVE | Sizing: 3% of bankroll
[2026-05-24 16:51:26]   Leagues: NBA, CBB, NHL
[2026-05-24 16:51:26]   Bet window: 2h before game start
[2026-05-24 16:51:26]   Sizing: 3% (NBA/CBB) | 2% (NHL/MLB/EPL/DOTA2)
[2026-05-24 16:51:26]   Tiers: T1=B fav 75-90% | T2=Coin flip fav | T6=Coin flip dog
[2026-05-24 16:51:26]          T3=CBB B dog 50-55% | T4=NBA 50/50
[2026-05-24 16:51:26]          T7=60%+ fav (DOTA2/EPL/MLB)
[2026-05-24 16:51:26] =================================================================
[2026-05-24 16:51:26] 
[2026-05-24 16:51:26] =================================================================
[2026-05-24 16:51:26]   SCANNING — HYBRID 5-TIER STRATEGY
[2026-05-24 16:51:26] =================================================================
[2026-05-24 16:51:26]   Balance: $174.46 | Buying Power: $174.46
[2026-05-24 16:51:26]   Bet size: $5.23 (3% proven) / $3.49 (2% new leagues)
[2026-05-24 16:51:26] 
[2026-05-24 16:51:26]   WARNING: Could not fetch positions: 404 Client Error: Not Found for url: https://api.polymarket.us/v1/positions?limit=200
[2026-05-24 16:51:26]   WARNING: Could not fetch open orders: 501 Server Error: Not Implemented for url: https://api.polymarket.us/v1/orders?status=live&limit=200
[2026-05-24 16:51:26]   Scanning NBA...
[2026-05-24 16:51:26]     Found 8 events
[2026-05-24 16:51:26]   Scanning CBB...
[2026-05-24 16:51:26]     Found 0 events
[2026-05-24 16:51:26]   Scanning NHL...
[2026-05-24 16:51:26]     Found 5 events
[2026-05-24 16:51:26] 
[2026-05-24 16:51:26]   Total qualifying markets: 0
[2026-05-24 16:51:26]   New (not yet bet): 0
[2026-05-24 16:51:26] 
[2026-05-24 16:51:26]   No new qualifying markets found.
[2026-05-24 17:31:23] =================================================================
[2026-05-24 17:31:23]   POLYMARKET — MULTI-TIER BOT
[2026-05-24 17:31:23]   Mode: LIVE | Sizing: 3% of bankroll
[2026-05-24 17:31:23]   Leagues: NBA, CBB, NHL
[2026-05-24 17:31:23]   Bet window: 2h before game start
[2026-05-24 17:31:23]   Sizing: 3% (NBA/CBB) | 2% (NHL/MLB/EPL/DOTA2)
[2026-05-24 17:31:23]   Tiers: T1=B fav 75-90% | T2=Coin flip fav | T6=Coin flip dog
[2026-05-24 17:31:23]          T3=CBB B dog 50-55% | T4=NBA 50/50
[2026-05-24 17:31:23]          T7=60%+ fav (DOTA2/EPL/MLB)
[2026-05-24 17:31:23] =================================================================
[2026-05-24 17:31:23] 
[2026-05-24 17:31:23] =================================================================
[2026-05-24 17:31:23]   SCANNING — HYBRID 5-TIER STRATEGY
[2026-05-24 17:31:23] =================================================================
[2026-05-24 17:31:23]   Balance: $174.46 | Buying Power: $174.46
[2026-05-24 17:31:23]   Bet size: $5.23 (3% proven) / $3.49 (2% new leagues)
[2026-05-24 17:31:23] 
[2026-05-24 17:31:23]   WARNING: Could not fetch positions: 404 Client Error: Not Found for url: https://api.polymarket.us/v1/positions?limit=200
[2026-05-24 17:31:23]   WARNING: Could not fetch open orders: 501 Server Error: Not Implemented for url: https://api.polymarket.us/v1/orders?status=live&limit=200
[2026-05-24 17:31:23]   Scanning NBA...
[2026-05-24 17:31:23]     Found 8 events
[2026-05-24 17:31:23]   Scanning CBB...
[2026-05-24 17:31:24]     Found 0 events
[2026-05-24 17:31:24]   Scanning NHL...
[2026-05-24 17:31:24]     Found 5 events
[2026-05-24 17:31:24] 
[2026-05-24 17:31:24]   Total qualifying markets: 0
[2026-05-24 17:31:24]   New (not yet bet): 0
[2026-05-24 17:31:24] 
[2026-05-24 17:31:24]   No new qualifying markets found.
[2026-05-24 17:51:56] =================================================================
[2026-05-24 17:51:56]   POLYMARKET — MULTI-TIER BOT
[2026-05-24 17:51:56]   Mode: LIVE | Sizing: 3% of bankroll
[2026-05-24 17:51:56]   Leagues: NBA, CBB, NHL
[2026-05-24 17:51:56]   Bet window: 2h before game start
[2026-05-24 17:51:56]   Sizing: 3% (NBA/CBB) | 2% (NHL/MLB/EPL/DOTA2)
[2026-05-24 17:51:56]   Tiers: T1=B fav 75-90% | T2=Coin flip fav | T6=Coin flip dog
[2026-05-24 17:51:56]          T3=CBB B dog 50-55% | T4=NBA 50/50
[2026-05-24 17:51:56]          T7=60%+ fav (DOTA2/EPL/MLB)
[2026-05-24 17:51:56] =================================================================
[2026-05-24 17:51:56] 
[2026-05-24 17:51:56] =================================================================
[2026-05-24 17:51:56]   SCANNING — HYBRID 5-TIER STRATEGY
[2026-05-24 17:51:56] =================================================================
[2026-05-24 17:51:56]   Balance: $174.46 | Buying Power: $174.46
[2026-05-24 17:51:56]   Bet size: $5.23 (3% proven) / $3.49 (2% new leagues)
[2026-05-24 17:51:56] 
[2026-05-24 17:51:56]   WARNING: Could not fetch positions: 404 Client Error: Not Found for url: https://api.polymarket.us/v1/positions?limit=200
[2026-05-24 17:51:56]   WARNING: Could not fetch open orders: 501 Server Error: Not Implemented for url: https://api.polymarket.us/v1/orders?status=live&limit=200
[2026-05-24 17:51:56]   Scanning NBA...
[2026-05-24 17:51:56]     Found 8 events
[2026-05-24 17:51:56]   Scanning CBB...
[2026-05-24 17:51:57]     Found 0 events
[2026-05-24 17:51:57]   Scanning NHL...
[2026-05-24 17:51:57]     Found 5 events
[2026-05-24 17:51:57] 
[2026-05-24 17:51:57]   Total qualifying markets: 0
[2026-05-24 17:51:57]   New (not yet bet): 0
[2026-05-24 17:51:57] 
[2026-05-24 17:51:57]   No new qualifying markets found.
[2026-05-24 19:00:18] =================================================================
[2026-05-24 19:00:18]   POLYMARKET — MULTI-TIER BOT
[2026-05-24 19:00:18]   Mode: LIVE | Sizing: 3% of bankroll
[2026-05-24 19:00:18]   Leagues: NBA, CBB, NHL
[2026-05-24 19:00:18]   Bet window: 2h before game start
[2026-05-24 19:00:18]   Sizing: 3% (NBA/CBB) | 2% (NHL/MLB/EPL/DOTA2)
[2026-05-24 19:00:18]   Tiers: T1=B fav 75-90% | T2=Coin flip fav | T6=Coin flip dog
[2026-05-24 19:00:18]          T3=CBB B dog 50-55% | T4=NBA 50/50
[2026-05-24 19:00:18]          T7=60%+ fav (DOTA2/EPL/MLB)
[2026-05-24 19:00:18] =================================================================
[2026-05-24 19:00:18] 
[2026-05-24 19:00:18] =================================================================
[2026-05-24 19:00:18]   SCANNING — HYBRID 5-TIER STRATEGY
[2026-05-24 19:00:18] =================================================================
[2026-05-24 19:00:18]   Balance: $174.46 | Buying Power: $174.46
[2026-05-24 19:00:18]   Bet size: $5.23 (3% proven) / $3.49 (2% new leagues)
[2026-05-24 19:00:18] 
[2026-05-24 19:00:18]   WARNING: Could not fetch positions: 404 Client Error: Not Found for url: https://api.polymarket.us/v1/positions?limit=200
[2026-05-24 19:00:18]   WARNING: Could not fetch open orders: 501 Server Error: Not Implemented for url: https://api.polymarket.us/v1/orders?status=live&limit=200
[2026-05-24 19:00:18]   Scanning NBA...
[2026-05-24 19:00:18]     Found 8 events
[2026-05-24 19:00:18]   Scanning CBB...
[2026-05-24 19:00:18]     Found 0 events
[2026-05-24 19:00:18]   Scanning NHL...
[2026-05-24 19:00:18]     Found 5 events
[2026-05-24 19:00:18] 
[2026-05-24 19:00:18]   Total qualifying markets: 0
[2026-05-24 19:00:18]   New (not yet bet): 0
[2026-05-24 19:00:18] 
[2026-05-24 19:00:18]   No new qualifying markets found.
[2026-05-24 19:46:40] =================================================================
[2026-05-24 19:46:40]   POLYMARKET — MULTI-TIER BOT
[2026-05-24 19:46:40]   Mode: LIVE | Sizing: 3% of bankroll
[2026-05-24 19:46:40]   Leagues: NBA, CBB, NHL
[2026-05-24 19:46:40]   Bet window: 2h before game start
[2026-05-24 19:46:40]   Sizing: 3% (NBA/CBB) | 2% (NHL/MLB/EPL/DOTA2)
[2026-05-24 19:46:40]   Tiers: T1=B fav 75-90% | T2=Coin flip fav | T6=Coin flip dog
[2026-05-24 19:46:40]          T3=CBB B dog 50-55% | T4=NBA 50/50
[2026-05-24 19:46:40]          T7=60%+ fav (DOTA2/EPL/MLB)
[2026-05-24 19:46:40] =================================================================
[2026-05-24 19:46:40] 
[2026-05-24 19:46:40] =================================================================
[2026-05-24 19:46:40]   SCANNING — HYBRID 5-TIER STRATEGY
[2026-05-24 19:46:40] =================================================================
[2026-05-24 19:46:40]   Balance: $174.46 | Buying Power: $174.46
[2026-05-24 19:46:40]   Bet size: $5.23 (3% proven) / $3.49 (2% new leagues)
[2026-05-24 19:46:40] 
[2026-05-24 19:46:40]   WARNING: Could not fetch positions: 404 Client Error: Not Found for url: https://api.polymarket.us/v1/positions?limit=200
[2026-05-24 19:46:40]   WARNING: Could not fetch open orders: 501 Server Error: Not Implemented for url: https://api.polymarket.us/v1/orders?status=live&limit=200
[2026-05-24 19:46:40]   Scanning NBA...
[2026-05-24 19:46:40]     Found 8 events
[2026-05-24 19:46:40]   Scanning CBB...
[2026-05-24 19:46:40]     Found 0 events
[2026-05-24 19:46:40]   Scanning NHL...
[2026-05-24 19:46:40]     Found 5 events
[2026-05-24 19:46:41] 
[2026-05-24 19:46:41]   Total qualifying markets: 0
[2026-05-24 19:46:41]   New (not yet bet): 0
[2026-05-24 19:46:41] 
[2026-05-24 19:46:41]   No new qualifying markets found.
[2026-05-24 20:41:52] =================================================================
[2026-05-24 20:41:52]   POLYMARKET — MULTI-TIER BOT
[2026-05-24 20:41:52]   Mode: LIVE | Sizing: 3% of bankroll
[2026-05-24 20:41:52]   Leagues: NBA, CBB, NHL
[2026-05-24 20:41:52]   Bet window: 2h before game start
[2026-05-24 20:41:52]   Sizing: 3% (NBA/CBB) | 2% (NHL/MLB/EPL/DOTA2)
[2026-05-24 20:41:52]   Tiers: T1=B fav 75-90% | T2=Coin flip fav | T6=Coin flip dog
[2026-05-24 20:41:52]          T3=CBB B dog 50-55% | T4=NBA 50/50
[2026-05-24 20:41:52]          T7=60%+ fav (DOTA2/EPL/MLB)
[2026-05-24 20:41:52] =================================================================
[2026-05-24 20:41:52] 
[2026-05-24 20:41:52] =================================================================
[2026-05-24 20:41:52]   SCANNING — HYBRID 5-TIER STRATEGY
[2026-05-24 20:41:52] =================================================================
[2026-05-24 20:41:52]   Balance: $174.46 | Buying Power: $174.46
[2026-05-24 20:41:52]   Bet size: $5.23 (3% proven) / $3.49 (2% new leagues)
[2026-05-24 20:41:52] 
[2026-05-24 20:41:52]   WARNING: Could not fetch positions: 404 Client Error: Not Found for url: https://api.polymarket.us/v1/positions?limit=200
[2026-05-24 20:41:52]   WARNING: Could not fetch open orders: 501 Server Error: Not Implemented for url: https://api.polymarket.us/v1/orders?status=live&limit=200
[2026-05-24 20:41:52]   Scanning NBA...
[2026-05-24 20:41:52]     Found 8 events
[2026-05-24 20:41:52]   Scanning CBB...
[2026-05-24 20:41:52]     Found 0 events
[2026-05-24 20:41:52]   Scanning NHL...
[2026-05-24 20:41:53]     Found 5 events
[2026-05-24 20:41:53] 
[2026-05-24 20:41:53]   Total qualifying markets: 0
[2026-05-24 20:41:53]   New (not yet bet): 0
[2026-05-24 20:41:53] 
[2026-05-24 20:41:53]   No new qualifying markets found.
[2026-05-24 21:29:50] =================================================================
[2026-05-24 21:29:50]   POLYMARKET — MULTI-TIER BOT
[2026-05-24 21:29:50]   Mode: LIVE | Sizing: 3% of bankroll
[2026-05-24 21:29:50]   Leagues: NBA, CBB, NHL
[2026-05-24 21:29:50]   Bet window: 2h before game start
[2026-05-24 21:29:50]   Sizing: 3% (NBA/CBB) | 2% (NHL/MLB/EPL/DOTA2)
[2026-05-24 21:29:50]   Tiers: T1=B fav 75-90% | T2=Coin flip fav | T6=Coin flip dog
[2026-05-24 21:29:50]          T3=CBB B dog 50-55% | T4=NBA 50/50
[2026-05-24 21:29:50]          T7=60%+ fav (DOTA2/EPL/MLB)
[2026-05-24 21:29:50] =================================================================
[2026-05-24 21:29:50] 
[2026-05-24 21:29:50] =================================================================
[2026-05-24 21:29:50]   SCANNING — HYBRID 5-TIER STRATEGY
[2026-05-24 21:29:50] =================================================================
[2026-05-24 21:29:50]   Balance: $174.46 | Buying Power: $174.46
[2026-05-24 21:29:50]   Bet size: $5.23 (3% proven) / $3.49 (2% new leagues)
[2026-05-24 21:29:50] 
[2026-05-24 21:29:50]   WARNING: Could not fetch positions: 404 Client Error: Not Found for url: https://api.polymarket.us/v1/positions?limit=200
[2026-05-24 21:29:50]   WARNING: Could not fetch open orders: 501 Server Error: Not Implemented for url: https://api.polymarket.us/v1/orders?status=live&limit=200
[2026-05-24 21:29:50]   Scanning NBA...
[2026-05-24 21:29:50]     Found 8 events
[2026-05-24 21:29:50]   Scanning CBB...
[2026-05-24 21:29:50]     Found 0 events
[2026-05-24 21:29:50]   Scanning NHL...
[2026-05-24 21:29:50]     Found 5 events
[2026-05-24 21:29:51] 
[2026-05-24 21:29:51]   Total qualifying markets: 0
[2026-05-24 21:29:51]   New (not yet bet): 0
[2026-05-24 21:29:51] 
[2026-05-24 21:29:51]   No new qualifying markets found.
[2026-05-24 21:44:37] =================================================================
[2026-05-24 21:44:37]   POLYMARKET — MULTI-TIER BOT
[2026-05-24 21:44:37]   Mode: LIVE | Sizing: 3% of bankroll
[2026-05-24 21:44:37]   Leagues: NBA, CBB, NHL
[2026-05-24 21:44:37]   Bet window: 2h before game start
[2026-05-24 21:44:37]   Sizing: 3% (NBA/CBB) | 2% (NHL/MLB/EPL/DOTA2)
[2026-05-24 21:44:37]   Tiers: T1=B fav 75-90% | T2=Coin flip fav | T6=Coin flip dog
[2026-05-24 21:44:37]          T3=CBB B dog 50-55% | T4=NBA 50/50
[2026-05-24 21:44:37]          T7=60%+ fav (DOTA2/EPL/MLB)
[2026-05-24 21:44:37] =================================================================
[2026-05-24 21:44:37] 
[2026-05-24 21:44:37] =================================================================
[2026-05-24 21:44:37]   SCANNING — HYBRID 5-TIER STRATEGY
[2026-05-24 21:44:37] =================================================================
[2026-05-24 21:44:37]   Balance: $174.46 | Buying Power: $174.46
[2026-05-24 21:44:37]   Bet size: $5.23 (3% proven) / $3.49 (2% new leagues)
[2026-05-24 21:44:37] 
[2026-05-24 21:44:37]   WARNING: Could not fetch positions: 404 Client Error: Not Found for url: https://api.polymarket.us/v1/positions?limit=200
[2026-05-24 21:44:37]   WARNING: Could not fetch open orders: 501 Server Error: Not Implemented for url: https://api.polymarket.us/v1/orders?status=live&limit=200
[2026-05-24 21:44:37]   Scanning NBA...
[2026-05-24 21:44:37]     Found 8 events
[2026-05-24 21:44:38]   Scanning CBB...
[2026-05-24 21:44:38]     Found 0 events
[2026-05-24 21:44:38]   Scanning NHL...
[2026-05-24 21:44:38]     Found 5 events
[2026-05-24 21:44:38] 
[2026-05-24 21:44:38]   Total qualifying markets: 0
[2026-05-24 21:44:38]   New (not yet bet): 0
[2026-05-24 21:44:38] 
[2026-05-24 21:44:38]   No new qualifying markets found.
[2026-05-24 22:35:25] =================================================================
[2026-05-24 22:35:25]   POLYMARKET — MULTI-TIER BOT
[2026-05-24 22:35:25]   Mode: LIVE | Sizing: 3% of bankroll
[2026-05-24 22:35:25]   Leagues: NBA, CBB, NHL
[2026-05-24 22:35:25]   Bet window: 2h before game start
[2026-05-24 22:35:25]   Sizing: 3% (NBA/CBB) | 2% (NHL/MLB/EPL/DOTA2)
[2026-05-24 22:35:25]   Tiers: T1=B fav 75-90% | T2=Coin flip fav | T6=Coin flip dog
[2026-05-24 22:35:25]          T3=CBB B dog 50-55% | T4=NBA 50/50
[2026-05-24 22:35:25]          T7=60%+ fav (DOTA2/EPL/MLB)
[2026-05-24 22:35:25] =================================================================
[2026-05-24 22:35:25] 
[2026-05-24 22:35:25] =================================================================
[2026-05-24 22:35:25]   SCANNING — HYBRID 5-TIER STRATEGY
[2026-05-24 22:35:25] =================================================================
[2026-05-24 22:35:25]   Balance: $174.46 | Buying Power: $174.46
[2026-05-24 22:35:25]   Bet size: $5.23 (3% proven) / $3.49 (2% new leagues)
[2026-05-24 22:35:25] 
[2026-05-24 22:35:25]   WARNING: Could not fetch positions: 404 Client Error: Not Found for url: https://api.polymarket.us/v1/positions?limit=200
[2026-05-24 22:35:25]   WARNING: Could not fetch open orders: 501 Server Error: Not Implemented for url: https://api.polymarket.us/v1/orders?status=live&limit=200
[2026-05-24 22:35:25]   Scanning NBA...
[2026-05-24 22:35:25]     Found 8 events
[2026-05-24 22:35:25]     [SIGNAL] T4: NBA 50/50        | Oklahoma City vs. San Antonio       | Spurs           @43.0%
[2026-05-24 22:35:26]   Scanning CBB...
[2026-05-24 22:35:26]     Found 0 events
[2026-05-24 22:35:26]   Scanning NHL...
[2026-05-24 22:35:26]     Found 5 events
[2026-05-24 22:35:26]     [SIGNAL] T2: Coin flip dog    | Colorado Avalanche vs. Vegas Golden | Avalanche       @57.0%
[2026-05-24 22:35:26] 
[2026-05-24 22:35:26]   Total qualifying markets: 2
[2026-05-24 22:35:26]     T4: NBA 50/50: 1
[2026-05-24 22:35:26]     T2: Coin flip dog: 1
[2026-05-24 22:35:26]   New (not yet bet): 2
[2026-05-24 22:35:26] 
[2026-05-24 22:35:26]   PLACING BETS:
[2026-05-24 22:35:26]   -----------------------------------------------------------------
[2026-05-24 22:35:26]     [T4: NBA 50/50] Betting $5.23 (3%) on Spurs @ 58.0% | NBA Oklahoma City vs. San Antonio
[2026-05-24 22:35:26]     Previewing order: 9 shares @ $0.58 = $5.23 (NO)
[2026-05-24 22:35:26]     Preview OK: {"order": {"id": "", "marketSlug": "aec-nba-okc-sa-2026-05-24", "side": "ORDER_SIDE_SELL", "type": "ORDER_TYPE_LIMIT", "price": {"value": "0.42", "currency": "USD"}, "quantity": 9, "cumQuantity": 0, "
[2026-05-24 22:35:26]     Order result: {"id": "A7HQRX5VY1DV", "executions": []}
[2026-05-24 22:35:26]     BET PLACED on Spurs
[2026-05-24 22:35:27]     [T2: Coin flip dog] Betting $3.49 (2%) on Avalanche @ 43.0% | NHL Colorado Avalanche vs. Vegas G
[2026-05-24 22:35:27]     Previewing order: 8 shares @ $0.43 = $3.49 (YES)
[2026-05-24 22:35:27]     Preview OK: {"order": {"id": "", "marketSlug": "aec-nhl-col-veg-2026-05-24", "side": "ORDER_SIDE_BUY", "type": "ORDER_TYPE_LIMIT", "price": {"value": "0.43", "currency": "USD"}, "quantity": 8, "cumQuantity": 0, "
[2026-05-24 22:35:27]     Order result: {"id": "A7HPS2F6M1E3", "executions": []}
[2026-05-24 22:35:27]     BET PLACED on Avalanche
[2026-05-24 22:35:27] 
  Updated Balance: $174.46 | Buying Power: $174.46
[2026-05-24 22:45:40] =================================================================
[2026-05-24 22:45:40]   POLYMARKET — MULTI-TIER BOT
[2026-05-24 22:45:40]   Mode: LIVE | Sizing: 3% of bankroll
[2026-05-24 22:45:40]   Leagues: NBA, CBB, NHL
[2026-05-24 22:45:40]   Bet window: 2h before game start
[2026-05-24 22:45:40]   Sizing: 3% (NBA/CBB) | 2% (NHL/MLB/EPL/DOTA2)
[2026-05-24 22:45:40]   Tiers: T1=B fav 75-90% | T2=Coin flip fav | T6=Coin flip dog
[2026-05-24 22:45:40]          T3=CBB B dog 50-55% | T4=NBA 50/50
[2026-05-24 22:45:40]          T7=60%+ fav (DOTA2/EPL/MLB)
[2026-05-24 22:45:40] =================================================================
[2026-05-24 22:45:40] 
[2026-05-24 22:45:40] =================================================================
[2026-05-24 22:45:40]   SCANNING — HYBRID 5-TIER STRATEGY
[2026-05-24 22:45:40] =================================================================
[2026-05-24 22:45:40]   Balance: $178.13 | Buying Power: $169.13
[2026-05-24 22:45:40]   Bet size: $5.07 (3% proven) / $3.38 (2% new leagues)
[2026-05-24 22:45:40] 
[2026-05-24 22:45:40]   WARNING: Could not fetch positions: 404 Client Error: Not Found for url: https://api.polymarket.us/v1/positions?limit=200
[2026-05-24 22:45:40]   WARNING: Could not fetch open orders: 501 Server Error: Not Implemented for url: https://api.polymarket.us/v1/orders?status=live&limit=200
[2026-05-24 22:45:40]   Scanning NBA...
[2026-05-24 22:45:40]     Found 8 events
[2026-05-24 22:45:40]     [DONE] T4: NBA 50/50        | Oklahoma City vs. San Antonio       | Spurs           @43.0%
[2026-05-24 22:45:40]   Scanning CBB...
[2026-05-24 22:45:40]     Found 0 events
[2026-05-24 22:45:40]   Scanning NHL...
[2026-05-24 22:45:40]     Found 5 events
[2026-05-24 22:45:40]     [DONE] T2: Coin flip dog    | Colorado Avalanche vs. Vegas Golden | Avalanche       @57.0%
[2026-05-24 22:45:40] 
[2026-05-24 22:45:40]   Total qualifying markets: 2
[2026-05-24 22:45:40]     T4: NBA 50/50: 1
[2026-05-24 22:45:40]     T2: Coin flip dog: 1
[2026-05-24 22:45:40]   New (not yet bet): 0
[2026-05-24 22:45:40] 
[2026-05-24 22:45:40]   No new qualifying markets found.
[2026-05-24 23:50:37] =================================================================
[2026-05-24 23:50:37]   POLYMARKET — MULTI-TIER BOT
[2026-05-24 23:50:37]   Mode: LIVE | Sizing: 3% of bankroll
[2026-05-24 23:50:37]   Leagues: NBA, CBB, NHL
[2026-05-24 23:50:37]   Bet window: 2h before game start
[2026-05-24 23:50:37]   Sizing: 3% (NBA/CBB) | 2% (NHL/MLB/EPL/DOTA2)
[2026-05-24 23:50:37]   Tiers: T1=B fav 75-90% | T2=Coin flip fav | T6=Coin flip dog
[2026-05-24 23:50:37]          T3=CBB B dog 50-55% | T4=NBA 50/50
[2026-05-24 23:50:37]          T7=60%+ fav (DOTA2/EPL/MLB)
[2026-05-24 23:50:37] =================================================================
[2026-05-24 23:50:37] 
[2026-05-24 23:50:37] =================================================================
[2026-05-24 23:50:37]   SCANNING — HYBRID 5-TIER STRATEGY
[2026-05-24 23:50:37] =================================================================
[2026-05-24 23:50:37]   Balance: $178.13 | Buying Power: $169.13
[2026-05-24 23:50:37]   Bet size: $5.07 (3% proven) / $3.38 (2% new leagues)
[2026-05-24 23:50:37] 
[2026-05-24 23:50:37]   WARNING: Could not fetch positions: 404 Client Error: Not Found for url: https://api.polymarket.us/v1/positions?limit=200
[2026-05-24 23:50:37]   WARNING: Could not fetch open orders: 501 Server Error: Not Implemented for url: https://api.polymarket.us/v1/orders?status=live&limit=200
[2026-05-24 23:50:37]   Scanning NBA...
[2026-05-24 23:50:37]     Found 8 events
[2026-05-24 23:50:37]     [DONE] T4: NBA 50/50        | Oklahoma City vs. San Antonio       | Spurs           @43.0%
[2026-05-24 23:50:37]   Scanning CBB...
[2026-05-24 23:50:37]     Found 0 events
[2026-05-24 23:50:37]   Scanning NHL...
[2026-05-24 23:50:38]     Found 5 events
[2026-05-24 23:50:38]     [DONE] T2: Coin flip dog    | Colorado Avalanche vs. Vegas Golden | Avalanche       @58.0%
[2026-05-24 23:50:38] 
[2026-05-24 23:50:38]   Total qualifying markets: 2
[2026-05-24 23:50:38]     T4: NBA 50/50: 1
[2026-05-24 23:50:38]     T2: Coin flip dog: 1
[2026-05-24 23:50:38]   New (not yet bet): 0
[2026-05-24 23:50:38] 
[2026-05-24 23:50:38]   No new qualifying markets found.
[2026-05-25 01:31:49] =================================================================
[2026-05-25 01:31:49]   POLYMARKET — MULTI-TIER BOT
[2026-05-25 01:31:49]   Mode: LIVE | Sizing: 3% of bankroll
[2026-05-25 01:31:49]   Leagues: NBA, CBB, NHL
[2026-05-25 01:31:49]   Bet window: 2h before game start
[2026-05-25 01:31:49]   Sizing: 3% (NBA/CBB) | 2% (NHL/MLB/EPL/DOTA2)
[2026-05-25 01:31:49]   Tiers: T1=B fav 75-90% | T2=Coin flip fav | T6=Coin flip dog
[2026-05-25 01:31:49]          T3=CBB B dog 50-55% | T4=NBA 50/50
[2026-05-25 01:31:49]          T7=60%+ fav (DOTA2/EPL/MLB)
[2026-05-25 01:31:49] =================================================================
[2026-05-25 01:31:49] 
[2026-05-25 01:31:49] =================================================================
[2026-05-25 01:31:49]   SCANNING — HYBRID 5-TIER STRATEGY
[2026-05-25 01:31:49] =================================================================
[2026-05-25 01:31:49]   Balance: $178.13 | Buying Power: $169.13
[2026-05-25 01:31:49]   Bet size: $5.07 (3% proven) / $3.38 (2% new leagues)
[2026-05-25 01:31:49] 
[2026-05-25 01:31:49]   WARNING: Could not fetch positions: 404 Client Error: Not Found for url: https://api.polymarket.us/v1/positions?limit=200
[2026-05-25 01:31:49]   WARNING: Could not fetch open orders: 501 Server Error: Not Implemented for url: https://api.polymarket.us/v1/orders?status=live&limit=200
[2026-05-25 01:31:49]   Scanning NBA...
[2026-05-25 01:31:49]     Found 8 events
[2026-05-25 01:31:49]   Scanning CBB...
[2026-05-25 01:31:49]     Found 0 events
[2026-05-25 01:31:50]   Scanning NHL...
[2026-05-25 01:31:50]     Found 5 events
[2026-05-25 01:31:50] 
[2026-05-25 01:31:50]   Total qualifying markets: 0
[2026-05-25 01:31:50]   New (not yet bet): 0
[2026-05-25 01:31:50] 
[2026-05-25 01:31:50]   No new qualifying markets found.
[2026-05-25 02:28:41] =================================================================
[2026-05-25 02:28:41]   POLYMARKET — MULTI-TIER BOT
[2026-05-25 02:28:41]   Mode: LIVE | Sizing: 3% of bankroll
[2026-05-25 02:28:41]   Leagues: NBA, CBB, NHL
[2026-05-25 02:28:41]   Bet window: 2h before game start
[2026-05-25 02:28:41]   Sizing: 3% (NBA/CBB) | 2% (NHL/MLB/EPL/DOTA2)
[2026-05-25 02:28:41]   Tiers: T1=B fav 75-90% | T2=Coin flip fav | T6=Coin flip dog
[2026-05-25 02:28:41]          T3=CBB B dog 50-55% | T4=NBA 50/50
[2026-05-25 02:28:41]          T7=60%+ fav (DOTA2/EPL/MLB)
[2026-05-25 02:28:41] =================================================================
[2026-05-25 02:28:41] 
[2026-05-25 02:28:41] =================================================================
[2026-05-25 02:28:41]   SCANNING — HYBRID 5-TIER STRATEGY
[2026-05-25 02:28:41] =================================================================
[2026-05-25 02:28:41]   Balance: $178.13 | Buying Power: $169.13
[2026-05-25 02:28:41]   Bet size: $5.07 (3% proven) / $3.38 (2% new leagues)
[2026-05-25 02:28:41] 
[2026-05-25 02:28:41]   WARNING: Could not fetch positions: 404 Client Error: Not Found for url: https://api.polymarket.us/v1/positions?limit=200
[2026-05-25 02:28:42]   WARNING: Could not fetch open orders: 501 Server Error: Not Implemented for url: https://api.polymarket.us/v1/orders?status=live&limit=200
[2026-05-25 02:28:42]   Scanning NBA...
[2026-05-25 02:28:42]     Found 8 events
[2026-05-25 02:28:42]   Scanning CBB...
[2026-05-25 02:28:42]     Found 0 events
[2026-05-25 02:28:42]   Scanning NHL...
[2026-05-25 02:28:42]     Found 5 events
[2026-05-25 02:28:42] 
[2026-05-25 02:28:42]   Total qualifying markets: 0
[2026-05-25 02:28:42]   New (not yet bet): 0
[2026-05-25 02:28:42] 
[2026-05-25 02:28:42]   No new qualifying markets found.
[2026-05-25 06:52:04] =================================================================
[2026-05-25 06:52:04]   POLYMARKET — MULTI-TIER BOT
[2026-05-25 06:52:04]   Mode: LIVE | Sizing: 3% of bankroll
[2026-05-25 06:52:04]   Leagues: NBA, CBB, NHL
[2026-05-25 06:52:04]   Bet window: 2h before game start
[2026-05-25 06:52:04]   Sizing: 3% (NBA/CBB) | 2% (NHL/MLB/EPL/DOTA2)
[2026-05-25 06:52:04]   Tiers: T1=B fav 75-90% | T2=Coin flip fav | T6=Coin flip dog
[2026-05-25 06:52:04]          T3=CBB B dog 50-55% | T4=NBA 50/50
[2026-05-25 06:52:04]          T7=60%+ fav (DOTA2/EPL/MLB)
[2026-05-25 06:52:04] =================================================================
[2026-05-25 06:52:04] 
[2026-05-25 06:52:04] =================================================================
[2026-05-25 06:52:04]   SCANNING — HYBRID 5-TIER STRATEGY
[2026-05-25 06:52:04] =================================================================
[2026-05-25 06:52:05]   Balance: $178.13 | Buying Power: $178.13
[2026-05-25 06:52:05]   Bet size: $5.34 (3% proven) / $3.56 (2% new leagues)
[2026-05-25 06:52:05] 
[2026-05-25 06:52:05]   WARNING: Could not fetch positions: 404 Client Error: Not Found for url: https://api.polymarket.us/v1/positions?limit=200
[2026-05-25 06:52:05]   WARNING: Could not fetch open orders: 501 Server Error: Not Implemented for url: https://api.polymarket.us/v1/orders?status=live&limit=200
[2026-05-25 06:52:05]   Scanning NBA...
[2026-05-25 06:52:05]     Found 7 events
[2026-05-25 06:52:05]   Scanning CBB...
[2026-05-25 06:52:05]     Found 0 events
[2026-05-25 06:52:05]   Scanning NHL...
[2026-05-25 06:52:05]     Found 4 events
[2026-05-25 06:52:05] 
[2026-05-25 06:52:05]   Total qualifying markets: 0
[2026-05-25 06:52:05]   New (not yet bet): 0
[2026-05-25 06:52:05] 
[2026-05-25 06:52:05]   No new qualifying markets found.
[2026-05-25 07:01:51] =================================================================
[2026-05-25 07:01:51]   POLYMARKET — MULTI-TIER BOT
[2026-05-25 07:01:51]   Mode: LIVE | Sizing: 3% of bankroll
[2026-05-25 07:01:51]   Leagues: NBA, CBB, NHL
[2026-05-25 07:01:51]   Bet window: 2h before game start
[2026-05-25 07:01:51]   Sizing: 3% (NBA/CBB) | 2% (NHL/MLB/EPL/DOTA2)
[2026-05-25 07:01:51]   Tiers: T1=B fav 75-90% | T2=Coin flip fav | T6=Coin flip dog
[2026-05-25 07:01:51]          T3=CBB B dog 50-55% | T4=NBA 50/50
[2026-05-25 07:01:51]          T7=60%+ fav (DOTA2/EPL/MLB)
[2026-05-25 07:01:51] =================================================================
[2026-05-25 07:01:51] 
[2026-05-25 07:01:51] =================================================================
[2026-05-25 07:01:51]   SCANNING — HYBRID 5-TIER STRATEGY
[2026-05-25 07:01:51] =================================================================
[2026-05-25 07:01:51]   Balance: $178.13 | Buying Power: $178.13
[2026-05-25 07:01:51]   Bet size: $5.34 (3% proven) / $3.56 (2% new leagues)
[2026-05-25 07:01:51] 
[2026-05-25 07:01:52]   WARNING: Could not fetch positions: 404 Client Error: Not Found for url: https://api.polymarket.us/v1/positions?limit=200
[2026-05-25 07:01:52]   WARNING: Could not fetch open orders: 501 Server Error: Not Implemented for url: https://api.polymarket.us/v1/orders?status=live&limit=200
[2026-05-25 07:01:52]   Scanning NBA...
[2026-05-25 07:01:52]     Found 7 events
[2026-05-25 07:01:52]   Scanning CBB...
[2026-05-25 07:01:52]     Found 0 events
[2026-05-25 07:01:52]   Scanning NHL...
[2026-05-25 07:01:52]     Found 4 events
[2026-05-25 07:01:52] 
[2026-05-25 07:01:52]   Total qualifying markets: 0
[2026-05-25 07:01:52]   New (not yet bet): 0
[2026-05-25 07:01:52] 
[2026-05-25 07:01:52]   No new qualifying markets found.
[2026-05-25 11:35:11] =================================================================
[2026-05-25 11:35:11]   POLYMARKET — MULTI-TIER BOT
[2026-05-25 11:35:11]   Mode: LIVE | Sizing: 3% of bankroll
[2026-05-25 11:35:11]   Leagues: NBA, CBB, NHL
[2026-05-25 11:35:11]   Bet window: 2h before game start
[2026-05-25 11:35:11]   Sizing: 3% (NBA/CBB) | 2% (NHL/MLB/EPL/DOTA2)
[2026-05-25 11:35:11]   Tiers: T1=B fav 75-90% | T2=Coin flip fav | T6=Coin flip dog
[2026-05-25 11:35:11]          T3=CBB B dog 50-55% | T4=NBA 50/50
[2026-05-25 11:35:11]          T7=60%+ fav (DOTA2/EPL/MLB)
[2026-05-25 11:35:11] =================================================================
[2026-05-25 11:35:11] 
[2026-05-25 11:35:11] =================================================================
[2026-05-25 11:35:11]   SCANNING — HYBRID 5-TIER STRATEGY
[2026-05-25 11:35:11] =================================================================
[2026-05-25 11:35:11]   Balance: $178.13 | Buying Power: $178.13
[2026-05-25 11:35:11]   Bet size: $5.34 (3% proven) / $3.56 (2% new leagues)
[2026-05-25 11:35:11] 
[2026-05-25 11:35:11]   WARNING: Could not fetch positions: 404 Client Error: Not Found for url: https://api.polymarket.us/v1/positions?limit=200
[2026-05-25 11:35:11]   WARNING: Could not fetch open orders: 501 Server Error: Not Implemented for url: https://api.polymarket.us/v1/orders?status=live&limit=200
[2026-05-25 11:35:11]   Scanning NBA...
[2026-05-25 11:35:11]     Found 7 events
[2026-05-25 11:35:11]   Scanning CBB...
[2026-05-25 11:35:11]     Found 0 events
[2026-05-25 11:35:11]   Scanning NHL...
[2026-05-25 11:35:12]     Found 4 events
[2026-05-25 11:35:12] 
[2026-05-25 11:35:12]   Total qualifying markets: 0
[2026-05-25 11:35:12]   New (not yet bet): 0
[2026-05-25 11:35:12] 
[2026-05-25 11:35:12]   No new qualifying markets found.
[2026-05-25 11:42:20] =================================================================
[2026-05-25 11:42:20]   POLYMARKET — MULTI-TIER BOT
[2026-05-25 11:42:20]   Mode: LIVE | Sizing: 3% of bankroll
[2026-05-25 11:42:20]   Leagues: NBA, CBB, NHL
[2026-05-25 11:42:20]   Bet window: 2h before game start
[2026-05-25 11:42:20]   Sizing: 3% (NBA/CBB) | 2% (NHL/MLB/EPL/DOTA2)
[2026-05-25 11:42:20]   Tiers: T1=B fav 75-90% | T2=Coin flip fav | T6=Coin flip dog
[2026-05-25 11:42:20]          T3=CBB B dog 50-55% | T4=NBA 50/50
[2026-05-25 11:42:20]          T7=60%+ fav (DOTA2/EPL/MLB)
[2026-05-25 11:42:20] =================================================================
[2026-05-25 11:42:20] 
[2026-05-25 11:42:20] =================================================================
[2026-05-25 11:42:20]   SCANNING — HYBRID 5-TIER STRATEGY
[2026-05-25 11:42:20] =================================================================
[2026-05-25 11:42:20]   Balance: $178.13 | Buying Power: $178.13
[2026-05-25 11:42:20]   Bet size: $5.34 (3% proven) / $3.56 (2% new leagues)
[2026-05-25 11:42:20] 
[2026-05-25 11:42:21]   WARNING: Could not fetch positions: 404 Client Error: Not Found for url: https://api.polymarket.us/v1/positions?limit=200
[2026-05-25 11:42:21]   WARNING: Could not fetch open orders: 501 Server Error: Not Implemented for url: https://api.polymarket.us/v1/orders?status=live&limit=200
[2026-05-25 11:42:21]   Scanning NBA...
[2026-05-25 11:42:21]     Found 7 events
[2026-05-25 11:42:21]   Scanning CBB...
[2026-05-25 11:42:21]     Found 0 events
[2026-05-25 11:42:21]   Scanning NHL...
[2026-05-25 11:42:21]     Found 4 events
[2026-05-25 11:42:21] 
[2026-05-25 11:42:21]   Total qualifying markets: 0
[2026-05-25 11:42:21]   New (not yet bet): 0
[2026-05-25 11:42:21] 
[2026-05-25 11:42:21]   No new qualifying markets found.
[2026-05-25 14:32:55] =================================================================
[2026-05-25 14:32:55]   POLYMARKET — MULTI-TIER BOT
[2026-05-25 14:32:55]   Mode: LIVE | Sizing: 3% of bankroll
[2026-05-25 14:32:55]   Leagues: NBA, CBB, NHL
[2026-05-25 14:32:55]   Bet window: 2h before game start
[2026-05-25 14:32:55]   Sizing: 3% (NBA/CBB) | 2% (NHL/MLB/EPL/DOTA2)
[2026-05-25 14:32:55]   Tiers: T1=B fav 75-90% | T2=Coin flip fav | T6=Coin flip dog
[2026-05-25 14:32:55]          T3=CBB B dog 50-55% | T4=NBA 50/50
[2026-05-25 14:32:55]          T7=60%+ fav (DOTA2/EPL/MLB)
[2026-05-25 14:32:55] =================================================================
[2026-05-25 14:32:55] 
[2026-05-25 14:32:55] =================================================================
[2026-05-25 14:32:55]   SCANNING — HYBRID 5-TIER STRATEGY
[2026-05-25 14:32:55] =================================================================
[2026-05-25 14:32:55]   Balance: $178.13 | Buying Power: $178.13
[2026-05-25 14:32:55]   Bet size: $5.34 (3% proven) / $3.56 (2% new leagues)
[2026-05-25 14:32:55] 
[2026-05-25 14:32:56]   WARNING: Could not fetch positions: 404 Client Error: Not Found for url: https://api.polymarket.us/v1/positions?limit=200
[2026-05-25 14:32:56]   WARNING: Could not fetch open orders: 501 Server Error: Not Implemented for url: https://api.polymarket.us/v1/orders?status=live&limit=200
[2026-05-25 14:32:56]   Scanning NBA...
[2026-05-25 14:32:56]     Found 7 events
[2026-05-25 14:32:56]   Scanning CBB...
[2026-05-25 14:32:56]     Found 0 events
[2026-05-25 14:32:56]   Scanning NHL...
[2026-05-25 14:32:56]     Found 4 events
[2026-05-25 14:32:56] 
[2026-05-25 14:32:56]   Total qualifying markets: 0
[2026-05-25 14:32:56]   New (not yet bet): 0
[2026-05-25 14:32:56] 
[2026-05-25 14:32:56]   No new qualifying markets found.
[2026-05-25 15:37:22] =================================================================
[2026-05-25 15:37:22]   POLYMARKET — MULTI-TIER BOT
[2026-05-25 15:37:22]   Mode: LIVE | Sizing: 3% of bankroll
[2026-05-25 15:37:22]   Leagues: NBA, CBB, NHL
[2026-05-25 15:37:22]   Bet window: 2h before game start
[2026-05-25 15:37:22]   Sizing: 3% (NBA/CBB) | 2% (NHL/MLB/EPL/DOTA2)
[2026-05-25 15:37:22]   Tiers: T1=B fav 75-90% | T2=Coin flip fav | T6=Coin flip dog
[2026-05-25 15:37:22]          T3=CBB B dog 50-55% | T4=NBA 50/50
[2026-05-25 15:37:22]          T7=60%+ fav (DOTA2/EPL/MLB)
[2026-05-25 15:37:22] =================================================================
[2026-05-25 15:37:22] 
[2026-05-25 15:37:22] =================================================================
[2026-05-25 15:37:22]   SCANNING — HYBRID 5-TIER STRATEGY
[2026-05-25 15:37:22] =================================================================
[2026-05-25 15:37:22]   Balance: $178.13 | Buying Power: $178.13
[2026-05-25 15:37:22]   Bet size: $5.34 (3% proven) / $3.56 (2% new leagues)
[2026-05-25 15:37:22] 
[2026-05-25 15:37:22]   WARNING: Could not fetch positions: 404 Client Error: Not Found for url: https://api.polymarket.us/v1/positions?limit=200
[2026-05-25 15:37:22]   WARNING: Could not fetch open orders: 501 Server Error: Not Implemented for url: https://api.polymarket.us/v1/orders?status=live&limit=200
[2026-05-25 15:37:22]   Scanning NBA...
[2026-05-25 15:37:23]     Found 7 events
[2026-05-25 15:37:23]   Scanning CBB...
[2026-05-25 15:37:23]     Found 0 events
[2026-05-25 15:37:23]   Scanning NHL...
[2026-05-25 15:37:23]     Found 4 events
[2026-05-25 15:37:23] 
[2026-05-25 15:37:23]   Total qualifying markets: 0
[2026-05-25 15:37:23]   New (not yet bet): 0
[2026-05-25 15:37:23] 
[2026-05-25 15:37:23]   No new qualifying markets found.
[2026-05-25 16:58:04] =================================================================
[2026-05-25 16:58:04]   POLYMARKET — MULTI-TIER BOT
[2026-05-25 16:58:04]   Mode: LIVE | Sizing: 3% of bankroll
[2026-05-25 16:58:04]   Leagues: NBA, CBB, NHL
[2026-05-25 16:58:04]   Bet window: 2h before game start
[2026-05-25 16:58:04]   Sizing: 3% (NBA/CBB) | 2% (NHL/MLB/EPL/DOTA2)
[2026-05-25 16:58:04]   Tiers: T1=B fav 75-90% | T2=Coin flip fav | T6=Coin flip dog
[2026-05-25 16:58:04]          T3=CBB B dog 50-55% | T4=NBA 50/50
[2026-05-25 16:58:04]          T7=60%+ fav (DOTA2/EPL/MLB)
[2026-05-25 16:58:04] =================================================================
[2026-05-25 16:58:04] 
[2026-05-25 16:58:04] =================================================================
[2026-05-25 16:58:04]   SCANNING — HYBRID 5-TIER STRATEGY
[2026-05-25 16:58:04] =================================================================
[2026-05-25 16:58:04]   Balance: $178.13 | Buying Power: $178.13
[2026-05-25 16:58:04]   Bet size: $5.34 (3% proven) / $3.56 (2% new leagues)
[2026-05-25 16:58:04] 
[2026-05-25 16:58:04]   WARNING: Could not fetch positions: 404 Client Error: Not Found for url: https://api.polymarket.us/v1/positions?limit=200
[2026-05-25 16:58:04]   WARNING: Could not fetch open orders: 501 Server Error: Not Implemented for url: https://api.polymarket.us/v1/orders?status=live&limit=200
[2026-05-25 16:58:04]   Scanning NBA...
[2026-05-25 16:58:05]     Found 7 events
[2026-05-25 16:58:05]   Scanning CBB...
[2026-05-25 16:58:05]     Found 0 events
[2026-05-25 16:58:05]   Scanning NHL...
[2026-05-25 16:58:05]     Found 4 events
[2026-05-25 16:58:05] 
[2026-05-25 16:58:05]   Total qualifying markets: 0
[2026-05-25 16:58:05]   New (not yet bet): 0
[2026-05-25 16:58:05] 
[2026-05-25 16:58:05]   No new qualifying markets found.
[2026-05-25 18:09:57] =================================================================
[2026-05-25 18:09:57]   POLYMARKET — MULTI-TIER BOT
[2026-05-25 18:09:57]   Mode: LIVE | Sizing: 3% of bankroll
[2026-05-25 18:09:57]   Leagues: NBA, CBB, NHL
[2026-05-25 18:09:57]   Bet window: 2h before game start
[2026-05-25 18:09:57]   Sizing: 3% (NBA/CBB) | 2% (NHL/MLB/EPL/DOTA2)
[2026-05-25 18:09:57]   Tiers: T1=B fav 75-90% | T2=Coin flip fav | T6=Coin flip dog
[2026-05-25 18:09:57]          T3=CBB B dog 50-55% | T4=NBA 50/50
[2026-05-25 18:09:57]          T7=60%+ fav (DOTA2/EPL/MLB)
[2026-05-25 18:09:57] =================================================================
[2026-05-25 18:09:57] 
[2026-05-25 18:09:57] =================================================================
[2026-05-25 18:09:57]   SCANNING — HYBRID 5-TIER STRATEGY
[2026-05-25 18:09:57] =================================================================
[2026-05-25 18:09:57]   Balance: $178.13 | Buying Power: $178.13
[2026-05-25 18:09:57]   Bet size: $5.34 (3% proven) / $3.56 (2% new leagues)
[2026-05-25 18:09:57] 
[2026-05-25 18:09:57]   WARNING: Could not fetch positions: 404 Client Error: Not Found for url: https://api.polymarket.us/v1/positions?limit=200
[2026-05-25 18:09:57]   WARNING: Could not fetch open orders: 501 Server Error: Not Implemented for url: https://api.polymarket.us/v1/orders?status=live&limit=200
[2026-05-25 18:09:57]   Scanning NBA...
[2026-05-25 18:09:58]     Found 7 events
[2026-05-25 18:09:58]   Scanning CBB...
[2026-05-25 18:09:58]     Found 0 events
[2026-05-25 18:09:58]   Scanning NHL...
[2026-05-25 18:09:58]     Found 4 events
[2026-05-25 18:09:58] 
[2026-05-25 18:09:58]   Total qualifying markets: 0
[2026-05-25 18:09:58]   New (not yet bet): 0
[2026-05-25 18:09:58] 
[2026-05-25 18:09:58]   No new qualifying markets found.
[2026-05-25 18:24:06] =================================================================
[2026-05-25 18:24:06]   POLYMARKET — MULTI-TIER BOT
[2026-05-25 18:24:06]   Mode: LIVE | Sizing: 3% of bankroll
[2026-05-25 18:24:06]   Leagues: NBA, CBB, NHL
[2026-05-25 18:24:06]   Bet window: 2h before game start
[2026-05-25 18:24:06]   Sizing: 3% (NBA/CBB) | 2% (NHL/MLB/EPL/DOTA2)
[2026-05-25 18:24:06]   Tiers: T1=B fav 75-90% | T2=Coin flip fav | T6=Coin flip dog
[2026-05-25 18:24:06]          T3=CBB B dog 50-55% | T4=NBA 50/50
[2026-05-25 18:24:06]          T7=60%+ fav (DOTA2/EPL/MLB)
[2026-05-25 18:24:06] =================================================================
[2026-05-25 18:24:06] 
[2026-05-25 18:24:06] =================================================================
[2026-05-25 18:24:06]   SCANNING — HYBRID 5-TIER STRATEGY
[2026-05-25 18:24:06] =================================================================
[2026-05-25 18:24:06]   Balance: $178.13 | Buying Power: $178.13
[2026-05-25 18:24:06]   Bet size: $5.34 (3% proven) / $3.56 (2% new leagues)
[2026-05-25 18:24:06] 
[2026-05-25 18:24:07]   WARNING: Could not fetch positions: 404 Client Error: Not Found for url: https://api.polymarket.us/v1/positions?limit=200
[2026-05-25 18:24:07]   WARNING: Could not fetch open orders: 501 Server Error: Not Implemented for url: https://api.polymarket.us/v1/orders?status=live&limit=200
[2026-05-25 18:24:07]   Scanning NBA...
[2026-05-25 18:24:07]     Found 7 events
[2026-05-25 18:24:07]   Scanning CBB...
[2026-05-25 18:24:07]     Found 0 events
[2026-05-25 18:24:07]   Scanning NHL...
[2026-05-25 18:24:07]     Found 4 events
[2026-05-25 18:24:07] 
[2026-05-25 18:24:07]   Total qualifying markets: 0
[2026-05-25 18:24:07]   New (not yet bet): 0
[2026-05-25 18:24:07] 
[2026-05-25 18:24:07]   No new qualifying markets found.
[2026-05-25 20:09:47] =================================================================
[2026-05-25 20:09:47]   POLYMARKET — MULTI-TIER BOT
[2026-05-25 20:09:47]   Mode: LIVE | Sizing: 3% of bankroll
[2026-05-25 20:09:47]   Leagues: NBA, CBB, NHL
[2026-05-25 20:09:47]   Bet window: 2h before game start
[2026-05-25 20:09:47]   Sizing: 3% (NBA/CBB) | 2% (NHL/MLB/EPL/DOTA2)
[2026-05-25 20:09:47]   Tiers: T1=B fav 75-90% | T2=Coin flip fav | T6=Coin flip dog
[2026-05-25 20:09:47]          T3=CBB B dog 50-55% | T4=NBA 50/50
[2026-05-25 20:09:47]          T7=60%+ fav (DOTA2/EPL/MLB)
[2026-05-25 20:09:47] =================================================================
[2026-05-25 20:09:47] 
[2026-05-25 20:09:47] =================================================================
[2026-05-25 20:09:47]   SCANNING — HYBRID 5-TIER STRATEGY
[2026-05-25 20:09:47] =================================================================
[2026-05-25 20:09:47]   Balance: $178.13 | Buying Power: $178.13
[2026-05-25 20:09:47]   Bet size: $5.34 (3% proven) / $3.56 (2% new leagues)
[2026-05-25 20:09:47] 
[2026-05-25 20:09:47]   WARNING: Could not fetch positions: 404 Client Error: Not Found for url: https://api.polymarket.us/v1/positions?limit=200
[2026-05-25 20:09:47]   WARNING: Could not fetch open orders: 501 Server Error: Not Implemented for url: https://api.polymarket.us/v1/orders?status=live&limit=200
[2026-05-25 20:09:47]   Scanning NBA...
[2026-05-25 20:09:47]     Found 7 events
[2026-05-25 20:09:47]   Scanning CBB...
[2026-05-25 20:09:47]     Found 0 events
[2026-05-25 20:09:47]   Scanning NHL...
[2026-05-25 20:09:47]     Found 4 events
[2026-05-25 20:09:47] 
[2026-05-25 20:09:47]   Total qualifying markets: 0
[2026-05-25 20:09:47]   New (not yet bet): 0
[2026-05-25 20:09:47] 
[2026-05-25 20:09:47]   No new qualifying markets found.
[2026-05-25 20:18:31] =================================================================
[2026-05-25 20:18:31]   POLYMARKET — MULTI-TIER BOT
[2026-05-25 20:18:31]   Mode: LIVE | Sizing: 3% of bankroll
[2026-05-25 20:18:31]   Leagues: NBA, CBB, NHL
[2026-05-25 20:18:31]   Bet window: 2h before game start
[2026-05-25 20:18:31]   Sizing: 3% (NBA/CBB) | 2% (NHL/MLB/EPL/DOTA2)
[2026-05-25 20:18:31]   Tiers: T1=B fav 75-90% | T2=Coin flip fav | T6=Coin flip dog
[2026-05-25 20:18:31]          T3=CBB B dog 50-55% | T4=NBA 50/50
[2026-05-25 20:18:31]          T7=60%+ fav (DOTA2/EPL/MLB)
[2026-05-25 20:18:31] =================================================================
[2026-05-25 20:18:31] 
[2026-05-25 20:18:31] =================================================================
[2026-05-25 20:18:31]   SCANNING — HYBRID 5-TIER STRATEGY
[2026-05-25 20:18:31] =================================================================
[2026-05-25 20:18:31]   Balance: $178.13 | Buying Power: $178.13
[2026-05-25 20:18:31]   Bet size: $5.34 (3% proven) / $3.56 (2% new leagues)
[2026-05-25 20:18:31] 
[2026-05-25 20:18:31]   WARNING: Could not fetch positions: 404 Client Error: Not Found for url: https://api.polymarket.us/v1/positions?limit=200
[2026-05-25 20:18:31]   WARNING: Could not fetch open orders: 501 Server Error: Not Implemented for url: https://api.polymarket.us/v1/orders?status=live&limit=200
[2026-05-25 20:18:31]   Scanning NBA...
[2026-05-25 20:18:31]     Found 7 events
[2026-05-25 20:18:31]   Scanning CBB...
[2026-05-25 20:18:31]     Found 0 events
[2026-05-25 20:18:31]   Scanning NHL...
[2026-05-25 20:18:31]     Found 4 events
[2026-05-25 20:18:31] 
[2026-05-25 20:18:31]   Total qualifying markets: 0
[2026-05-25 20:18:31]   New (not yet bet): 0
[2026-05-25 20:18:31] 
[2026-05-25 20:18:31]   No new qualifying markets found.
[2026-05-25 21:45:35] =================================================================
[2026-05-25 21:45:35]   POLYMARKET — MULTI-TIER BOT
[2026-05-25 21:45:35]   Mode: LIVE | Sizing: 3% of bankroll
[2026-05-25 21:45:35]   Leagues: NBA, CBB, NHL
[2026-05-25 21:45:35]   Bet window: 2h before game start
[2026-05-25 21:45:35]   Sizing: 3% (NBA/CBB) | 2% (NHL/MLB/EPL/DOTA2)
[2026-05-25 21:45:35]   Tiers: T1=B fav 75-90% | T2=Coin flip fav | T6=Coin flip dog
[2026-05-25 21:45:35]          T3=CBB B dog 50-55% | T4=NBA 50/50
[2026-05-25 21:45:35]          T7=60%+ fav (DOTA2/EPL/MLB)
[2026-05-25 21:45:35] =================================================================
[2026-05-25 21:45:35] 
[2026-05-25 21:45:35] =================================================================
[2026-05-25 21:45:35]   SCANNING — HYBRID 5-TIER STRATEGY
[2026-05-25 21:45:35] =================================================================
[2026-05-25 21:45:35]   Balance: $178.13 | Buying Power: $178.13
[2026-05-25 21:45:35]   Bet size: $5.34 (3% proven) / $3.56 (2% new leagues)
[2026-05-25 21:45:35] 
[2026-05-25 21:45:35]   WARNING: Could not fetch positions: 404 Client Error: Not Found for url: https://api.polymarket.us/v1/positions?limit=200
[2026-05-25 21:45:35]   WARNING: Could not fetch open orders: 501 Server Error: Not Implemented for url: https://api.polymarket.us/v1/orders?status=live&limit=200
[2026-05-25 21:45:35]   Scanning NBA...
[2026-05-25 21:45:36]     Found 7 events
[2026-05-25 21:45:36]   Scanning CBB...
[2026-05-25 21:45:36]     Found 0 events
[2026-05-25 21:45:36]   Scanning NHL...
[2026-05-25 21:45:36]     Found 4 events
[2026-05-25 21:45:36] 
[2026-05-25 21:45:36]   Total qualifying markets: 0
[2026-05-25 21:45:36]   New (not yet bet): 0
[2026-05-25 21:45:36] 
[2026-05-25 21:45:36]   No new qualifying markets found.
[2026-05-25 22:00:43] =================================================================
[2026-05-25 22:00:43]   POLYMARKET — MULTI-TIER BOT
[2026-05-25 22:00:43]   Mode: LIVE | Sizing: 3% of bankroll
[2026-05-25 22:00:43]   Leagues: NBA, CBB, NHL
[2026-05-25 22:00:43]   Bet window: 2h before game start
[2026-05-25 22:00:43]   Sizing: 3% (NBA/CBB) | 2% (NHL/MLB/EPL/DOTA2)
[2026-05-25 22:00:43]   Tiers: T1=B fav 75-90% | T2=Coin flip fav | T6=Coin flip dog
[2026-05-25 22:00:43]          T3=CBB B dog 50-55% | T4=NBA 50/50
[2026-05-25 22:00:43]          T7=60%+ fav (DOTA2/EPL/MLB)
[2026-05-25 22:00:43] =================================================================
[2026-05-25 22:00:43] 
[2026-05-25 22:00:43] =================================================================
[2026-05-25 22:00:43]   SCANNING — HYBRID 5-TIER STRATEGY
[2026-05-25 22:00:43] =================================================================
[2026-05-25 22:00:43]   Balance: $178.13 | Buying Power: $178.13
[2026-05-25 22:00:43]   Bet size: $5.34 (3% proven) / $3.56 (2% new leagues)
[2026-05-25 22:00:43] 
[2026-05-25 22:00:43]   WARNING: Could not fetch positions: 404 Client Error: Not Found for url: https://api.polymarket.us/v1/positions?limit=200
[2026-05-25 22:00:43]   WARNING: Could not fetch open orders: 501 Server Error: Not Implemented for url: https://api.polymarket.us/v1/orders?status=live&limit=200
[2026-05-25 22:00:43]   Scanning NBA...
[2026-05-25 22:00:44]     Found 7 events
[2026-05-25 22:00:44]     [SIGNAL] T2: Coin flip fav    | New York vs. Cleveland              | Cavaliers       @55.0%
[2026-05-25 22:00:44]   Scanning CBB...
[2026-05-25 22:00:44]     Found 0 events
[2026-05-25 22:00:44]   Scanning NHL...
[2026-05-25 22:00:44]     Found 4 events
[2026-05-25 22:00:44]     [SIGNAL] T2: Coin flip dog    | Carolina Hurricanes vs. Montreal Ca | Hurricanes      @56.0%
[2026-05-25 22:00:44] 
[2026-05-25 22:00:44]   Total qualifying markets: 2
[2026-05-25 22:00:44]     T2: Coin flip fav: 1
[2026-05-25 22:00:44]     T2: Coin flip dog: 1
[2026-05-25 22:00:44]   New (not yet bet): 2
[2026-05-25 22:00:44] 
[2026-05-25 22:00:44]   PLACING BETS:
[2026-05-25 22:00:44]   -----------------------------------------------------------------
[2026-05-25 22:00:44]     [T2: Coin flip fav] Betting $5.34 (3%) on Cavaliers @ 55.0% | NBA New York vs. Cleveland
[2026-05-25 22:00:44]     Previewing order: 9 shares @ $0.55 = $5.34 (NO)
[2026-05-25 22:00:44]     Preview OK: {"order": {"id": "", "marketSlug": "aec-nba-ny-cle-2026-05-25", "side": "ORDER_SIDE_SELL", "type": "ORDER_TYPE_LIMIT", "price": {"value": "0.45", "currency": "USD"}, "quantity": 9, "cumQuantity": 0, "
[2026-05-25 22:00:45]     Order result: {"id": "A85BR6NV21CR", "executions": []}
[2026-05-25 22:00:45]     BET PLACED on Cavaliers
[2026-05-25 22:00:45]     [T2: Coin flip dog] Betting $3.56 (2%) on Hurricanes @ 44.0% | NHL Carolina Hurricanes vs. Montre
[2026-05-25 22:00:45]     Previewing order: 8 shares @ $0.44 = $3.56 (YES)
[2026-05-25 22:00:45]     Preview OK: {"order": {"id": "", "marketSlug": "aec-nhl-car-mon-2026-05-25", "side": "ORDER_SIDE_BUY", "type": "ORDER_TYPE_LIMIT", "price": {"value": "0.44", "currency": "USD"}, "quantity": 8, "cumQuantity": 0, "
[2026-05-25 22:00:46]     Order result: {"id": "A85A03X5P1E5", "executions": []}
[2026-05-25 22:00:46]     BET PLACED on Hurricanes
[2026-05-25 22:00:46] 
  Updated Balance: $178.13 | Buying Power: $178.13
[2026-05-25 23:40:25] =================================================================
[2026-05-25 23:40:25]   POLYMARKET — MULTI-TIER BOT
[2026-05-25 23:40:25]   Mode: LIVE | Sizing: 3% of bankroll
[2026-05-25 23:40:25]   Leagues: NBA, CBB, NHL
[2026-05-25 23:40:25]   Bet window: 2h before game start
[2026-05-25 23:40:25]   Sizing: 3% (NBA/CBB) | 2% (NHL/MLB/EPL/DOTA2)
[2026-05-25 23:40:25]   Tiers: T1=B fav 75-90% | T2=Coin flip fav | T6=Coin flip dog
[2026-05-25 23:40:25]          T3=CBB B dog 50-55% | T4=NBA 50/50
[2026-05-25 23:40:25]          T7=60%+ fav (DOTA2/EPL/MLB)
[2026-05-25 23:40:25] =================================================================
[2026-05-25 23:40:25] 
[2026-05-25 23:40:25] =================================================================
[2026-05-25 23:40:25]   SCANNING — HYBRID 5-TIER STRATEGY
[2026-05-25 23:40:25] =================================================================
[2026-05-25 23:40:25]   Balance: $182.88 | Buying Power: $173.88
[2026-05-25 23:40:25]   Bet size: $5.22 (3% proven) / $3.48 (2% new leagues)
[2026-05-25 23:40:25] 
[2026-05-25 23:40:25]   WARNING: Could not fetch positions: 404 Client Error: Not Found for url: https://api.polymarket.us/v1/positions?limit=200
[2026-05-25 23:40:25]   WARNING: Could not fetch open orders: 501 Server Error: Not Implemented for url: https://api.polymarket.us/v1/orders?status=live&limit=200
[2026-05-25 23:40:25]   Scanning NBA...
[2026-05-25 23:40:25]     Found 7 events
[2026-05-25 23:40:25]     [DONE] T2: Coin flip fav    | New York vs. Cleveland              | Cavaliers       @54.0%
[2026-05-25 23:40:25]   Scanning CBB...
[2026-05-25 23:40:25]     Found 0 events
[2026-05-25 23:40:25]   Scanning NHL...
[2026-05-25 23:40:25]     Found 4 events
[2026-05-25 23:40:25]     [DONE] T2: Coin flip dog    | Carolina Hurricanes vs. Montreal Ca | Hurricanes      @57.0%
[2026-05-25 23:40:26] 
[2026-05-25 23:40:26]   Total qualifying markets: 2
[2026-05-25 23:40:26]     T2: Coin flip fav: 1
[2026-05-25 23:40:26]     T2: Coin flip dog: 1
[2026-05-25 23:40:26]   New (not yet bet): 0
[2026-05-25 23:40:26] 
[2026-05-25 23:40:26]   No new qualifying markets found.
[2026-05-25 23:55:31] =================================================================
[2026-05-25 23:55:31]   POLYMARKET — MULTI-TIER BOT
[2026-05-25 23:55:31]   Mode: LIVE | Sizing: 3% of bankroll
[2026-05-25 23:55:31]   Leagues: NBA, CBB, NHL
[2026-05-25 23:55:31]   Bet window: 2h before game start
[2026-05-25 23:55:31]   Sizing: 3% (NBA/CBB) | 2% (NHL/MLB/EPL/DOTA2)
[2026-05-25 23:55:31]   Tiers: T1=B fav 75-90% | T2=Coin flip fav | T6=Coin flip dog
[2026-05-25 23:55:31]          T3=CBB B dog 50-55% | T4=NBA 50/50
[2026-05-25 23:55:31]          T7=60%+ fav (DOTA2/EPL/MLB)
[2026-05-25 23:55:31] =================================================================
[2026-05-25 23:55:31] 
[2026-05-25 23:55:31] =================================================================
[2026-05-25 23:55:31]   SCANNING — HYBRID 5-TIER STRATEGY
[2026-05-25 23:55:31] =================================================================
[2026-05-25 23:55:32]   Balance: $182.88 | Buying Power: $173.88
[2026-05-25 23:55:32]   Bet size: $5.22 (3% proven) / $3.48 (2% new leagues)
[2026-05-25 23:55:32] 
[2026-05-25 23:55:32]   WARNING: Could not fetch positions: 404 Client Error: Not Found for url: https://api.polymarket.us/v1/positions?limit=200
[2026-05-25 23:55:32]   WARNING: Could not fetch open orders: 501 Server Error: Not Implemented for url: https://api.polymarket.us/v1/orders?status=live&limit=200
[2026-05-25 23:55:32]   Scanning NBA...
[2026-05-25 23:55:32]     Found 7 events
[2026-05-25 23:55:32]     [DONE] T2: Coin flip fav    | New York vs. Cleveland              | Cavaliers       @54.0%
[2026-05-25 23:55:32]   Scanning CBB...
[2026-05-25 23:55:32]     Found 0 events
[2026-05-25 23:55:32]   Scanning NHL...
[2026-05-25 23:55:32]     Found 4 events
[2026-05-25 23:55:32]     [DONE] T2: Coin flip dog    | Carolina Hurricanes vs. Montreal Ca | Hurricanes      @57.0%
[2026-05-25 23:55:32] 
[2026-05-25 23:55:32]   Total qualifying markets: 2
[2026-05-25 23:55:32]     T2: Coin flip fav: 1
[2026-05-25 23:55:32]     T2: Coin flip dog: 1
[2026-05-25 23:55:32]   New (not yet bet): 0
[2026-05-25 23:55:32] 
[2026-05-25 23:55:32]   No new qualifying markets found.
[2026-05-26 02:14:46] =================================================================
[2026-05-26 02:14:46]   POLYMARKET — MULTI-TIER BOT
[2026-05-26 02:14:46]   Mode: LIVE | Sizing: 3% of bankroll
[2026-05-26 02:14:46]   Leagues: NBA, CBB, NHL
[2026-05-26 02:14:46]   Bet window: 2h before game start
[2026-05-26 02:14:46]   Sizing: 3% (NBA/CBB) | 2% (NHL/MLB/EPL/DOTA2)
[2026-05-26 02:14:46]   Tiers: T1=B fav 75-90% | T2=Coin flip fav | T6=Coin flip dog
[2026-05-26 02:14:46]          T3=CBB B dog 50-55% | T4=NBA 50/50
[2026-05-26 02:14:46]          T7=60%+ fav (DOTA2/EPL/MLB)
[2026-05-26 02:14:46] =================================================================
[2026-05-26 02:14:46] 
[2026-05-26 02:14:46] =================================================================
[2026-05-26 02:14:46]   SCANNING — HYBRID 5-TIER STRATEGY
[2026-05-26 02:14:46] =================================================================
[2026-05-26 02:14:46]   Balance: $182.88 | Buying Power: $173.88
[2026-05-26 02:14:46]   Bet size: $5.22 (3% proven) / $3.48 (2% new leagues)
[2026-05-26 02:14:46] 
[2026-05-26 02:14:46]   WARNING: Could not fetch positions: 404 Client Error: Not Found for url: https://api.polymarket.us/v1/positions?limit=200
[2026-05-26 02:14:46]   WARNING: Could not fetch open orders: 501 Server Error: Not Implemented for url: https://api.polymarket.us/v1/orders?status=live&limit=200
[2026-05-26 02:14:46]   Scanning NBA...
[2026-05-26 02:14:47]     Found 7 events
[2026-05-26 02:14:47]   Scanning CBB...
[2026-05-26 02:14:47]     Found 0 events
[2026-05-26 02:14:47]   Scanning NHL...
[2026-05-26 02:14:47]     Found 4 events
[2026-05-26 02:14:47] 
[2026-05-26 02:14:47]   Total qualifying markets: 0
[2026-05-26 02:14:47]   New (not yet bet): 0
[2026-05-26 02:14:47] 
[2026-05-26 02:14:47]   No new qualifying markets found.
[2026-05-26 04:44:59] =================================================================
[2026-05-26 04:44:59]   POLYMARKET — MULTI-TIER BOT
[2026-05-26 04:44:59]   Mode: LIVE | Sizing: 3% of bankroll
[2026-05-26 04:44:59]   Leagues: NBA, CBB, NHL
[2026-05-26 04:44:59]   Bet window: 2h before game start
[2026-05-26 04:44:59]   Sizing: 3% (NBA/CBB) | 2% (NHL/MLB/EPL/DOTA2)
[2026-05-26 04:44:59]   Tiers: T1=B fav 75-90% | T2=Coin flip fav | T6=Coin flip dog
[2026-05-26 04:44:59]          T3=CBB B dog 50-55% | T4=NBA 50/50
[2026-05-26 04:44:59]          T7=60%+ fav (DOTA2/EPL/MLB)
[2026-05-26 04:44:59] =================================================================
[2026-05-26 04:44:59] 
[2026-05-26 04:44:59] =================================================================
[2026-05-26 04:44:59]   SCANNING — HYBRID 5-TIER STRATEGY
[2026-05-26 04:44:59] =================================================================
[2026-05-26 04:44:59]   Balance: $173.88 | Buying Power: $173.88
[2026-05-26 04:44:59]   Bet size: $5.22 (3% proven) / $3.48 (2% new leagues)
[2026-05-26 04:44:59] 
[2026-05-26 04:44:59]   WARNING: Could not fetch positions: 404 Client Error: Not Found for url: https://api.polymarket.us/v1/positions?limit=200
[2026-05-26 04:45:00]   WARNING: Could not fetch open orders: 501 Server Error: Not Implemented for url: https://api.polymarket.us/v1/orders?status=live&limit=200
[2026-05-26 04:45:00]   Scanning NBA...
[2026-05-26 04:45:00]     Found 5 events
[2026-05-26 04:45:00]   Scanning CBB...
[2026-05-26 04:45:00]     Found 0 events
[2026-05-26 04:45:00]   Scanning NHL...
[2026-05-26 04:45:00]     Found 3 events
[2026-05-26 04:45:00] 
[2026-05-26 04:45:00]   Total qualifying markets: 0
[2026-05-26 04:45:00]   New (not yet bet): 0
[2026-05-26 04:45:00] 
[2026-05-26 04:45:00]   No new qualifying markets found.
[2026-05-26 06:37:11] =================================================================
[2026-05-26 06:37:11]   POLYMARKET — MULTI-TIER BOT
[2026-05-26 06:37:11]   Mode: LIVE | Sizing: 3% of bankroll
[2026-05-26 06:37:11]   Leagues: NBA, CBB, NHL
[2026-05-26 06:37:11]   Bet window: 2h before game start
[2026-05-26 06:37:11]   Sizing: 3% (NBA/CBB) | 2% (NHL/MLB/EPL/DOTA2)
[2026-05-26 06:37:11]   Tiers: T1=B fav 75-90% | T2=Coin flip fav | T6=Coin flip dog
[2026-05-26 06:37:11]          T3=CBB B dog 50-55% | T4=NBA 50/50
[2026-05-26 06:37:11]          T7=60%+ fav (DOTA2/EPL/MLB)
[2026-05-26 06:37:11] =================================================================
[2026-05-26 06:37:11] 
[2026-05-26 06:37:11] =================================================================
[2026-05-26 06:37:11]   SCANNING — HYBRID 5-TIER STRATEGY
[2026-05-26 06:37:11] =================================================================
[2026-05-26 06:37:12]   Balance: $173.88 | Buying Power: $173.88
[2026-05-26 06:37:12]   Bet size: $5.22 (3% proven) / $3.48 (2% new leagues)
[2026-05-26 06:37:12] 
[2026-05-26 06:37:12]   WARNING: Could not fetch positions: 404 Client Error: Not Found for url: https://api.polymarket.us/v1/positions?limit=200
[2026-05-26 06:37:12]   WARNING: Could not fetch open orders: 501 Server Error: Not Implemented for url: https://api.polymarket.us/v1/orders?status=live&limit=200
[2026-05-26 06:37:12]   Scanning NBA...
[2026-05-26 06:37:12]     Found 4 events
[2026-05-26 06:37:12]   Scanning CBB...
[2026-05-26 06:37:12]     Found 0 events
[2026-05-26 06:37:12]   Scanning NHL...
[2026-05-26 06:37:13]     Found 3 events
[2026-05-26 06:37:13] 
[2026-05-26 06:37:13]   Total qualifying markets: 0
[2026-05-26 06:37:13]   New (not yet bet): 0
[2026-05-26 06:37:13] 
[2026-05-26 06:37:13]   No new qualifying markets found.
[2026-05-26 08:49:21] =================================================================
[2026-05-26 08:49:21]   POLYMARKET — MULTI-TIER BOT
[2026-05-26 08:49:21]   Mode: LIVE | Sizing: 3% of bankroll
[2026-05-26 08:49:21]   Leagues: NBA, CBB, NHL
[2026-05-26 08:49:21]   Bet window: 2h before game start
[2026-05-26 08:49:21]   Sizing: 3% (NBA/CBB) | 2% (NHL/MLB/EPL/DOTA2)
[2026-05-26 08:49:21]   Tiers: T1=B fav 75-90% | T2=Coin flip fav | T6=Coin flip dog
[2026-05-26 08:49:21]          T3=CBB B dog 50-55% | T4=NBA 50/50
[2026-05-26 08:49:21]          T7=60%+ fav (DOTA2/EPL/MLB)
[2026-05-26 08:49:21] =================================================================
[2026-05-26 08:49:21] 
[2026-05-26 08:49:21] =================================================================
[2026-05-26 08:49:21]   SCANNING — HYBRID 5-TIER STRATEGY
[2026-05-26 08:49:21] =================================================================
[2026-05-26 08:49:21]   Balance: $173.88 | Buying Power: $173.88
[2026-05-26 08:49:21]   Bet size: $5.22 (3% proven) / $3.48 (2% new leagues)
[2026-05-26 08:49:21] 
[2026-05-26 08:49:22]   WARNING: Could not fetch positions: 404 Client Error: Not Found for url: https://api.polymarket.us/v1/positions?limit=200
[2026-05-26 08:49:22]   WARNING: Could not fetch open orders: 501 Server Error: Not Implemented for url: https://api.polymarket.us/v1/orders?status=live&limit=200
[2026-05-26 08:49:22]   Scanning NBA...
[2026-05-26 08:49:22]     Found 3 events
[2026-05-26 08:49:22]   Scanning CBB...
[2026-05-26 08:49:22]     Found 0 events
[2026-05-26 08:49:22]   Scanning NHL...
[2026-05-26 08:49:22]     Found 3 events
[2026-05-26 08:49:22] 
[2026-05-26 08:49:22]   Total qualifying markets: 0
[2026-05-26 08:49:22]   New (not yet bet): 0
[2026-05-26 08:49:22] 
[2026-05-26 08:49:22]   No new qualifying markets found.
[2026-05-26 10:40:36] =================================================================
[2026-05-26 10:40:36]   POLYMARKET — MULTI-TIER BOT
[2026-05-26 10:40:36]   Mode: LIVE | Sizing: 3% of bankroll
[2026-05-26 10:40:36]   Leagues: NBA, CBB, NHL
[2026-05-26 10:40:36]   Bet window: 2h before game start
[2026-05-26 10:40:36]   Sizing: 3% (NBA/CBB) | 2% (NHL/MLB/EPL/DOTA2)
[2026-05-26 10:40:36]   Tiers: T1=B fav 75-90% | T2=Coin flip fav | T6=Coin flip dog
[2026-05-26 10:40:36]          T3=CBB B dog 50-55% | T4=NBA 50/50
[2026-05-26 10:40:36]          T7=60%+ fav (DOTA2/EPL/MLB)
[2026-05-26 10:40:36] =================================================================
[2026-05-26 10:40:36] 
[2026-05-26 10:40:36] =================================================================
[2026-05-26 10:40:36]   SCANNING — HYBRID 5-TIER STRATEGY
[2026-05-26 10:40:36] =================================================================
[2026-05-26 10:40:36]   Balance: $173.88 | Buying Power: $173.88
[2026-05-26 10:40:36]   Bet size: $5.22 (3% proven) / $3.48 (2% new leagues)
[2026-05-26 10:40:36] 
[2026-05-26 10:40:36]   WARNING: Could not fetch positions: 404 Client Error: Not Found for url: https://api.polymarket.us/v1/positions?limit=200
[2026-05-26 10:40:36]   WARNING: Could not fetch open orders: 501 Server Error: Not Implemented for url: https://api.polymarket.us/v1/orders?status=live&limit=200
[2026-05-26 10:40:36]   Scanning NBA...
[2026-05-26 10:40:36]     Found 3 events
[2026-05-26 10:40:37]   Scanning CBB...
[2026-05-26 10:40:37]     Found 0 events
[2026-05-26 10:40:37]   Scanning NHL...
[2026-05-26 10:40:37]     Found 3 events
[2026-05-26 10:40:37] 
[2026-05-26 10:40:37]   Total qualifying markets: 0
[2026-05-26 10:40:37]   New (not yet bet): 0
[2026-05-26 10:40:37] 
[2026-05-26 10:40:37]   No new qualifying markets found.
[2026-05-26 13:46:22] =================================================================
[2026-05-26 13:46:22]   POLYMARKET — MULTI-TIER BOT
[2026-05-26 13:46:22]   Mode: LIVE | Sizing: 3% of bankroll
[2026-05-26 13:46:22]   Leagues: NBA, CBB, NHL
[2026-05-26 13:46:22]   Bet window: 2h before game start
[2026-05-26 13:46:22]   Sizing: 3% (NBA/CBB) | 2% (NHL/MLB/EPL/DOTA2)
[2026-05-26 13:46:22]   Tiers: T1=B fav 75-90% | T2=Coin flip fav | T6=Coin flip dog
[2026-05-26 13:46:22]          T3=CBB B dog 50-55% | T4=NBA 50/50
[2026-05-26 13:46:22]          T7=60%+ fav (DOTA2/EPL/MLB)
[2026-05-26 13:46:22] =================================================================
[2026-05-26 13:46:22] 
[2026-05-26 13:46:22] =================================================================
[2026-05-26 13:46:22]   SCANNING — HYBRID 5-TIER STRATEGY
[2026-05-26 13:46:22] =================================================================
[2026-05-26 13:46:22]   Balance: $173.88 | Buying Power: $173.88
[2026-05-26 13:46:22]   Bet size: $5.22 (3% proven) / $3.48 (2% new leagues)
[2026-05-26 13:46:22] 
[2026-05-26 13:46:22]   WARNING: Could not fetch positions: 404 Client Error: Not Found for url: https://api.polymarket.us/v1/positions?limit=200
[2026-05-26 13:46:22]   WARNING: Could not fetch open orders: 501 Server Error: Not Implemented for url: https://api.polymarket.us/v1/orders?status=live&limit=200
[2026-05-26 13:46:22]   Scanning NBA...
[2026-05-26 13:46:23]     Found 3 events
[2026-05-26 13:46:23]   Scanning CBB...
[2026-05-26 13:46:23]     Found 0 events
[2026-05-26 13:46:23]   Scanning NHL...
[2026-05-26 13:46:23]     Found 3 events
[2026-05-26 13:46:23] 
[2026-05-26 13:46:23]   Total qualifying markets: 0
[2026-05-26 13:46:23]   New (not yet bet): 0
[2026-05-26 13:46:23] 
[2026-05-26 13:46:23]   No new qualifying markets found.
[2026-05-26 16:26:01] =================================================================
[2026-05-26 16:26:01]   POLYMARKET — MULTI-TIER BOT
[2026-05-26 16:26:01]   Mode: LIVE | Sizing: 3% of bankroll
[2026-05-26 16:26:01]   Leagues: NBA, CBB, NHL
[2026-05-26 16:26:01]   Bet window: 2h before game start
[2026-05-26 16:26:01]   Sizing: 3% (NBA/CBB) | 2% (NHL/MLB/EPL/DOTA2)
[2026-05-26 16:26:01]   Tiers: T1=B fav 75-90% | T2=Coin flip fav | T6=Coin flip dog
[2026-05-26 16:26:01]          T3=CBB B dog 50-55% | T4=NBA 50/50
[2026-05-26 16:26:01]          T7=60%+ fav (DOTA2/EPL/MLB)
[2026-05-26 16:26:01] =================================================================
[2026-05-26 16:26:01] 
[2026-05-26 16:26:01] =================================================================
[2026-05-26 16:26:01]   SCANNING — HYBRID 5-TIER STRATEGY
[2026-05-26 16:26:01] =================================================================
[2026-05-26 16:26:01]   Balance: $173.88 | Buying Power: $173.88
[2026-05-26 16:26:01]   Bet size: $5.22 (3% proven) / $3.48 (2% new leagues)
[2026-05-26 16:26:01] 
[2026-05-26 16:26:01]   WARNING: Could not fetch positions: 404 Client Error: Not Found for url: https://api.polymarket.us/v1/positions?limit=200
[2026-05-26 16:26:01]   WARNING: Could not fetch open orders: 501 Server Error: Not Implemented for url: https://api.polymarket.us/v1/orders?status=live&limit=200
[2026-05-26 16:26:01]   Scanning NBA...
[2026-05-26 16:26:01]     Found 3 events
[2026-05-26 16:26:01]   Scanning CBB...
[2026-05-26 16:26:01]     Found 0 events
[2026-05-26 16:26:02]   Scanning NHL...
[2026-05-26 16:26:02]     Found 3 events
[2026-05-26 16:26:02] 
[2026-05-26 16:26:02]   Total qualifying markets: 0
[2026-05-26 16:26:02]   New (not yet bet): 0
[2026-05-26 16:26:02] 
[2026-05-26 16:26:02]   No new qualifying markets found.
[2026-05-26 17:19:52] =================================================================
[2026-05-26 17:19:52]   POLYMARKET — MULTI-TIER BOT
[2026-05-26 17:19:52]   Mode: LIVE | Sizing: 3% of bankroll
[2026-05-26 17:19:52]   Leagues: NBA, CBB, NHL
[2026-05-26 17:19:52]   Bet window: 2h before game start
[2026-05-26 17:19:52]   Sizing: 3% (NBA/CBB) | 2% (NHL/MLB/EPL/DOTA2)
[2026-05-26 17:19:52]   Tiers: T1=B fav 75-90% | T2=Coin flip fav | T6=Coin flip dog
[2026-05-26 17:19:52]          T3=CBB B dog 50-55% | T4=NBA 50/50
[2026-05-26 17:19:52]          T7=60%+ fav (DOTA2/EPL/MLB)
[2026-05-26 17:19:52] =================================================================
[2026-05-26 17:19:52] 
[2026-05-26 17:19:52] =================================================================
[2026-05-26 17:19:52]   SCANNING — HYBRID 5-TIER STRATEGY
[2026-05-26 17:19:52] =================================================================
[2026-05-26 17:19:52]   Balance: $173.88 | Buying Power: $173.88
[2026-05-26 17:19:52]   Bet size: $5.22 (3% proven) / $3.48 (2% new leagues)
[2026-05-26 17:19:52] 
[2026-05-26 17:19:52]   WARNING: Could not fetch positions: 404 Client Error: Not Found for url: https://api.polymarket.us/v1/positions?limit=200
[2026-05-26 17:19:52]   WARNING: Could not fetch open orders: 501 Server Error: Not Implemented for url: https://api.polymarket.us/v1/orders?status=live&limit=200
[2026-05-26 17:19:52]   Scanning NBA...
[2026-05-26 17:19:52]     Found 3 events
[2026-05-26 17:19:52]   Scanning CBB...
[2026-05-26 17:19:52]     Found 0 events
[2026-05-26 17:19:53]   Scanning NHL...
[2026-05-26 17:19:53]     Found 3 events
[2026-05-26 17:19:53] 
[2026-05-26 17:19:53]   Total qualifying markets: 0
[2026-05-26 17:19:53]   New (not yet bet): 0
[2026-05-26 17:19:53] 
[2026-05-26 17:19:53]   No new qualifying markets found.
[2026-05-26 19:01:07] =================================================================
[2026-05-26 19:01:07]   POLYMARKET — MULTI-TIER BOT
[2026-05-26 19:01:07]   Mode: LIVE | Sizing: 3% of bankroll
[2026-05-26 19:01:07]   Leagues: NBA, CBB, NHL
[2026-05-26 19:01:07]   Bet window: 2h before game start
[2026-05-26 19:01:07]   Sizing: 3% (NBA/CBB) | 2% (NHL/MLB/EPL/DOTA2)
[2026-05-26 19:01:07]   Tiers: T1=B fav 75-90% | T2=Coin flip fav | T6=Coin flip dog
[2026-05-26 19:01:07]          T3=CBB B dog 50-55% | T4=NBA 50/50
[2026-05-26 19:01:07]          T7=60%+ fav (DOTA2/EPL/MLB)
[2026-05-26 19:01:07] =================================================================
[2026-05-26 19:01:07] 
[2026-05-26 19:01:07] =================================================================
[2026-05-26 19:01:07]   SCANNING — HYBRID 5-TIER STRATEGY
[2026-05-26 19:01:07] =================================================================
[2026-05-26 19:01:08]   Balance: $173.88 | Buying Power: $173.88
[2026-05-26 19:01:08]   Bet size: $5.22 (3% proven) / $3.48 (2% new leagues)
[2026-05-26 19:01:08] 
[2026-05-26 19:01:08]   WARNING: Could not fetch positions: 404 Client Error: Not Found for url: https://api.polymarket.us/v1/positions?limit=200
[2026-05-26 19:01:08]   WARNING: Could not fetch open orders: 501 Server Error: Not Implemented for url: https://api.polymarket.us/v1/orders?status=live&limit=200
[2026-05-26 19:01:08]   Scanning NBA...
[2026-05-26 19:01:08]     Found 3 events
[2026-05-26 19:01:08]   Scanning CBB...
[2026-05-26 19:01:08]     Found 0 events
[2026-05-26 19:01:08]   Scanning NHL...
[2026-05-26 19:01:09]     Found 3 events
[2026-05-26 19:01:09] 
[2026-05-26 19:01:09]   Total qualifying markets: 0
[2026-05-26 19:01:09]   New (not yet bet): 0
[2026-05-26 19:01:09] 
[2026-05-26 19:01:09]   No new qualifying markets found.
[2026-05-26 19:55:00] =================================================================
[2026-05-26 19:55:00]   POLYMARKET — MULTI-TIER BOT
[2026-05-26 19:55:00]   Mode: LIVE | Sizing: 3% of bankroll
[2026-05-26 19:55:00]   Leagues: NBA, CBB, NHL
[2026-05-26 19:55:00]   Bet window: 2h before game start
[2026-05-26 19:55:00]   Sizing: 3% (NBA/CBB) | 2% (NHL/MLB/EPL/DOTA2)
[2026-05-26 19:55:00]   Tiers: T1=B fav 75-90% | T2=Coin flip fav | T6=Coin flip dog
[2026-05-26 19:55:00]          T3=CBB B dog 50-55% | T4=NBA 50/50
[2026-05-26 19:55:00]          T7=60%+ fav (DOTA2/EPL/MLB)
[2026-05-26 19:55:00] =================================================================
[2026-05-26 19:55:00] 
[2026-05-26 19:55:00] =================================================================
[2026-05-26 19:55:00]   SCANNING — HYBRID 5-TIER STRATEGY
[2026-05-26 19:55:00] =================================================================
[2026-05-26 19:55:01]   Balance: $173.88 | Buying Power: $173.88
[2026-05-26 19:55:01]   Bet size: $5.22 (3% proven) / $3.48 (2% new leagues)
[2026-05-26 19:55:01] 
[2026-05-26 19:55:01]   WARNING: Could not fetch positions: 404 Client Error: Not Found for url: https://api.polymarket.us/v1/positions?limit=200
[2026-05-26 19:55:01]   WARNING: Could not fetch open orders: 501 Server Error: Not Implemented for url: https://api.polymarket.us/v1/orders?status=live&limit=200
[2026-05-26 19:55:01]   Scanning NBA...
[2026-05-26 19:55:01]     Found 3 events
[2026-05-26 19:55:01]   Scanning CBB...
[2026-05-26 19:55:01]     Found 0 events
[2026-05-26 19:55:01]   Scanning NHL...
[2026-05-26 19:55:01]     Found 3 events
[2026-05-26 19:55:01] 
[2026-05-26 19:55:01]   Total qualifying markets: 0
[2026-05-26 19:55:01]   New (not yet bet): 0
[2026-05-26 19:55:01] 
[2026-05-26 19:55:01]   No new qualifying markets found.
[2026-05-26 21:10:54] =================================================================
[2026-05-26 21:10:54]   POLYMARKET — MULTI-TIER BOT
[2026-05-26 21:10:54]   Mode: LIVE | Sizing: 3% of bankroll
[2026-05-26 21:10:54]   Leagues: NBA, CBB, NHL
[2026-05-26 21:10:54]   Bet window: 2h before game start
[2026-05-26 21:10:54]   Sizing: 3% (NBA/CBB) | 2% (NHL/MLB/EPL/DOTA2)
[2026-05-26 21:10:54]   Tiers: T1=B fav 75-90% | T2=Coin flip fav | T6=Coin flip dog
[2026-05-26 21:10:54]          T3=CBB B dog 50-55% | T4=NBA 50/50
[2026-05-26 21:10:54]          T7=60%+ fav (DOTA2/EPL/MLB)
[2026-05-26 21:10:54] =================================================================
[2026-05-26 21:10:54] 
[2026-05-26 21:10:54] =================================================================
[2026-05-26 21:10:54]   SCANNING — HYBRID 5-TIER STRATEGY
[2026-05-26 21:10:54] =================================================================
[2026-05-26 21:10:54]   Balance: $173.88 | Buying Power: $173.88
[2026-05-26 21:10:54]   Bet size: $5.22 (3% proven) / $3.48 (2% new leagues)
[2026-05-26 21:10:54] 
[2026-05-26 21:10:54]   WARNING: Could not fetch positions: 404 Client Error: Not Found for url: https://api.polymarket.us/v1/positions?limit=200
[2026-05-26 21:10:55]   WARNING: Could not fetch open orders: 501 Server Error: Not Implemented for url: https://api.polymarket.us/v1/orders?status=live&limit=200
[2026-05-26 21:10:55]   Scanning NBA...
[2026-05-26 21:10:55]     Found 3 events
[2026-05-26 21:10:55]   Scanning CBB...
[2026-05-26 21:10:55]     Found 0 events
[2026-05-26 21:10:55]   Scanning NHL...
[2026-05-26 21:10:55]     Found 3 events
[2026-05-26 21:10:55] 
[2026-05-26 21:10:55]   Total qualifying markets: 0
[2026-05-26 21:10:55]   New (not yet bet): 0
[2026-05-26 21:10:55] 
[2026-05-26 21:10:55]   No new qualifying markets found.
[2026-05-26 21:27:52] =================================================================
[2026-05-26 21:27:52]   POLYMARKET — MULTI-TIER BOT
[2026-05-26 21:27:52]   Mode: LIVE | Sizing: 3% of bankroll
[2026-05-26 21:27:52]   Leagues: NBA, CBB, NHL
[2026-05-26 21:27:52]   Bet window: 2h before game start
[2026-05-26 21:27:52]   Sizing: 3% (NBA/CBB) | 2% (NHL/MLB/EPL/DOTA2)
[2026-05-26 21:27:52]   Tiers: T1=B fav 75-90% | T2=Coin flip fav | T6=Coin flip dog
[2026-05-26 21:27:52]          T3=CBB B dog 50-55% | T4=NBA 50/50
[2026-05-26 21:27:52]          T7=60%+ fav (DOTA2/EPL/MLB)
[2026-05-26 21:27:52] =================================================================
[2026-05-26 21:27:52] 
[2026-05-26 21:27:52] =================================================================
[2026-05-26 21:27:52]   SCANNING — HYBRID 5-TIER STRATEGY
[2026-05-26 21:27:52] =================================================================
[2026-05-26 21:27:53]   Balance: $173.88 | Buying Power: $173.88
[2026-05-26 21:27:53]   Bet size: $5.22 (3% proven) / $3.48 (2% new leagues)
[2026-05-26 21:27:53] 
[2026-05-26 21:27:53]   WARNING: Could not fetch positions: 404 Client Error: Not Found for url: https://api.polymarket.us/v1/positions?limit=200
[2026-05-26 21:27:53]   WARNING: Could not fetch open orders: 501 Server Error: Not Implemented for url: https://api.polymarket.us/v1/orders?status=live&limit=200
[2026-05-26 21:27:53]   Scanning NBA...
[2026-05-26 21:27:53]     Found 3 events
[2026-05-26 21:27:53]   Scanning CBB...
[2026-05-26 21:27:53]     Found 0 events
[2026-05-26 21:27:53]   Scanning NHL...
[2026-05-26 21:27:53]     Found 3 events
[2026-05-26 21:27:53] 
[2026-05-26 21:27:53]   Total qualifying markets: 0
[2026-05-26 21:27:53]   New (not yet bet): 0
[2026-05-26 21:27:53] 
[2026-05-26 21:27:53]   No new qualifying markets found.
[2026-05-26 22:49:29] =================================================================
[2026-05-26 22:49:29]   POLYMARKET — MULTI-TIER BOT
[2026-05-26 22:49:29]   Mode: LIVE | Sizing: 3% of bankroll
[2026-05-26 22:49:29]   Leagues: NBA, CBB, NHL
[2026-05-26 22:49:29]   Bet window: 2h before game start
[2026-05-26 22:49:29]   Sizing: 3% (NBA/CBB) | 2% (NHL/MLB/EPL/DOTA2)
[2026-05-26 22:49:29]   Tiers: T1=B fav 75-90% | T2=Coin flip fav | T6=Coin flip dog
[2026-05-26 22:49:29]          T3=CBB B dog 50-55% | T4=NBA 50/50
[2026-05-26 22:49:29]          T7=60%+ fav (DOTA2/EPL/MLB)
[2026-05-26 22:49:29] =================================================================
[2026-05-26 22:49:29] 
[2026-05-26 22:49:29] =================================================================
[2026-05-26 22:49:29]   SCANNING — HYBRID 5-TIER STRATEGY
[2026-05-26 22:49:29] =================================================================
[2026-05-26 22:49:29]   Balance: $173.88 | Buying Power: $173.88
[2026-05-26 22:49:29]   Bet size: $5.22 (3% proven) / $3.48 (2% new leagues)
[2026-05-26 22:49:29] 
[2026-05-26 22:49:29]   WARNING: Could not fetch positions: 404 Client Error: Not Found for url: https://api.polymarket.us/v1/positions?limit=200
[2026-05-26 22:49:29]   WARNING: Could not fetch open orders: 501 Server Error: Not Implemented for url: https://api.polymarket.us/v1/orders?status=live&limit=200
[2026-05-26 22:49:29]   Scanning NBA...
[2026-05-26 22:49:29]     Found 3 events
[2026-05-26 22:49:29]     [SIGNAL] T4: NBA 50/50        | San Antonio vs. Oklahoma City       | Thunder         @41.0%
[2026-05-26 22:49:29]   Scanning CBB...
[2026-05-26 22:49:29]     Found 0 events
[2026-05-26 22:49:30]   Scanning NHL...
[2026-05-26 22:49:30]     Found 3 events
[2026-05-26 22:49:30] 
[2026-05-26 22:49:30]   Total qualifying markets: 1
[2026-05-26 22:49:30]     T4: NBA 50/50: 1
[2026-05-26 22:49:30]   New (not yet bet): 1
[2026-05-26 22:49:30] 
[2026-05-26 22:49:30]   PLACING BETS:
[2026-05-26 22:49:30]   -----------------------------------------------------------------
[2026-05-26 22:49:30]     SKIP Thunder — price moved out of tier range
[2026-05-26 22:49:30] 
  Updated Balance: $173.88 | Buying Power: $173.88
[2026-05-26 23:00:47] =================================================================
[2026-05-26 23:00:47]   POLYMARKET — MULTI-TIER BOT
[2026-05-26 23:00:47]   Mode: LIVE | Sizing: 3% of bankroll
[2026-05-26 23:00:47]   Leagues: NBA, CBB, NHL
[2026-05-26 23:00:47]   Bet window: 2h before game start
[2026-05-26 23:00:47]   Sizing: 3% (NBA/CBB) | 2% (NHL/MLB/EPL/DOTA2)
[2026-05-26 23:00:47]   Tiers: T1=B fav 75-90% | T2=Coin flip fav | T6=Coin flip dog
[2026-05-26 23:00:47]          T3=CBB B dog 50-55% | T4=NBA 50/50
[2026-05-26 23:00:47]          T7=60%+ fav (DOTA2/EPL/MLB)
[2026-05-26 23:00:47] =================================================================
[2026-05-26 23:00:47] 
[2026-05-26 23:00:47] =================================================================
[2026-05-26 23:00:47]   SCANNING — HYBRID 5-TIER STRATEGY
[2026-05-26 23:00:47] =================================================================
[2026-05-26 23:00:47]   Balance: $173.88 | Buying Power: $173.88
[2026-05-26 23:00:47]   Bet size: $5.22 (3% proven) / $3.48 (2% new leagues)
[2026-05-26 23:00:47] 
[2026-05-26 23:00:47]   WARNING: Could not fetch positions: 404 Client Error: Not Found for url: https://api.polymarket.us/v1/positions?limit=200
[2026-05-26 23:00:47]   WARNING: Could not fetch open orders: 501 Server Error: Not Implemented for url: https://api.polymarket.us/v1/orders?status=live&limit=200
[2026-05-26 23:00:47]   Scanning NBA...
[2026-05-26 23:00:47]     Found 3 events
[2026-05-26 23:00:47]     [SIGNAL] T4: NBA 50/50        | San Antonio vs. Oklahoma City       | Thunder         @41.0%
[2026-05-26 23:00:48]   Scanning CBB...
[2026-05-26 23:00:48]     Found 0 events
[2026-05-26 23:00:48]   Scanning NHL...
[2026-05-26 23:00:48]     Found 3 events
[2026-05-26 23:00:48]     [SIGNAL] T2: Coin flip dog    | Colorado Avalanche vs. Vegas Golden | Avalanche       @50.0%
[2026-05-26 23:00:48] 
[2026-05-26 23:00:48]   Total qualifying markets: 2
[2026-05-26 23:00:48]     T4: NBA 50/50: 1
[2026-05-26 23:00:48]     T2: Coin flip dog: 1
[2026-05-26 23:00:48]   New (not yet bet): 2
[2026-05-26 23:00:48] 
[2026-05-26 23:00:48]   PLACING BETS:
[2026-05-26 23:00:48]   -----------------------------------------------------------------
[2026-05-26 23:00:48]     SKIP Thunder — price moved out of tier range
[2026-05-26 23:00:48]     [T2: Coin flip dog] Betting $3.48 (2%) on Avalanche @ 50.0% | NHL Colorado Avalanche vs. Vegas G
[2026-05-26 23:00:48]     Previewing order: 6 shares @ $0.50 = $3.48 (YES)
[2026-05-26 23:00:48]     Preview OK: {"order": {"id": "", "marketSlug": "aec-nhl-col-veg-2026-05-26", "side": "ORDER_SIDE_BUY", "type": "ORDER_TYPE_LIMIT", "price": {"value": "0.5", "currency": "USD"}, "quantity": 6, "cumQuantity": 0, "l
[2026-05-26 23:00:49]     Order result: {"id": "A8TXFAKBT1D9", "executions": []}
[2026-05-26 23:00:49]     BET PLACED on Avalanche
[2026-05-26 23:00:49] 
  Updated Balance: $173.88 | Buying Power: $173.88
[2026-05-27 01:34:31] =================================================================
[2026-05-27 01:34:31]   POLYMARKET — MULTI-TIER BOT
[2026-05-27 01:34:31]   Mode: LIVE | Sizing: 3% of bankroll
[2026-05-27 01:34:31]   Leagues: NBA, CBB, NHL
[2026-05-27 01:34:31]   Bet window: 2h before game start
[2026-05-27 01:34:31]   Sizing: 3% (NBA/CBB) | 2% (NHL/MLB/EPL/DOTA2)
[2026-05-27 01:34:31]   Tiers: T1=B fav 75-90% | T2=Coin flip fav | T6=Coin flip dog
[2026-05-27 01:34:31]          T3=CBB B dog 50-55% | T4=NBA 50/50
[2026-05-27 01:34:31]          T7=60%+ fav (DOTA2/EPL/MLB)
[2026-05-27 01:34:31] =================================================================
[2026-05-27 01:34:31] 
[2026-05-27 01:34:31] =================================================================
[2026-05-27 01:34:31]   SCANNING — HYBRID 5-TIER STRATEGY
[2026-05-27 01:34:31] =================================================================
[2026-05-27 01:34:32]   Balance: $173.88 | Buying Power: $173.88
[2026-05-27 01:34:32]   Bet size: $5.22 (3% proven) / $3.48 (2% new leagues)
[2026-05-27 01:34:32] 
[2026-05-27 01:34:32]   WARNING: Could not fetch positions: 404 Client Error: Not Found for url: https://api.polymarket.us/v1/positions?limit=200
[2026-05-27 01:34:32]   WARNING: Could not fetch open orders: 501 Server Error: Not Implemented for url: https://api.polymarket.us/v1/orders?status=live&limit=200
[2026-05-27 01:34:32]   Scanning NBA...
[2026-05-27 01:34:32]     Found 3 events
[2026-05-27 01:34:32]   Scanning CBB...
[2026-05-27 01:34:32]     Found 0 events
[2026-05-27 01:34:32]   Scanning NHL...
[2026-05-27 01:34:32]     Found 3 events
[2026-05-27 01:34:32] 
[2026-05-27 01:34:32]   Total qualifying markets: 0
[2026-05-27 01:34:32]   New (not yet bet): 0
[2026-05-27 01:34:32] 
[2026-05-27 01:34:32]   No new qualifying markets found.
[2026-05-27 02:28:36] =================================================================
[2026-05-27 02:28:36]   POLYMARKET — MULTI-TIER BOT
[2026-05-27 02:28:36]   Mode: LIVE | Sizing: 3% of bankroll
[2026-05-27 02:28:36]   Leagues: NBA, CBB, NHL
[2026-05-27 02:28:36]   Bet window: 2h before game start
[2026-05-27 02:28:36]   Sizing: 3% (NBA/CBB) | 2% (NHL/MLB/EPL/DOTA2)
[2026-05-27 02:28:36]   Tiers: T1=B fav 75-90% | T2=Coin flip fav | T6=Coin flip dog
[2026-05-27 02:28:36]          T3=CBB B dog 50-55% | T4=NBA 50/50
[2026-05-27 02:28:36]          T7=60%+ fav (DOTA2/EPL/MLB)
[2026-05-27 02:28:36] =================================================================
[2026-05-27 02:28:36] 
[2026-05-27 02:28:36] =================================================================
[2026-05-27 02:28:36]   SCANNING — HYBRID 5-TIER STRATEGY
[2026-05-27 02:28:36] =================================================================
[2026-05-27 02:28:36]   Balance: $173.88 | Buying Power: $173.88
[2026-05-27 02:28:36]   Bet size: $5.22 (3% proven) / $3.48 (2% new leagues)
[2026-05-27 02:28:36] 
[2026-05-27 02:28:36]   WARNING: Could not fetch positions: 404 Client Error: Not Found for url: https://api.polymarket.us/v1/positions?limit=200
[2026-05-27 02:28:36]   WARNING: Could not fetch open orders: 501 Server Error: Not Implemented for url: https://api.polymarket.us/v1/orders?status=live&limit=200
[2026-05-27 02:28:36]   Scanning NBA...
[2026-05-27 02:28:36]     Found 3 events
[2026-05-27 02:28:36]   Scanning CBB...
[2026-05-27 02:28:36]     Found 0 events
[2026-05-27 02:28:36]   Scanning NHL...
[2026-05-27 02:28:36]     Found 3 events
[2026-05-27 02:28:36] 
[2026-05-27 02:28:36]   Total qualifying markets: 0
[2026-05-27 02:28:36]   New (not yet bet): 0
[2026-05-27 02:28:36] 
[2026-05-27 02:28:36]   No new qualifying markets found.
[2026-05-27 06:45:44] =================================================================
[2026-05-27 06:45:44]   POLYMARKET — MULTI-TIER BOT
[2026-05-27 06:45:44]   Mode: LIVE | Sizing: 3% of bankroll
[2026-05-27 06:45:44]   Leagues: NBA, CBB, NHL
[2026-05-27 06:45:44]   Bet window: 2h before game start
[2026-05-27 06:45:44]   Sizing: 3% (NBA/CBB) | 2% (NHL/MLB/EPL/DOTA2)
[2026-05-27 06:45:44]   Tiers: T1=B fav 75-90% | T2=Coin flip fav | T6=Coin flip dog
[2026-05-27 06:45:44]          T3=CBB B dog 50-55% | T4=NBA 50/50
[2026-05-27 06:45:44]          T7=60%+ fav (DOTA2/EPL/MLB)
[2026-05-27 06:45:44] =================================================================
[2026-05-27 06:45:44] 
[2026-05-27 06:45:44] =================================================================
[2026-05-27 06:45:44]   SCANNING — HYBRID 5-TIER STRATEGY
[2026-05-27 06:45:44] =================================================================
[2026-05-27 06:45:44]   Balance: $173.88 | Buying Power: $173.88
[2026-05-27 06:45:44]   Bet size: $5.22 (3% proven) / $3.48 (2% new leagues)
[2026-05-27 06:45:44] 
[2026-05-27 06:45:44]   WARNING: Could not fetch positions: 404 Client Error: Not Found for url: https://api.polymarket.us/v1/positions?limit=200
[2026-05-27 06:45:45]   WARNING: Could not fetch open orders: 501 Server Error: Not Implemented for url: https://api.polymarket.us/v1/orders?status=live&limit=200
[2026-05-27 06:45:45]   Scanning NBA...
[2026-05-27 06:45:45]     Found 2 events
[2026-05-27 06:45:45]   Scanning CBB...
[2026-05-27 06:45:45]     Found 0 events
[2026-05-27 06:45:45]   Scanning NHL...
[2026-05-27 06:45:45]     Found 2 events
[2026-05-27 06:45:45] 
[2026-05-27 06:45:45]   Total qualifying markets: 0
[2026-05-27 06:45:45]   New (not yet bet): 0
[2026-05-27 06:45:45] 
[2026-05-27 06:45:45]   No new qualifying markets found.
[2026-05-27 06:53:55] =================================================================
[2026-05-27 06:53:55]   POLYMARKET — MULTI-TIER BOT
[2026-05-27 06:53:55]   Mode: LIVE | Sizing: 3% of bankroll
[2026-05-27 06:53:55]   Leagues: NBA, CBB, NHL
[2026-05-27 06:53:55]   Bet window: 2h before game start
[2026-05-27 06:53:55]   Sizing: 3% (NBA/CBB) | 2% (NHL/MLB/EPL/DOTA2)
[2026-05-27 06:53:55]   Tiers: T1=B fav 75-90% | T2=Coin flip fav | T6=Coin flip dog
[2026-05-27 06:53:55]          T3=CBB B dog 50-55% | T4=NBA 50/50
[2026-05-27 06:53:55]          T7=60%+ fav (DOTA2/EPL/MLB)
[2026-05-27 06:53:55] =================================================================
[2026-05-27 06:53:55] 
[2026-05-27 06:53:55] =================================================================
[2026-05-27 06:53:55]   SCANNING — HYBRID 5-TIER STRATEGY
[2026-05-27 06:53:55] =================================================================
[2026-05-27 06:53:55]   Balance: $173.88 | Buying Power: $173.88
[2026-05-27 06:53:55]   Bet size: $5.22 (3% proven) / $3.48 (2% new leagues)
[2026-05-27 06:53:55] 
[2026-05-27 06:53:55]   WARNING: Could not fetch positions: 404 Client Error: Not Found for url: https://api.polymarket.us/v1/positions?limit=200
[2026-05-27 06:53:55]   WARNING: Could not fetch open orders: 501 Server Error: Not Implemented for url: https://api.polymarket.us/v1/orders?status=live&limit=200
[2026-05-27 06:53:55]   Scanning NBA...
[2026-05-27 06:53:55]     Found 2 events
[2026-05-27 06:53:55]   Scanning CBB...
[2026-05-27 06:53:55]     Found 0 events
[2026-05-27 06:53:56]   Scanning NHL...
[2026-05-27 06:53:56]     Found 2 events
[2026-05-27 06:53:56] 
[2026-05-27 06:53:56]   Total qualifying markets: 0
[2026-05-27 06:53:56]   New (not yet bet): 0
[2026-05-27 06:53:56] 
[2026-05-27 06:53:56]   No new qualifying markets found.
[2026-05-27 10:46:46] =================================================================
[2026-05-27 10:46:46]   POLYMARKET — MULTI-TIER BOT
[2026-05-27 10:46:46]   Mode: LIVE | Sizing: 3% of bankroll
[2026-05-27 10:46:46]   Leagues: NBA, CBB, NHL
[2026-05-27 10:46:46]   Bet window: 2h before game start
[2026-05-27 10:46:46]   Sizing: 3% (NBA/CBB) | 2% (NHL/MLB/EPL/DOTA2)
[2026-05-27 10:46:46]   Tiers: T1=B fav 75-90% | T2=Coin flip fav | T6=Coin flip dog
[2026-05-27 10:46:46]          T3=CBB B dog 50-55% | T4=NBA 50/50
[2026-05-27 10:46:46]          T7=60%+ fav (DOTA2/EPL/MLB)
[2026-05-27 10:46:46] =================================================================
[2026-05-27 10:46:46] 
[2026-05-27 10:46:46] =================================================================
[2026-05-27 10:46:46]   SCANNING — HYBRID 5-TIER STRATEGY
[2026-05-27 10:46:46] =================================================================
[2026-05-27 10:46:46]   Balance: $173.88 | Buying Power: $173.88
[2026-05-27 10:46:46]   Bet size: $5.22 (3% proven) / $3.48 (2% new leagues)
[2026-05-27 10:46:46] 
[2026-05-27 10:46:46]   WARNING: Could not fetch positions: 404 Client Error: Not Found for url: https://api.polymarket.us/v1/positions?limit=200
[2026-05-27 10:46:46]   WARNING: Could not fetch open orders: 501 Server Error: Not Implemented for url: https://api.polymarket.us/v1/orders?status=live&limit=200
[2026-05-27 10:46:46]   Scanning NBA...
[2026-05-27 10:46:46]     Found 2 events
[2026-05-27 10:46:46]   Scanning CBB...
[2026-05-27 10:46:46]     Found 0 events
[2026-05-27 10:46:47]   Scanning NHL...
[2026-05-27 10:46:47]     Found 2 events
[2026-05-27 10:46:47] 
[2026-05-27 10:46:47]   Total qualifying markets: 0
[2026-05-27 10:46:47]   New (not yet bet): 0
[2026-05-27 10:46:47] 
[2026-05-27 10:46:47]   No new qualifying markets found.
[2026-05-27 11:04:11] =================================================================
[2026-05-27 11:04:11]   POLYMARKET — MULTI-TIER BOT
[2026-05-27 11:04:11]   Mode: LIVE | Sizing: 3% of bankroll
[2026-05-27 11:04:11]   Leagues: NBA, CBB, NHL
[2026-05-27 11:04:11]   Bet window: 2h before game start
[2026-05-27 11:04:11]   Sizing: 3% (NBA/CBB) | 2% (NHL/MLB/EPL/DOTA2)
[2026-05-27 11:04:11]   Tiers: T1=B fav 75-90% | T2=Coin flip fav | T6=Coin flip dog
[2026-05-27 11:04:11]          T3=CBB B dog 50-55% | T4=NBA 50/50
[2026-05-27 11:04:11]          T7=60%+ fav (DOTA2/EPL/MLB)
[2026-05-27 11:04:11] =================================================================
[2026-05-27 11:04:11] 
[2026-05-27 11:04:11] =================================================================
[2026-05-27 11:04:11]   SCANNING — HYBRID 5-TIER STRATEGY
[2026-05-27 11:04:11] =================================================================
[2026-05-27 11:04:11]   Balance: $173.88 | Buying Power: $173.88
[2026-05-27 11:04:11]   Bet size: $5.22 (3% proven) / $3.48 (2% new leagues)
[2026-05-27 11:04:11] 
[2026-05-27 11:04:11]   WARNING: Could not fetch positions: 404 Client Error: Not Found for url: https://api.polymarket.us/v1/positions?limit=200
[2026-05-27 11:04:11]   WARNING: Could not fetch open orders: 501 Server Error: Not Implemented for url: https://api.polymarket.us/v1/orders?status=live&limit=200
[2026-05-27 11:04:11]   Scanning NBA...
[2026-05-27 11:04:11]     Found 2 events
[2026-05-27 11:04:11]   Scanning CBB...
[2026-05-27 11:04:11]     Found 0 events
[2026-05-27 11:04:11]   Scanning NHL...
[2026-05-27 11:04:12]     Found 2 events
[2026-05-27 11:04:12] 
[2026-05-27 11:04:12]   Total qualifying markets: 0
[2026-05-27 11:04:12]   New (not yet bet): 0
[2026-05-27 11:04:12] 
[2026-05-27 11:04:12]   No new qualifying markets found.
[2026-05-27 14:18:21] =================================================================
[2026-05-27 14:18:21]   POLYMARKET — MULTI-TIER BOT
[2026-05-27 14:18:21]   Mode: LIVE | Sizing: 3% of bankroll
[2026-05-27 14:18:21]   Leagues: NBA, CBB, NHL
[2026-05-27 14:18:21]   Bet window: 2h before game start
[2026-05-27 14:18:21]   Sizing: 3% (NBA/CBB) | 2% (NHL/MLB/EPL/DOTA2)
[2026-05-27 14:18:21]   Tiers: T1=B fav 75-90% | T2=Coin flip fav | T6=Coin flip dog
[2026-05-27 14:18:21]          T3=CBB B dog 50-55% | T4=NBA 50/50
[2026-05-27 14:18:21]          T7=60%+ fav (DOTA2/EPL/MLB)
[2026-05-27 14:18:21] =================================================================
[2026-05-27 14:18:21] 
[2026-05-27 14:18:21] =================================================================
[2026-05-27 14:18:21]   SCANNING — HYBRID 5-TIER STRATEGY
[2026-05-27 14:18:21] =================================================================
[2026-05-27 14:18:21]   Balance: $173.88 | Buying Power: $173.88
[2026-05-27 14:18:21]   Bet size: $5.22 (3% proven) / $3.48 (2% new leagues)
[2026-05-27 14:18:21] 
[2026-05-27 14:18:22]   WARNING: Could not fetch positions: 404 Client Error: Not Found for url: https://api.polymarket.us/v1/positions?limit=200
[2026-05-27 14:18:22]   WARNING: Could not fetch open orders: 501 Server Error: Not Implemented for url: https://api.polymarket.us/v1/orders?status=live&limit=200
[2026-05-27 14:18:22]   Scanning NBA...
[2026-05-27 14:18:22]     Found 2 events
[2026-05-27 14:18:22]   Scanning CBB...
[2026-05-27 14:18:22]     Found 0 events
[2026-05-27 14:18:22]   Scanning NHL...
[2026-05-27 14:18:23]     Found 2 events
[2026-05-27 14:18:23] 
[2026-05-27 14:18:23]   Total qualifying markets: 0
[2026-05-27 14:18:23]   New (not yet bet): 0
[2026-05-27 14:18:23] 
[2026-05-27 14:18:23]   No new qualifying markets found.
[2026-05-27 14:39:51] =================================================================
[2026-05-27 14:39:51]   POLYMARKET — MULTI-TIER BOT
[2026-05-27 14:39:51]   Mode: LIVE | Sizing: 3% of bankroll
[2026-05-27 14:39:51]   Leagues: NBA, CBB, NHL
[2026-05-27 14:39:51]   Bet window: 2h before game start
[2026-05-27 14:39:51]   Sizing: 3% (NBA/CBB) | 2% (NHL/MLB/EPL/DOTA2)
[2026-05-27 14:39:51]   Tiers: T1=B fav 75-90% | T2=Coin flip fav | T6=Coin flip dog
[2026-05-27 14:39:51]          T3=CBB B dog 50-55% | T4=NBA 50/50
[2026-05-27 14:39:51]          T7=60%+ fav (DOTA2/EPL/MLB)
[2026-05-27 14:39:51] =================================================================
[2026-05-27 14:39:51] 
[2026-05-27 14:39:51] =================================================================
[2026-05-27 14:39:51]   SCANNING — HYBRID 5-TIER STRATEGY
[2026-05-27 14:39:51] =================================================================
[2026-05-27 14:39:51]   Balance: $173.88 | Buying Power: $173.88
[2026-05-27 14:39:51]   Bet size: $5.22 (3% proven) / $3.48 (2% new leagues)
[2026-05-27 14:39:51] 
[2026-05-27 14:39:51]   WARNING: Could not fetch positions: 404 Client Error: Not Found for url: https://api.polymarket.us/v1/positions?limit=200
[2026-05-27 14:39:51]   WARNING: Could not fetch open orders: 501 Server Error: Not Implemented for url: https://api.polymarket.us/v1/orders?status=live&limit=200
[2026-05-27 14:39:51]   Scanning NBA...
[2026-05-27 14:39:51]     Found 2 events
[2026-05-27 14:39:52]   Scanning CBB...
[2026-05-27 14:39:52]     Found 0 events
[2026-05-27 14:39:52]   Scanning NHL...
[2026-05-27 14:39:52]     Found 2 events
[2026-05-27 14:39:52] 
[2026-05-27 14:39:52]   Total qualifying markets: 0
[2026-05-27 14:39:52]   New (not yet bet): 0
[2026-05-27 14:39:52] 
[2026-05-27 14:39:52]   No new qualifying markets found.
[2026-05-29 00:01:41] =================================================================
[2026-05-29 00:01:41]   POLYMARKET — MULTI-TIER BOT
[2026-05-29 00:01:41]   Mode: LIVE | Sizing: 3% of bankroll
[2026-05-29 00:01:41]   Leagues: NBA, CBB, NHL
[2026-05-29 00:01:41]   Bet window: 2h before game start
[2026-05-29 00:01:41]   Sizing: 3% (NBA/CBB) | 2% (NHL/MLB/EPL/DOTA2)
[2026-05-29 00:01:41]   Tiers: T1=B fav 75-90% | T2=Coin flip fav | T6=Coin flip dog
[2026-05-29 00:01:41]          T3=CBB B dog 50-55% | T4=NBA 50/50
[2026-05-29 00:01:41]          T7=60%+ fav (DOTA2/EPL/MLB)
[2026-05-29 00:01:41] =================================================================
[2026-05-29 00:01:41] 
[2026-05-29 00:01:41] =================================================================
[2026-05-29 00:01:41]   SCANNING — HYBRID 5-TIER STRATEGY
[2026-05-29 00:01:41] =================================================================
[2026-05-29 00:01:41]   Balance: $173.88 | Buying Power: $173.88
[2026-05-29 00:01:41]   Bet size: $5.22 (3% proven) / $3.48 (2% new leagues)
[2026-05-29 00:01:41] 
[2026-05-29 00:01:41]   WARNING: Could not fetch positions: 404 Client Error: Not Found for url: https://api.polymarket.us/v1/positions?limit=200
[2026-05-29 00:01:41]   WARNING: Could not fetch open orders: 501 Server Error: Not Implemented for url: https://api.polymarket.us/v1/orders?status=live&limit=200
[2026-05-29 00:01:41]   Scanning NBA...
[2026-05-29 00:01:41]     Found 2 events
[2026-05-29 00:01:41]     [SIGNAL] T4: NBA 50/50        | Oklahoma City vs. San Antonio       | Spurs           @41.0%
[2026-05-29 00:01:41]   Scanning CBB...
[2026-05-29 00:01:41]     Found 0 events
[2026-05-29 00:01:41]   Scanning NHL...
[2026-05-29 00:01:41]     Found 1 events
[2026-05-29 00:01:42] 
[2026-05-29 00:01:42]   Total qualifying markets: 1
[2026-05-29 00:01:42]     T4: NBA 50/50: 1
[2026-05-29 00:01:42]   New (not yet bet): 1
[2026-05-29 00:01:42] 
[2026-05-29 00:01:42]   PLACING BETS:
[2026-05-29 00:01:42]   -----------------------------------------------------------------
[2026-05-29 00:01:42]     SKIP Spurs — price moved out of tier range
[2026-05-29 00:01:42] 
  Updated Balance: $173.88 | Buying Power: $173.88
[2026-05-29 01:32:31] =================================================================
[2026-05-29 01:32:31]   POLYMARKET — MULTI-TIER BOT
[2026-05-29 01:32:31]   Mode: LIVE | Sizing: 3% of bankroll
[2026-05-29 01:32:31]   Leagues: NBA, CBB, NHL
[2026-05-29 01:32:31]   Bet window: 2h before game start
[2026-05-29 01:32:31]   Sizing: 3% (NBA/CBB) | 2% (NHL/MLB/EPL/DOTA2)
[2026-05-29 01:32:31]   Tiers: T1=B fav 75-90% | T2=Coin flip fav | T6=Coin flip dog
[2026-05-29 01:32:31]          T3=CBB B dog 50-55% | T4=NBA 50/50
[2026-05-29 01:32:31]          T7=60%+ fav (DOTA2/EPL/MLB)
[2026-05-29 01:32:31] =================================================================
[2026-05-29 01:32:31] 
[2026-05-29 01:32:31] =================================================================
[2026-05-29 01:32:31]   SCANNING — HYBRID 5-TIER STRATEGY
[2026-05-29 01:32:31] =================================================================
[2026-05-29 01:32:31]   Balance: $173.88 | Buying Power: $173.88
[2026-05-29 01:32:31]   Bet size: $5.22 (3% proven) / $3.48 (2% new leagues)
[2026-05-29 01:32:31] 
[2026-05-29 01:32:31]   WARNING: Could not fetch positions: 404 Client Error: Not Found for url: https://api.polymarket.us/v1/positions?limit=200
[2026-05-29 01:32:31]   WARNING: Could not fetch open orders: 501 Server Error: Not Implemented for url: https://api.polymarket.us/v1/orders?status=live&limit=200
[2026-05-29 01:32:31]   Scanning NBA...
[2026-05-29 01:32:32]     Found 2 events
[2026-05-29 01:32:32]   Scanning CBB...
[2026-05-29 01:32:32]     Found 0 events
[2026-05-29 01:32:32]   Scanning NHL...
[2026-05-29 01:32:32]     Found 1 events
[2026-05-29 01:32:32] 
[2026-05-29 01:32:32]   Total qualifying markets: 0
[2026-05-29 01:32:32]   New (not yet bet): 0
[2026-05-29 01:32:32] 
[2026-05-29 01:32:32]   No new qualifying markets found.
[2026-05-29 05:04:48] =================================================================
[2026-05-29 05:04:48]   POLYMARKET — MULTI-TIER BOT
[2026-05-29 05:04:48]   Mode: LIVE | Sizing: 3% of bankroll
[2026-05-29 05:04:48]   Leagues: NBA, CBB, NHL
[2026-05-29 05:04:48]   Bet window: 2h before game start
[2026-05-29 05:04:48]   Sizing: 3% (NBA/CBB) | 2% (NHL/MLB/EPL/DOTA2)
[2026-05-29 05:04:48]   Tiers: T1=B fav 75-90% | T2=Coin flip fav | T6=Coin flip dog
[2026-05-29 05:04:48]          T3=CBB B dog 50-55% | T4=NBA 50/50
[2026-05-29 05:04:48]          T7=60%+ fav (DOTA2/EPL/MLB)
[2026-05-29 05:04:48] =================================================================
[2026-05-29 05:04:48] 
[2026-05-29 05:04:48] =================================================================
[2026-05-29 05:04:48]   SCANNING — HYBRID 5-TIER STRATEGY
[2026-05-29 05:04:48] =================================================================
[2026-05-29 05:04:48]   Balance: $173.88 | Buying Power: $173.88
[2026-05-29 05:04:48]   Bet size: $5.22 (3% proven) / $3.48 (2% new leagues)
[2026-05-29 05:04:48] 
[2026-05-29 05:04:48]   WARNING: Could not fetch positions: 404 Client Error: Not Found for url: https://api.polymarket.us/v1/positions?limit=200
[2026-05-29 05:04:48]   WARNING: Could not fetch open orders: 501 Server Error: Not Implemented for url: https://api.polymarket.us/v1/orders?status=live&limit=200
[2026-05-29 05:04:48]   Scanning NBA...
[2026-05-29 05:04:48]     Found 1 events
[2026-05-29 05:04:48]   Scanning CBB...
[2026-05-29 05:04:48]     Found 0 events
[2026-05-29 05:04:48]   Scanning NHL...
[2026-05-29 05:04:48]     Found 1 events
[2026-05-29 05:04:48] 
[2026-05-29 05:04:48]   Total qualifying markets: 0
[2026-05-29 05:04:48]   New (not yet bet): 0
[2026-05-29 05:04:48] 
[2026-05-29 05:04:48]   No new qualifying markets found.
[2026-05-29 06:38:16] =================================================================
[2026-05-29 06:38:16]   POLYMARKET — MULTI-TIER BOT
[2026-05-29 06:38:16]   Mode: LIVE | Sizing: 3% of bankroll
[2026-05-29 06:38:16]   Leagues: NBA, CBB, NHL
[2026-05-29 06:38:16]   Bet window: 2h before game start
[2026-05-29 06:38:16]   Sizing: 3% (NBA/CBB) | 2% (NHL/MLB/EPL/DOTA2)
[2026-05-29 06:38:16]   Tiers: T1=B fav 75-90% | T2=Coin flip fav | T6=Coin flip dog
[2026-05-29 06:38:16]          T3=CBB B dog 50-55% | T4=NBA 50/50
[2026-05-29 06:38:16]          T7=60%+ fav (DOTA2/EPL/MLB)
[2026-05-29 06:38:16] =================================================================
[2026-05-29 06:38:16] 
[2026-05-29 06:38:16] =================================================================
[2026-05-29 06:38:16]   SCANNING — HYBRID 5-TIER STRATEGY
[2026-05-29 06:38:16] =================================================================
[2026-05-29 06:38:16]   Balance: $173.88 | Buying Power: $173.88
[2026-05-29 06:38:16]   Bet size: $5.22 (3% proven) / $3.48 (2% new leagues)
[2026-05-29 06:38:16] 
[2026-05-29 06:38:16]   WARNING: Could not fetch positions: 404 Client Error: Not Found for url: https://api.polymarket.us/v1/positions?limit=200
[2026-05-29 06:38:16]   WARNING: Could not fetch open orders: 501 Server Error: Not Implemented for url: https://api.polymarket.us/v1/orders?status=live&limit=200
[2026-05-29 06:38:16]   Scanning NBA...
[2026-05-29 06:38:16]     Found 1 events
[2026-05-29 06:38:16]   Scanning CBB...
[2026-05-29 06:38:16]     Found 0 events
[2026-05-29 06:38:16]   Scanning NHL...
[2026-05-29 06:38:16]     Found 1 events
[2026-05-29 06:38:17] 
[2026-05-29 06:38:17]   Total qualifying markets: 0
[2026-05-29 06:38:17]   New (not yet bet): 0
[2026-05-29 06:38:17] 
[2026-05-29 06:38:17]   No new qualifying markets found.
[2026-05-29 09:33:57] =================================================================
[2026-05-29 09:33:57]   POLYMARKET — MULTI-TIER BOT
[2026-05-29 09:33:57]   Mode: LIVE | Sizing: 3% of bankroll
[2026-05-29 09:33:57]   Leagues: NBA, CBB, NHL
[2026-05-29 09:33:57]   Bet window: 2h before game start
[2026-05-29 09:33:57]   Sizing: 3% (NBA/CBB) | 2% (NHL/MLB/EPL/DOTA2)
[2026-05-29 09:33:57]   Tiers: T1=B fav 75-90% | T2=Coin flip fav | T6=Coin flip dog
[2026-05-29 09:33:57]          T3=CBB B dog 50-55% | T4=NBA 50/50
[2026-05-29 09:33:57]          T7=60%+ fav (DOTA2/EPL/MLB)
[2026-05-29 09:33:57] =================================================================
[2026-05-29 09:33:57] 
[2026-05-29 09:33:57] =================================================================
[2026-05-29 09:33:57]   SCANNING — HYBRID 5-TIER STRATEGY
[2026-05-29 09:33:57] =================================================================
[2026-05-29 09:33:57]   Balance: $173.88 | Buying Power: $173.88
[2026-05-29 09:33:57]   Bet size: $5.22 (3% proven) / $3.48 (2% new leagues)
[2026-05-29 09:33:57] 
[2026-05-29 09:33:57]   WARNING: Could not fetch positions: 404 Client Error: Not Found for url: https://api.polymarket.us/v1/positions?limit=200
[2026-05-29 09:33:58]   WARNING: Could not fetch open orders: 501 Server Error: Not Implemented for url: https://api.polymarket.us/v1/orders?status=live&limit=200
[2026-05-29 09:33:58]   Scanning NBA...
[2026-05-29 09:33:58]     Found 1 events
[2026-05-29 09:33:58]   Scanning CBB...
[2026-05-29 09:33:58]     Found 0 events
[2026-05-29 09:33:58]   Scanning NHL...
[2026-05-29 09:33:58]     Found 1 events
[2026-05-29 09:33:58] 
[2026-05-29 09:33:58]   Total qualifying markets: 0
[2026-05-29 09:33:58]   New (not yet bet): 0
[2026-05-29 09:33:58] 
[2026-05-29 09:33:58]   No new qualifying markets found.
[2026-05-29 10:56:28] =================================================================
[2026-05-29 10:56:28]   POLYMARKET — MULTI-TIER BOT
[2026-05-29 10:56:28]   Mode: LIVE | Sizing: 3% of bankroll
[2026-05-29 10:56:28]   Leagues: NBA, CBB, NHL
[2026-05-29 10:56:28]   Bet window: 2h before game start
[2026-05-29 10:56:28]   Sizing: 3% (NBA/CBB) | 2% (NHL/MLB/EPL/DOTA2)
[2026-05-29 10:56:28]   Tiers: T1=B fav 75-90% | T2=Coin flip fav | T6=Coin flip dog
[2026-05-29 10:56:28]          T3=CBB B dog 50-55% | T4=NBA 50/50
[2026-05-29 10:56:28]          T7=60%+ fav (DOTA2/EPL/MLB)
[2026-05-29 10:56:28] =================================================================
[2026-05-29 10:56:28] 
[2026-05-29 10:56:28] =================================================================
[2026-05-29 10:56:28]   SCANNING — HYBRID 5-TIER STRATEGY
[2026-05-29 10:56:28] =================================================================
[2026-05-29 10:56:28]   Balance: $173.88 | Buying Power: $173.88
[2026-05-29 10:56:28]   Bet size: $5.22 (3% proven) / $3.48 (2% new leagues)
[2026-05-29 10:56:28] 
[2026-05-29 10:56:28]   WARNING: Could not fetch positions: 404 Client Error: Not Found for url: https://api.polymarket.us/v1/positions?limit=200
[2026-05-29 10:56:28]   WARNING: Could not fetch open orders: 501 Server Error: Not Implemented for url: https://api.polymarket.us/v1/orders?status=live&limit=200
[2026-05-29 10:56:28]   Scanning NBA...
[2026-05-29 10:56:28]     Found 1 events
[2026-05-29 10:56:28]   Scanning CBB...
[2026-05-29 10:56:28]     Found 0 events
[2026-05-29 10:56:28]   Scanning NHL...
[2026-05-29 10:56:28]     Found 1 events
[2026-05-29 10:56:29] 
[2026-05-29 10:56:29]   Total qualifying markets: 0
[2026-05-29 10:56:29]   New (not yet bet): 0
[2026-05-29 10:56:29] 
[2026-05-29 10:56:29]   No new qualifying markets found.
[2026-05-29 12:40:35] =================================================================
[2026-05-29 12:40:35]   POLYMARKET — MULTI-TIER BOT
[2026-05-29 12:40:35]   Mode: LIVE | Sizing: 3% of bankroll
[2026-05-29 12:40:35]   Leagues: NBA, CBB, NHL
[2026-05-29 12:40:35]   Bet window: 2h before game start
[2026-05-29 12:40:35]   Sizing: 3% (NBA/CBB) | 2% (NHL/MLB/EPL/DOTA2)
[2026-05-29 12:40:35]   Tiers: T1=B fav 75-90% | T2=Coin flip fav | T6=Coin flip dog
[2026-05-29 12:40:35]          T3=CBB B dog 50-55% | T4=NBA 50/50
[2026-05-29 12:40:35]          T7=60%+ fav (DOTA2/EPL/MLB)
[2026-05-29 12:40:35] =================================================================
[2026-05-29 12:40:35] 
[2026-05-29 12:40:35] =================================================================
[2026-05-29 12:40:35]   SCANNING — HYBRID 5-TIER STRATEGY
[2026-05-29 12:40:35] =================================================================
[2026-05-29 12:40:35]   Balance: $173.88 | Buying Power: $173.88
[2026-05-29 12:40:35]   Bet size: $5.22 (3% proven) / $3.48 (2% new leagues)
[2026-05-29 12:40:35] 
[2026-05-29 12:40:35]   WARNING: Could not fetch positions: 404 Client Error: Not Found for url: https://api.polymarket.us/v1/positions?limit=200
[2026-05-29 12:40:36]   WARNING: Could not fetch open orders: 501 Server Error: Not Implemented for url: https://api.polymarket.us/v1/orders?status=live&limit=200
[2026-05-29 12:40:36]   Scanning NBA...
[2026-05-29 12:40:36]     Found 1 events
[2026-05-29 12:40:36]   Scanning CBB...
[2026-05-29 12:40:36]     Found 0 events
[2026-05-29 12:40:36]   Scanning NHL...
[2026-05-29 12:40:36]     Found 1 events
[2026-05-29 12:40:36] 
[2026-05-29 12:40:36]   Total qualifying markets: 0
[2026-05-29 12:40:36]   New (not yet bet): 0
[2026-05-29 12:40:36] 
[2026-05-29 12:40:36]   No new qualifying markets found.
[2026-05-29 14:18:57] =================================================================
[2026-05-29 14:18:57]   POLYMARKET — MULTI-TIER BOT
[2026-05-29 14:18:57]   Mode: LIVE | Sizing: 3% of bankroll
[2026-05-29 14:18:57]   Leagues: NBA, CBB, NHL
[2026-05-29 14:18:57]   Bet window: 2h before game start
[2026-05-29 14:18:57]   Sizing: 3% (NBA/CBB) | 2% (NHL/MLB/EPL/DOTA2)
[2026-05-29 14:18:57]   Tiers: T1=B fav 75-90% | T2=Coin flip fav | T6=Coin flip dog
[2026-05-29 14:18:57]          T3=CBB B dog 50-55% | T4=NBA 50/50
[2026-05-29 14:18:57]          T7=60%+ fav (DOTA2/EPL/MLB)
[2026-05-29 14:18:57] =================================================================
[2026-05-29 14:18:57] 
[2026-05-29 14:18:57] =================================================================
[2026-05-29 14:18:57]   SCANNING — HYBRID 5-TIER STRATEGY
[2026-05-29 14:18:57] =================================================================
[2026-05-29 14:18:57]   Balance: $173.88 | Buying Power: $173.88
[2026-05-29 14:18:57]   Bet size: $5.22 (3% proven) / $3.48 (2% new leagues)
[2026-05-29 14:18:57] 
[2026-05-29 14:18:57]   WARNING: Could not fetch positions: 404 Client Error: Not Found for url: https://api.polymarket.us/v1/positions?limit=200
[2026-05-29 14:18:57]   WARNING: Could not fetch open orders: 501 Server Error: Not Implemented for url: https://api.polymarket.us/v1/orders?status=live&limit=200
[2026-05-29 14:18:57]   Scanning NBA...
[2026-05-29 14:18:57]     Found 1 events
[2026-05-29 14:18:57]   Scanning CBB...
[2026-05-29 14:18:57]     Found 0 events
[2026-05-29 14:18:57]   Scanning NHL...
[2026-05-29 14:18:57]     Found 1 events
[2026-05-29 14:18:57] 
[2026-05-29 14:18:57]   Total qualifying markets: 0
[2026-05-29 14:18:57]   New (not yet bet): 0
[2026-05-29 14:18:57] 
[2026-05-29 14:18:57]   No new qualifying markets found.
[2026-05-29 16:35:19] =================================================================
[2026-05-29 16:35:19]   POLYMARKET — MULTI-TIER BOT
[2026-05-29 16:35:19]   Mode: LIVE | Sizing: 3% of bankroll
[2026-05-29 16:35:19]   Leagues: NBA, CBB, NHL
[2026-05-29 16:35:19]   Bet window: 2h before game start
[2026-05-29 16:35:19]   Sizing: 3% (NBA/CBB) | 2% (NHL/MLB/EPL/DOTA2)
[2026-05-29 16:35:19]   Tiers: T1=B fav 75-90% | T2=Coin flip fav | T6=Coin flip dog
[2026-05-29 16:35:19]          T3=CBB B dog 50-55% | T4=NBA 50/50
[2026-05-29 16:35:19]          T7=60%+ fav (DOTA2/EPL/MLB)
[2026-05-29 16:35:19] =================================================================
[2026-05-29 16:35:19] 
[2026-05-29 16:35:19] =================================================================
[2026-05-29 16:35:19]   SCANNING — HYBRID 5-TIER STRATEGY
[2026-05-29 16:35:19] =================================================================
[2026-05-29 16:35:19]   Balance: $173.88 | Buying Power: $173.88
[2026-05-29 16:35:19]   Bet size: $5.22 (3% proven) / $3.48 (2% new leagues)
[2026-05-29 16:35:19] 
[2026-05-29 16:35:19]   WARNING: Could not fetch positions: 404 Client Error: Not Found for url: https://api.polymarket.us/v1/positions?limit=200
[2026-05-29 16:35:19]   WARNING: Could not fetch open orders: 501 Server Error: Not Implemented for url: https://api.polymarket.us/v1/orders?status=live&limit=200
[2026-05-29 16:35:19]   Scanning NBA...
[2026-05-29 16:35:19]     Found 1 events
[2026-05-29 16:35:19]   Scanning CBB...
[2026-05-29 16:35:19]     Found 0 events
[2026-05-29 16:35:19]   Scanning NHL...
[2026-05-29 16:35:19]     Found 1 events
[2026-05-29 16:35:19] 
[2026-05-29 16:35:19]   Total qualifying markets: 0
[2026-05-29 16:35:19]   New (not yet bet): 0
[2026-05-29 16:35:19] 
[2026-05-29 16:35:19]   No new qualifying markets found.
[2026-05-29 17:54:01] =================================================================
[2026-05-29 17:54:01]   POLYMARKET — MULTI-TIER BOT
[2026-05-29 17:54:01]   Mode: LIVE | Sizing: 3% of bankroll
[2026-05-29 17:54:01]   Leagues: NBA, CBB, NHL
[2026-05-29 17:54:01]   Bet window: 2h before game start
[2026-05-29 17:54:01]   Sizing: 3% (NBA/CBB) | 2% (NHL/MLB/EPL/DOTA2)
[2026-05-29 17:54:01]   Tiers: T1=B fav 75-90% | T2=Coin flip fav | T6=Coin flip dog
[2026-05-29 17:54:01]          T3=CBB B dog 50-55% | T4=NBA 50/50
[2026-05-29 17:54:01]          T7=60%+ fav (DOTA2/EPL/MLB)
[2026-05-29 17:54:01] =================================================================
[2026-05-29 17:54:01] 
[2026-05-29 17:54:01] =================================================================
[2026-05-29 17:54:01]   SCANNING — HYBRID 5-TIER STRATEGY
[2026-05-29 17:54:01] =================================================================
[2026-05-29 17:54:01]   Balance: $173.88 | Buying Power: $173.88
[2026-05-29 17:54:01]   Bet size: $5.22 (3% proven) / $3.48 (2% new leagues)
[2026-05-29 17:54:01] 
[2026-05-29 17:54:01]   WARNING: Could not fetch positions: 404 Client Error: Not Found for url: https://api.polymarket.us/v1/positions?limit=200
[2026-05-29 17:54:01]   WARNING: Could not fetch open orders: 501 Server Error: Not Implemented for url: https://api.polymarket.us/v1/orders?status=live&limit=200
[2026-05-29 17:54:01]   Scanning NBA...
[2026-05-29 17:54:01]     Found 1 events
[2026-05-29 17:54:01]   Scanning CBB...
[2026-05-29 17:54:01]     Found 0 events
[2026-05-29 17:54:01]   Scanning NHL...
[2026-05-29 17:54:01]     Found 1 events
[2026-05-29 17:54:01] 
[2026-05-29 17:54:01]   Total qualifying markets: 0
[2026-05-29 17:54:01]   New (not yet bet): 0
[2026-05-29 17:54:01] 
[2026-05-29 17:54:01]   No new qualifying markets found.
[2026-05-29 19:26:15] =================================================================
[2026-05-29 19:26:15]   POLYMARKET — MULTI-TIER BOT
[2026-05-29 19:26:15]   Mode: LIVE | Sizing: 3% of bankroll
[2026-05-29 19:26:15]   Leagues: NBA, CBB, NHL
[2026-05-29 19:26:15]   Bet window: 2h before game start
[2026-05-29 19:26:15]   Sizing: 3% (NBA/CBB) | 2% (NHL/MLB/EPL/DOTA2)
[2026-05-29 19:26:15]   Tiers: T1=B fav 75-90% | T2=Coin flip fav | T6=Coin flip dog
[2026-05-29 19:26:15]          T3=CBB B dog 50-55% | T4=NBA 50/50
[2026-05-29 19:26:15]          T7=60%+ fav (DOTA2/EPL/MLB)
[2026-05-29 19:26:15] =================================================================
[2026-05-29 19:26:15] 
[2026-05-29 19:26:15] =================================================================
[2026-05-29 19:26:15]   SCANNING — HYBRID 5-TIER STRATEGY
[2026-05-29 19:26:15] =================================================================
[2026-05-29 19:26:16]   Balance: $173.88 | Buying Power: $173.88
[2026-05-29 19:26:16]   Bet size: $5.22 (3% proven) / $3.48 (2% new leagues)
[2026-05-29 19:26:16] 
[2026-05-29 19:26:16]   WARNING: Could not fetch positions: 404 Client Error: Not Found for url: https://api.polymarket.us/v1/positions?limit=200
[2026-05-29 19:26:16]   WARNING: Could not fetch open orders: 501 Server Error: Not Implemented for url: https://api.polymarket.us/v1/orders?status=live&limit=200
[2026-05-29 19:26:16]   Scanning NBA...
[2026-05-29 19:26:16]     Found 1 events
[2026-05-29 19:26:16]   Scanning CBB...
[2026-05-29 19:26:16]     Found 0 events
[2026-05-29 19:26:16]   Scanning NHL...
[2026-05-29 19:26:16]     Found 1 events
[2026-05-29 19:26:16] 
[2026-05-29 19:26:16]   Total qualifying markets: 0
[2026-05-29 19:26:16]   New (not yet bet): 0
[2026-05-29 19:26:16] 
[2026-05-29 19:26:16]   No new qualifying markets found.
[2026-05-29 20:42:55] =================================================================
[2026-05-29 20:42:55]   POLYMARKET — MULTI-TIER BOT
[2026-05-29 20:42:55]   Mode: LIVE | Sizing: 3% of bankroll
[2026-05-29 20:42:55]   Leagues: NBA, CBB, NHL
[2026-05-29 20:42:55]   Bet window: 2h before game start
[2026-05-29 20:42:55]   Sizing: 3% (NBA/CBB) | 2% (NHL/MLB/EPL/DOTA2)
[2026-05-29 20:42:55]   Tiers: T1=B fav 75-90% | T2=Coin flip fav | T6=Coin flip dog
[2026-05-29 20:42:55]          T3=CBB B dog 50-55% | T4=NBA 50/50
[2026-05-29 20:42:55]          T7=60%+ fav (DOTA2/EPL/MLB)
[2026-05-29 20:42:55] =================================================================
[2026-05-29 20:42:55] 
[2026-05-29 20:42:55] =================================================================
[2026-05-29 20:42:55]   SCANNING — HYBRID 5-TIER STRATEGY
[2026-05-29 20:42:55] =================================================================
[2026-05-29 20:42:55]   Balance: $173.88 | Buying Power: $173.88
[2026-05-29 20:42:55]   Bet size: $5.22 (3% proven) / $3.48 (2% new leagues)
[2026-05-29 20:42:55] 
[2026-05-29 20:42:55]   WARNING: Could not fetch positions: 404 Client Error: Not Found for url: https://api.polymarket.us/v1/positions?limit=200
[2026-05-29 20:42:55]   WARNING: Could not fetch open orders: 501 Server Error: Not Implemented for url: https://api.polymarket.us/v1/orders?status=live&limit=200
[2026-05-29 20:42:55]   Scanning NBA...
[2026-05-29 20:42:56]     Found 1 events
[2026-05-29 20:42:56]   Scanning CBB...
[2026-05-29 20:42:56]     Found 0 events
[2026-05-29 20:42:56]   Scanning NHL...
[2026-05-29 20:42:56]     Found 1 events
[2026-05-29 20:42:56] 
[2026-05-29 20:42:56]   Total qualifying markets: 0
[2026-05-29 20:42:56]   New (not yet bet): 0
[2026-05-29 20:42:56] 
[2026-05-29 20:42:56]   No new qualifying markets found.
[2026-05-29 21:43:28] =================================================================
[2026-05-29 21:43:28]   POLYMARKET — MULTI-TIER BOT
[2026-05-29 21:43:28]   Mode: LIVE | Sizing: 3% of bankroll
[2026-05-29 21:43:28]   Leagues: NBA, CBB, NHL
[2026-05-29 21:43:28]   Bet window: 2h before game start
[2026-05-29 21:43:28]   Sizing: 3% (NBA/CBB) | 2% (NHL/MLB/EPL/DOTA2)
[2026-05-29 21:43:28]   Tiers: T1=B fav 75-90% | T2=Coin flip fav | T6=Coin flip dog
[2026-05-29 21:43:28]          T3=CBB B dog 50-55% | T4=NBA 50/50
[2026-05-29 21:43:28]          T7=60%+ fav (DOTA2/EPL/MLB)
[2026-05-29 21:43:28] =================================================================
[2026-05-29 21:43:28] 
[2026-05-29 21:43:28] =================================================================
[2026-05-29 21:43:28]   SCANNING — HYBRID 5-TIER STRATEGY
[2026-05-29 21:43:28] =================================================================
[2026-05-29 21:43:28]   Balance: $173.88 | Buying Power: $173.88
[2026-05-29 21:43:28]   Bet size: $5.22 (3% proven) / $3.48 (2% new leagues)
[2026-05-29 21:43:28] 
[2026-05-29 21:43:28]   WARNING: Could not fetch positions: 404 Client Error: Not Found for url: https://api.polymarket.us/v1/positions?limit=200
[2026-05-29 21:43:28]   WARNING: Could not fetch open orders: 501 Server Error: Not Implemented for url: https://api.polymarket.us/v1/orders?status=live&limit=200
[2026-05-29 21:43:28]   Scanning NBA...
[2026-05-29 21:43:28]     Found 1 events
[2026-05-29 21:43:28]   Scanning CBB...
[2026-05-29 21:43:28]     Found 0 events
[2026-05-29 21:43:29]   Scanning NHL...
[2026-05-29 21:43:29]     Found 1 events
[2026-05-29 21:43:29] 
[2026-05-29 21:43:29]   Total qualifying markets: 0
[2026-05-29 21:43:29]   New (not yet bet): 0
[2026-05-29 21:43:29] 
[2026-05-29 21:43:29]   No new qualifying markets found.
[2026-05-29 22:51:28] =================================================================
[2026-05-29 22:51:28]   POLYMARKET — MULTI-TIER BOT
[2026-05-29 22:51:28]   Mode: LIVE | Sizing: 3% of bankroll
[2026-05-29 22:51:28]   Leagues: NBA, CBB, NHL
[2026-05-29 22:51:28]   Bet window: 2h before game start
[2026-05-29 22:51:28]   Sizing: 3% (NBA/CBB) | 2% (NHL/MLB/EPL/DOTA2)
[2026-05-29 22:51:28]   Tiers: T1=B fav 75-90% | T2=Coin flip fav | T6=Coin flip dog
[2026-05-29 22:51:28]          T3=CBB B dog 50-55% | T4=NBA 50/50
[2026-05-29 22:51:28]          T7=60%+ fav (DOTA2/EPL/MLB)
[2026-05-29 22:51:28] =================================================================
[2026-05-29 22:51:28] 
[2026-05-29 22:51:28] =================================================================
[2026-05-29 22:51:28]   SCANNING — HYBRID 5-TIER STRATEGY
[2026-05-29 22:51:28] =================================================================
[2026-05-29 22:51:28]   Balance: $173.88 | Buying Power: $173.88
[2026-05-29 22:51:28]   Bet size: $5.22 (3% proven) / $3.48 (2% new leagues)
[2026-05-29 22:51:28] 
[2026-05-29 22:51:28]   WARNING: Could not fetch positions: 404 Client Error: Not Found for url: https://api.polymarket.us/v1/positions?limit=200
[2026-05-29 22:51:28]   WARNING: Could not fetch open orders: 501 Server Error: Not Implemented for url: https://api.polymarket.us/v1/orders?status=live&limit=200
[2026-05-29 22:51:28]   Scanning NBA...
[2026-05-29 22:51:28]     Found 1 events
[2026-05-29 22:51:28]   Scanning CBB...
[2026-05-29 22:51:28]     Found 0 events
[2026-05-29 22:51:29]   Scanning NHL...
[2026-05-29 22:51:29]     Found 1 events
[2026-05-29 22:51:29] 
[2026-05-29 22:51:29]   Total qualifying markets: 0
[2026-05-29 22:51:29]   New (not yet bet): 0
[2026-05-29 22:51:29] 
[2026-05-29 22:51:29]   No new qualifying markets found.
[2026-05-29 23:02:27] =================================================================
[2026-05-29 23:02:27]   POLYMARKET — MULTI-TIER BOT
[2026-05-29 23:02:27]   Mode: LIVE | Sizing: 3% of bankroll
[2026-05-29 23:02:27]   Leagues: NBA, CBB, NHL
[2026-05-29 23:02:27]   Bet window: 2h before game start
[2026-05-29 23:02:27]   Sizing: 3% (NBA/CBB) | 2% (NHL/MLB/EPL/DOTA2)
[2026-05-29 23:02:27]   Tiers: T1=B fav 75-90% | T2=Coin flip fav | T6=Coin flip dog
[2026-05-29 23:02:27]          T3=CBB B dog 50-55% | T4=NBA 50/50
[2026-05-29 23:02:27]          T7=60%+ fav (DOTA2/EPL/MLB)
[2026-05-29 23:02:27] =================================================================
[2026-05-29 23:02:27] 
[2026-05-29 23:02:27] =================================================================
[2026-05-29 23:02:27]   SCANNING — HYBRID 5-TIER STRATEGY
[2026-05-29 23:02:27] =================================================================
[2026-05-29 23:02:27]   Balance: $173.88 | Buying Power: $173.88
[2026-05-29 23:02:27]   Bet size: $5.22 (3% proven) / $3.48 (2% new leagues)
[2026-05-29 23:02:27] 
[2026-05-29 23:02:27]   WARNING: Could not fetch positions: 404 Client Error: Not Found for url: https://api.polymarket.us/v1/positions?limit=200
[2026-05-29 23:02:27]   WARNING: Could not fetch open orders: 501 Server Error: Not Implemented for url: https://api.polymarket.us/v1/orders?status=live&limit=200
[2026-05-29 23:02:27]   Scanning NBA...
[2026-05-29 23:02:27]     Found 1 events
[2026-05-29 23:02:27]   Scanning CBB...
[2026-05-29 23:02:27]     Found 0 events
[2026-05-29 23:02:27]   Scanning NHL...
[2026-05-29 23:02:27]     Found 1 events
[2026-05-29 23:02:28] 
[2026-05-29 23:02:28]   Total qualifying markets: 0
[2026-05-29 23:02:28]   New (not yet bet): 0
[2026-05-29 23:02:28] 
[2026-05-29 23:02:28]   No new qualifying markets found.
[2026-05-30 01:27:56] =================================================================
[2026-05-30 01:27:56]   POLYMARKET — MULTI-TIER BOT
[2026-05-30 01:27:56]   Mode: LIVE | Sizing: 3% of bankroll
[2026-05-30 01:27:56]   Leagues: NBA, CBB, NHL
[2026-05-30 01:27:56]   Bet window: 2h before game start
[2026-05-30 01:27:56]   Sizing: 3% (NBA/CBB) | 2% (NHL/MLB/EPL/DOTA2)
[2026-05-30 01:27:56]   Tiers: T1=B fav 75-90% | T2=Coin flip fav | T6=Coin flip dog
[2026-05-30 01:27:56]          T3=CBB B dog 50-55% | T4=NBA 50/50
[2026-05-30 01:27:56]          T7=60%+ fav (DOTA2/EPL/MLB)
[2026-05-30 01:27:56] =================================================================
[2026-05-30 01:27:56] 
[2026-05-30 01:27:56] =================================================================
[2026-05-30 01:27:56]   SCANNING — HYBRID 5-TIER STRATEGY
[2026-05-30 01:27:56] =================================================================
[2026-05-30 01:27:56]   Balance: $173.88 | Buying Power: $173.88
[2026-05-30 01:27:56]   Bet size: $5.22 (3% proven) / $3.48 (2% new leagues)
[2026-05-30 01:27:56] 
[2026-05-30 01:27:56]   WARNING: Could not fetch positions: 404 Client Error: Not Found for url: https://api.polymarket.us/v1/positions?limit=200
[2026-05-30 01:27:56]   WARNING: Could not fetch open orders: 501 Server Error: Not Implemented for url: https://api.polymarket.us/v1/orders?status=live&limit=200
[2026-05-30 01:27:56]   Scanning NBA...
[2026-05-30 01:27:56]     Found 1 events
[2026-05-30 01:27:57]   Scanning CBB...
[2026-05-30 01:27:57]     Found 0 events
[2026-05-30 01:27:57]   Scanning NHL...
[2026-05-30 01:27:57]     Found 1 events
[2026-05-30 01:27:57] 
[2026-05-30 01:27:57]   Total qualifying markets: 0
[2026-05-30 01:27:57]   New (not yet bet): 0
[2026-05-30 01:27:57] 
[2026-05-30 01:27:57]   No new qualifying markets found.
[2026-05-30 02:02:02] =================================================================
[2026-05-30 02:02:02]   POLYMARKET — MULTI-TIER BOT
[2026-05-30 02:02:02]   Mode: LIVE | Sizing: 3% of bankroll
[2026-05-30 02:02:02]   Leagues: NBA, CBB, NHL
[2026-05-30 02:02:02]   Bet window: 2h before game start
[2026-05-30 02:02:02]   Sizing: 3% (NBA/CBB) | 2% (NHL/MLB/EPL/DOTA2)
[2026-05-30 02:02:02]   Tiers: T1=B fav 75-90% | T2=Coin flip fav | T6=Coin flip dog
[2026-05-30 02:02:02]          T3=CBB B dog 50-55% | T4=NBA 50/50
[2026-05-30 02:02:02]          T7=60%+ fav (DOTA2/EPL/MLB)
[2026-05-30 02:02:02] =================================================================
[2026-05-30 02:02:02] 
[2026-05-30 02:02:02] =================================================================
[2026-05-30 02:02:02]   SCANNING — HYBRID 5-TIER STRATEGY
[2026-05-30 02:02:02] =================================================================
[2026-05-30 02:02:02]   Balance: $173.88 | Buying Power: $173.88
[2026-05-30 02:02:02]   Bet size: $5.22 (3% proven) / $3.48 (2% new leagues)
[2026-05-30 02:02:02] 
[2026-05-30 02:02:02]   WARNING: Could not fetch positions: 404 Client Error: Not Found for url: https://api.polymarket.us/v1/positions?limit=200
[2026-05-30 02:02:02]   WARNING: Could not fetch open orders: 501 Server Error: Not Implemented for url: https://api.polymarket.us/v1/orders?status=live&limit=200
[2026-05-30 02:02:02]   Scanning NBA...
[2026-05-30 02:02:02]     Found 1 events
[2026-05-30 02:02:02]   Scanning CBB...
[2026-05-30 02:02:02]     Found 0 events
[2026-05-30 02:02:02]   Scanning NHL...
[2026-05-30 02:02:02]     Found 1 events
[2026-05-30 02:02:02] 
[2026-05-30 02:02:02]   Total qualifying markets: 0
[2026-05-30 02:02:02]   New (not yet bet): 0
[2026-05-30 02:02:02] 
[2026-05-30 02:02:02]   No new qualifying markets found.
[2026-05-30 05:30:02] =================================================================
[2026-05-30 05:30:02]   POLYMARKET — MULTI-TIER BOT
[2026-05-30 05:30:02]   Mode: LIVE | Sizing: 3% of bankroll
[2026-05-30 05:30:02]   Leagues: NBA, CBB, NHL
[2026-05-30 05:30:02]   Bet window: 2h before game start
[2026-05-30 05:30:02]   Sizing: 3% (NBA/CBB) | 2% (NHL/MLB/EPL/DOTA2)
[2026-05-30 05:30:02]   Tiers: T1=B fav 75-90% | T2=Coin flip fav | T6=Coin flip dog
[2026-05-30 05:30:02]          T3=CBB B dog 50-55% | T4=NBA 50/50
[2026-05-30 05:30:02]          T7=60%+ fav (DOTA2/EPL/MLB)
[2026-05-30 05:30:02] =================================================================
[2026-05-30 05:30:02] 
[2026-05-30 05:30:02] =================================================================
[2026-05-30 05:30:02]   SCANNING — HYBRID 5-TIER STRATEGY
[2026-05-30 05:30:02] =================================================================
[2026-05-30 05:30:02]   Balance: $173.88 | Buying Power: $173.88
[2026-05-30 05:30:02]   Bet size: $5.22 (3% proven) / $3.48 (2% new leagues)
[2026-05-30 05:30:02] 
[2026-05-30 05:30:02]   WARNING: Could not fetch positions: 404 Client Error: Not Found for url: https://api.polymarket.us/v1/positions?limit=200
[2026-05-30 05:30:02]   WARNING: Could not fetch open orders: 501 Server Error: Not Implemented for url: https://api.polymarket.us/v1/orders?status=live&limit=200
[2026-05-30 05:30:02]   Scanning NBA...
[2026-05-30 05:30:02]     Found 1 events
[2026-05-30 05:30:03]   Scanning CBB...
[2026-05-30 05:30:03]     Found 0 events
[2026-05-30 05:30:03]   Scanning NHL...
[2026-05-30 05:30:03]     Found 3 events
[2026-05-30 05:30:03] 
[2026-05-30 05:30:03]   Total qualifying markets: 0
[2026-05-30 05:30:03]   New (not yet bet): 0
[2026-05-30 05:30:03] 
[2026-05-30 05:30:03]   No new qualifying markets found.
[2026-05-30 06:14:12] =================================================================
[2026-05-30 06:14:12]   POLYMARKET — MULTI-TIER BOT
[2026-05-30 06:14:12]   Mode: LIVE | Sizing: 3% of bankroll
[2026-05-30 06:14:12]   Leagues: NBA, CBB, NHL
[2026-05-30 06:14:12]   Bet window: 2h before game start
[2026-05-30 06:14:12]   Sizing: 3% (NBA/CBB) | 2% (NHL/MLB/EPL/DOTA2)
[2026-05-30 06:14:12]   Tiers: T1=B fav 75-90% | T2=Coin flip fav | T6=Coin flip dog
[2026-05-30 06:14:12]          T3=CBB B dog 50-55% | T4=NBA 50/50
[2026-05-30 06:14:12]          T7=60%+ fav (DOTA2/EPL/MLB)
[2026-05-30 06:14:12] =================================================================
[2026-05-30 06:14:12] 
[2026-05-30 06:14:12] =================================================================
[2026-05-30 06:14:12]   SCANNING — HYBRID 5-TIER STRATEGY
[2026-05-30 06:14:12] =================================================================
[2026-05-30 06:14:12]   Balance: $173.88 | Buying Power: $173.88
[2026-05-30 06:14:12]   Bet size: $5.22 (3% proven) / $3.48 (2% new leagues)
[2026-05-30 06:14:12] 
[2026-05-30 06:14:12]   WARNING: Could not fetch positions: 404 Client Error: Not Found for url: https://api.polymarket.us/v1/positions?limit=200
[2026-05-30 06:14:12]   WARNING: Could not fetch open orders: 501 Server Error: Not Implemented for url: https://api.polymarket.us/v1/orders?status=live&limit=200
[2026-05-30 06:14:12]   Scanning NBA...
[2026-05-30 06:14:13]     Found 1 events
[2026-05-30 06:14:13]   Scanning CBB...
[2026-05-30 06:14:13]     Found 0 events
[2026-05-30 06:14:13]   Scanning NHL...
[2026-05-30 06:14:13]     Found 3 events
[2026-05-30 06:14:13] 
[2026-05-30 06:14:13]   Total qualifying markets: 0
[2026-05-30 06:14:13]   New (not yet bet): 0
[2026-05-30 06:14:13] 
[2026-05-30 06:14:13]   No new qualifying markets found.
[2026-05-30 07:43:57] =================================================================
[2026-05-30 07:43:57]   POLYMARKET — MULTI-TIER BOT
[2026-05-30 07:43:57]   Mode: LIVE | Sizing: 3% of bankroll
[2026-05-30 07:43:57]   Leagues: NBA, CBB, NHL
[2026-05-30 07:43:57]   Bet window: 2h before game start
[2026-05-30 07:43:57]   Sizing: 3% (NBA/CBB) | 2% (NHL/MLB/EPL/DOTA2)
[2026-05-30 07:43:57]   Tiers: T1=B fav 75-90% | T2=Coin flip fav | T6=Coin flip dog
[2026-05-30 07:43:57]          T3=CBB B dog 50-55% | T4=NBA 50/50
[2026-05-30 07:43:57]          T7=60%+ fav (DOTA2/EPL/MLB)
[2026-05-30 07:43:57] =================================================================
[2026-05-30 07:43:57] 
[2026-05-30 07:43:57] =================================================================
[2026-05-30 07:43:57]   SCANNING — HYBRID 5-TIER STRATEGY
[2026-05-30 07:43:57] =================================================================
[2026-05-30 07:43:58]   Balance: $173.88 | Buying Power: $173.88
[2026-05-30 07:43:58]   Bet size: $5.22 (3% proven) / $3.48 (2% new leagues)
[2026-05-30 07:43:58] 
[2026-05-30 07:43:58]   WARNING: Could not fetch positions: 404 Client Error: Not Found for url: https://api.polymarket.us/v1/positions?limit=200
[2026-05-30 07:43:58]   WARNING: Could not fetch open orders: 501 Server Error: Not Implemented for url: https://api.polymarket.us/v1/orders?status=live&limit=200
[2026-05-30 07:43:58]   Scanning NBA...
[2026-05-30 07:43:58]     Found 1 events
[2026-05-30 07:43:58]   Scanning CBB...
[2026-05-30 07:43:58]     Found 0 events
[2026-05-30 07:43:58]   Scanning NHL...
[2026-05-30 07:43:58]     Found 3 events
[2026-05-30 07:43:59] 
[2026-05-30 07:43:59]   Total qualifying markets: 0
[2026-05-30 07:43:59]   New (not yet bet): 0
[2026-05-30 07:43:59] 
[2026-05-30 07:43:59]   No new qualifying markets found.
[2026-05-30 08:04:52] =================================================================
[2026-05-30 08:04:52]   POLYMARKET — MULTI-TIER BOT
[2026-05-30 08:04:52]   Mode: LIVE | Sizing: 3% of bankroll
[2026-05-30 08:04:52]   Leagues: NBA, CBB, NHL
[2026-05-30 08:04:52]   Bet window: 2h before game start
[2026-05-30 08:04:52]   Sizing: 3% (NBA/CBB) | 2% (NHL/MLB/EPL/DOTA2)
[2026-05-30 08:04:52]   Tiers: T1=B fav 75-90% | T2=Coin flip fav | T6=Coin flip dog
[2026-05-30 08:04:52]          T3=CBB B dog 50-55% | T4=NBA 50/50
[2026-05-30 08:04:52]          T7=60%+ fav (DOTA2/EPL/MLB)
[2026-05-30 08:04:52] =================================================================
[2026-05-30 08:04:52] 
[2026-05-30 08:04:52] =================================================================
[2026-05-30 08:04:52]   SCANNING — HYBRID 5-TIER STRATEGY
[2026-05-30 08:04:52] =================================================================
[2026-05-30 08:04:52]   Balance: $173.88 | Buying Power: $173.88
[2026-05-30 08:04:52]   Bet size: $5.22 (3% proven) / $3.48 (2% new leagues)
[2026-05-30 08:04:52] 
[2026-05-30 08:04:52]   WARNING: Could not fetch positions: 404 Client Error: Not Found for url: https://api.polymarket.us/v1/positions?limit=200
[2026-05-30 08:04:52]   WARNING: Could not fetch open orders: 501 Server Error: Not Implemented for url: https://api.polymarket.us/v1/orders?status=live&limit=200
[2026-05-30 08:04:52]   Scanning NBA...
[2026-05-30 08:04:52]     Found 1 events
[2026-05-30 08:04:53]   Scanning CBB...
[2026-05-30 08:04:53]     Found 0 events
[2026-05-30 08:04:53]   Scanning NHL...
[2026-05-30 08:04:53]     Found 3 events
[2026-05-30 08:04:53] 
[2026-05-30 08:04:53]   Total qualifying markets: 0
[2026-05-30 08:04:53]   New (not yet bet): 0
[2026-05-30 08:04:53] 
[2026-05-30 08:04:53]   No new qualifying markets found.
[2026-05-30 08:52:25] =================================================================
[2026-05-30 08:52:25]   POLYMARKET — MULTI-TIER BOT
[2026-05-30 08:52:25]   Mode: LIVE | Sizing: 3% of bankroll
[2026-05-30 08:52:25]   Leagues: NBA, CBB, NHL
[2026-05-30 08:52:25]   Bet window: 2h before game start
[2026-05-30 08:52:25]   Sizing: 3% (NBA/CBB) | 2% (NHL/MLB/EPL/DOTA2)
[2026-05-30 08:52:25]   Tiers: T1=B fav 75-90% | T2=Coin flip fav | T6=Coin flip dog
[2026-05-30 08:52:25]          T3=CBB B dog 50-55% | T4=NBA 50/50
[2026-05-30 08:52:25]          T7=60%+ fav (DOTA2/EPL/MLB)
[2026-05-30 08:52:25] =================================================================
[2026-05-30 08:52:25] 
[2026-05-30 08:52:25] =================================================================
[2026-05-30 08:52:25]   SCANNING — HYBRID 5-TIER STRATEGY
[2026-05-30 08:52:25] =================================================================
[2026-05-30 08:52:25]   Balance: $173.88 | Buying Power: $173.88
[2026-05-30 08:52:25]   Bet size: $5.22 (3% proven) / $3.48 (2% new leagues)
[2026-05-30 08:52:25] 
[2026-05-30 08:52:25]   WARNING: Could not fetch positions: 404 Client Error: Not Found for url: https://api.polymarket.us/v1/positions?limit=200
[2026-05-30 08:52:25]   WARNING: Could not fetch open orders: 501 Server Error: Not Implemented for url: https://api.polymarket.us/v1/orders?status=live&limit=200
[2026-05-30 08:52:25]   Scanning NBA...
[2026-05-30 08:52:26]     Found 1 events
[2026-05-30 08:52:26]   Scanning CBB...
[2026-05-30 08:52:26]     Found 0 events
[2026-05-30 08:52:26]   Scanning NHL...
[2026-05-30 08:52:26]     Found 3 events
[2026-05-30 08:52:26] 
[2026-05-30 08:52:26]   Total qualifying markets: 0
[2026-05-30 08:52:26]   New (not yet bet): 0
[2026-05-30 08:52:26] 
[2026-05-30 08:52:26]   No new qualifying markets found.
[2026-05-30 09:08:38] =================================================================
[2026-05-30 09:08:38]   POLYMARKET — MULTI-TIER BOT
[2026-05-30 09:08:38]   Mode: LIVE | Sizing: 3% of bankroll
[2026-05-30 09:08:38]   Leagues: NBA, CBB, NHL
[2026-05-30 09:08:38]   Bet window: 2h before game start
[2026-05-30 09:08:38]   Sizing: 3% (NBA/CBB) | 2% (NHL/MLB/EPL/DOTA2)
[2026-05-30 09:08:38]   Tiers: T1=B fav 75-90% | T2=Coin flip fav | T6=Coin flip dog
[2026-05-30 09:08:38]          T3=CBB B dog 50-55% | T4=NBA 50/50
[2026-05-30 09:08:38]          T7=60%+ fav (DOTA2/EPL/MLB)
[2026-05-30 09:08:38] =================================================================
[2026-05-30 09:08:38] 
[2026-05-30 09:08:38] =================================================================
[2026-05-30 09:08:38]   SCANNING — HYBRID 5-TIER STRATEGY
[2026-05-30 09:08:38] =================================================================
[2026-05-30 09:08:38]   Balance: $173.88 | Buying Power: $173.88
[2026-05-30 09:08:38]   Bet size: $5.22 (3% proven) / $3.48 (2% new leagues)
[2026-05-30 09:08:38] 
[2026-05-30 09:08:38]   WARNING: Could not fetch positions: 404 Client Error: Not Found for url: https://api.polymarket.us/v1/positions?limit=200
[2026-05-30 09:08:38]   WARNING: Could not fetch open orders: 501 Server Error: Not Implemented for url: https://api.polymarket.us/v1/orders?status=live&limit=200
[2026-05-30 09:08:38]   Scanning NBA...
[2026-05-30 09:08:38]     Found 1 events
[2026-05-30 09:08:38]   Scanning CBB...
[2026-05-30 09:08:38]     Found 0 events
[2026-05-30 09:08:39]   Scanning NHL...
[2026-05-30 09:08:39]     Found 3 events
[2026-05-30 09:08:39] 
[2026-05-30 09:08:39]   Total qualifying markets: 0
[2026-05-30 09:08:39]   New (not yet bet): 0
[2026-05-30 09:08:39] 
[2026-05-30 09:08:39]   No new qualifying markets found.
[2026-05-30 10:23:45] =================================================================
[2026-05-30 10:23:45]   POLYMARKET — MULTI-TIER BOT
[2026-05-30 10:23:45]   Mode: LIVE | Sizing: 3% of bankroll
[2026-05-30 10:23:45]   Leagues: NBA, CBB, NHL
[2026-05-30 10:23:45]   Bet window: 2h before game start
[2026-05-30 10:23:45]   Sizing: 3% (NBA/CBB) | 2% (NHL/MLB/EPL/DOTA2)
[2026-05-30 10:23:45]   Tiers: T1=B fav 75-90% | T2=Coin flip fav | T6=Coin flip dog
[2026-05-30 10:23:45]          T3=CBB B dog 50-55% | T4=NBA 50/50
[2026-05-30 10:23:45]          T7=60%+ fav (DOTA2/EPL/MLB)
[2026-05-30 10:23:45] =================================================================
[2026-05-30 10:23:45] 
[2026-05-30 10:23:45] =================================================================
[2026-05-30 10:23:45]   SCANNING — HYBRID 5-TIER STRATEGY
[2026-05-30 10:23:45] =================================================================
[2026-05-30 10:23:45]   Balance: $173.88 | Buying Power: $173.88
[2026-05-30 10:23:45]   Bet size: $5.22 (3% proven) / $3.48 (2% new leagues)
[2026-05-30 10:23:45] 
[2026-05-30 10:23:45]   WARNING: Could not fetch positions: 404 Client Error: Not Found for url: https://api.polymarket.us/v1/positions?limit=200
[2026-05-30 10:23:45]   WARNING: Could not fetch open orders: 501 Server Error: Not Implemented for url: https://api.polymarket.us/v1/orders?status=live&limit=200
[2026-05-30 10:23:45]   Scanning NBA...
[2026-05-30 10:23:45]     Found 1 events
[2026-05-30 10:23:45]   Scanning CBB...
[2026-05-30 10:23:45]     Found 0 events
[2026-05-30 10:23:45]   Scanning NHL...
[2026-05-30 10:23:46]     Found 3 events
[2026-05-30 10:23:46] 
[2026-05-30 10:23:46]   Total qualifying markets: 0
[2026-05-30 10:23:46]   New (not yet bet): 0
[2026-05-30 10:23:46] 
[2026-05-30 10:23:46]   No new qualifying markets found.
[2026-05-30 11:11:42] =================================================================
[2026-05-30 11:11:42]   POLYMARKET — MULTI-TIER BOT
[2026-05-30 11:11:42]   Mode: LIVE | Sizing: 3% of bankroll
[2026-05-30 11:11:42]   Leagues: NBA, CBB, NHL
[2026-05-30 11:11:42]   Bet window: 2h before game start
[2026-05-30 11:11:42]   Sizing: 3% (NBA/CBB) | 2% (NHL/MLB/EPL/DOTA2)
[2026-05-30 11:11:42]   Tiers: T1=B fav 75-90% | T2=Coin flip fav | T6=Coin flip dog
[2026-05-30 11:11:42]          T3=CBB B dog 50-55% | T4=NBA 50/50
[2026-05-30 11:11:42]          T7=60%+ fav (DOTA2/EPL/MLB)
[2026-05-30 11:11:42] =================================================================
[2026-05-30 11:11:42] 
[2026-05-30 11:11:42] =================================================================
[2026-05-30 11:11:42]   SCANNING — HYBRID 5-TIER STRATEGY
[2026-05-30 11:11:42] =================================================================
[2026-05-30 11:11:42]   Balance: $173.88 | Buying Power: $173.88
[2026-05-30 11:11:42]   Bet size: $5.22 (3% proven) / $3.48 (2% new leagues)
[2026-05-30 11:11:42] 
[2026-05-30 11:11:42]   WARNING: Could not fetch positions: 404 Client Error: Not Found for url: https://api.polymarket.us/v1/positions?limit=200
[2026-05-30 11:11:42]   WARNING: Could not fetch open orders: 501 Server Error: Not Implemented for url: https://api.polymarket.us/v1/orders?status=live&limit=200
[2026-05-30 11:11:42]   Scanning NBA...
[2026-05-30 11:11:42]     Found 1 events
[2026-05-30 11:11:42]   Scanning CBB...
[2026-05-30 11:11:42]     Found 0 events
[2026-05-30 11:11:42]   Scanning NHL...
[2026-05-30 11:11:42]     Found 3 events
[2026-05-30 11:11:43] 
[2026-05-30 11:11:43]   Total qualifying markets: 0
[2026-05-30 11:11:43]   New (not yet bet): 0
[2026-05-30 11:11:43] 
[2026-05-30 11:11:43]   No new qualifying markets found.
[2026-05-30 11:53:12] =================================================================
[2026-05-30 11:53:12]   POLYMARKET — MULTI-TIER BOT
[2026-05-30 11:53:12]   Mode: LIVE | Sizing: 3% of bankroll
[2026-05-30 11:53:12]   Leagues: NBA, CBB, NHL
[2026-05-30 11:53:12]   Bet window: 2h before game start
[2026-05-30 11:53:12]   Sizing: 3% (NBA/CBB) | 2% (NHL/MLB/EPL/DOTA2)
[2026-05-30 11:53:12]   Tiers: T1=B fav 75-90% | T2=Coin flip fav | T6=Coin flip dog
[2026-05-30 11:53:12]          T3=CBB B dog 50-55% | T4=NBA 50/50
[2026-05-30 11:53:12]          T7=60%+ fav (DOTA2/EPL/MLB)
[2026-05-30 11:53:12] =================================================================
[2026-05-30 11:53:12] 
[2026-05-30 11:53:12] =================================================================
[2026-05-30 11:53:12]   SCANNING — HYBRID 5-TIER STRATEGY
[2026-05-30 11:53:12] =================================================================
[2026-05-30 11:53:12]   Balance: $173.88 | Buying Power: $173.88
[2026-05-30 11:53:12]   Bet size: $5.22 (3% proven) / $3.48 (2% new leagues)
[2026-05-30 11:53:12] 
[2026-05-30 11:53:12]   WARNING: Could not fetch positions: 404 Client Error: Not Found for url: https://api.polymarket.us/v1/positions?limit=200
[2026-05-30 11:53:12]   WARNING: Could not fetch open orders: 501 Server Error: Not Implemented for url: https://api.polymarket.us/v1/orders?status=live&limit=200
[2026-05-30 11:53:12]   Scanning NBA...
[2026-05-30 11:53:12]     Found 1 events
[2026-05-30 11:53:12]   Scanning CBB...
[2026-05-30 11:53:12]     Found 0 events
[2026-05-30 11:53:13]   Scanning NHL...
[2026-05-30 11:53:13]     Found 3 events
[2026-05-30 11:53:13] 
[2026-05-30 11:53:13]   Total qualifying markets: 0
[2026-05-30 11:53:13]   New (not yet bet): 0
[2026-05-30 11:53:13] 
[2026-05-30 11:53:13]   No new qualifying markets found.
[2026-05-30 13:01:48] =================================================================
[2026-05-30 13:01:48]   POLYMARKET — MULTI-TIER BOT
[2026-05-30 13:01:48]   Mode: LIVE | Sizing: 3% of bankroll
[2026-05-30 13:01:48]   Leagues: NBA, CBB, NHL
[2026-05-30 13:01:48]   Bet window: 2h before game start
[2026-05-30 13:01:48]   Sizing: 3% (NBA/CBB) | 2% (NHL/MLB/EPL/DOTA2)
[2026-05-30 13:01:48]   Tiers: T1=B fav 75-90% | T2=Coin flip fav | T6=Coin flip dog
[2026-05-30 13:01:48]          T3=CBB B dog 50-55% | T4=NBA 50/50
[2026-05-30 13:01:48]          T7=60%+ fav (DOTA2/EPL/MLB)
[2026-05-30 13:01:48] =================================================================
[2026-05-30 13:01:48] 
[2026-05-30 13:01:48] =================================================================
[2026-05-30 13:01:48]   SCANNING — HYBRID 5-TIER STRATEGY
[2026-05-30 13:01:48] =================================================================
[2026-05-30 13:01:48]   Balance: $173.88 | Buying Power: $173.88
[2026-05-30 13:01:48]   Bet size: $5.22 (3% proven) / $3.48 (2% new leagues)
[2026-05-30 13:01:48] 
[2026-05-30 13:01:48]   WARNING: Could not fetch positions: 404 Client Error: Not Found for url: https://api.polymarket.us/v1/positions?limit=200
[2026-05-30 13:01:48]   WARNING: Could not fetch open orders: 501 Server Error: Not Implemented for url: https://api.polymarket.us/v1/orders?status=live&limit=200
[2026-05-30 13:01:48]   Scanning NBA...
[2026-05-30 13:01:48]     Found 1 events
[2026-05-30 13:01:48]   Scanning CBB...
[2026-05-30 13:01:48]     Found 0 events
[2026-05-30 13:01:48]   Scanning NHL...
[2026-05-30 13:01:48]     Found 3 events
[2026-05-30 13:01:48] 
[2026-05-30 13:01:48]   Total qualifying markets: 0
[2026-05-30 13:01:48]   New (not yet bet): 0
[2026-05-30 13:01:48] 
[2026-05-30 13:01:48]   No new qualifying markets found.
[2026-05-30 14:14:12] =================================================================
[2026-05-30 14:14:12]   POLYMARKET — MULTI-TIER BOT
[2026-05-30 14:14:12]   Mode: LIVE | Sizing: 3% of bankroll
[2026-05-30 14:14:12]   Leagues: NBA, CBB, NHL
[2026-05-30 14:14:12]   Bet window: 2h before game start
[2026-05-30 14:14:12]   Sizing: 3% (NBA/CBB) | 2% (NHL/MLB/EPL/DOTA2)
[2026-05-30 14:14:12]   Tiers: T1=B fav 75-90% | T2=Coin flip fav | T6=Coin flip dog
[2026-05-30 14:14:12]          T3=CBB B dog 50-55% | T4=NBA 50/50
[2026-05-30 14:14:12]          T7=60%+ fav (DOTA2/EPL/MLB)
[2026-05-30 14:14:12] =================================================================
[2026-05-30 14:14:12] 
[2026-05-30 14:14:12] =================================================================
[2026-05-30 14:14:12]   SCANNING — HYBRID 5-TIER STRATEGY
[2026-05-30 14:14:12] =================================================================
[2026-05-30 14:14:12]   Balance: $173.88 | Buying Power: $173.88
[2026-05-30 14:14:12]   Bet size: $5.22 (3% proven) / $3.48 (2% new leagues)
[2026-05-30 14:14:12] 
[2026-05-30 14:14:12]   WARNING: Could not fetch positions: 404 Client Error: Not Found for url: https://api.polymarket.us/v1/positions?limit=200
[2026-05-30 14:14:12]   WARNING: Could not fetch open orders: 501 Server Error: Not Implemented for url: https://api.polymarket.us/v1/orders?status=live&limit=200
[2026-05-30 14:14:12]   Scanning NBA...
[2026-05-30 14:14:12]     Found 1 events
[2026-05-30 14:14:12]   Scanning CBB...
[2026-05-30 14:14:12]     Found 0 events
[2026-05-30 14:14:12]   Scanning NHL...
[2026-05-30 14:14:12]     Found 3 events
[2026-05-30 14:14:12] 
[2026-05-30 14:14:12]   Total qualifying markets: 0
[2026-05-30 14:14:12]   New (not yet bet): 0
[2026-05-30 14:14:12] 
[2026-05-30 14:14:12]   No new qualifying markets found.
[2026-05-30 14:57:54] =================================================================
[2026-05-30 14:57:54]   POLYMARKET — MULTI-TIER BOT
[2026-05-30 14:57:54]   Mode: LIVE | Sizing: 3% of bankroll
[2026-05-30 14:57:54]   Leagues: NBA, CBB, NHL
[2026-05-30 14:57:54]   Bet window: 2h before game start
[2026-05-30 14:57:54]   Sizing: 3% (NBA/CBB) | 2% (NHL/MLB/EPL/DOTA2)
[2026-05-30 14:57:54]   Tiers: T1=B fav 75-90% | T2=Coin flip fav | T6=Coin flip dog
[2026-05-30 14:57:54]          T3=CBB B dog 50-55% | T4=NBA 50/50
[2026-05-30 14:57:54]          T7=60%+ fav (DOTA2/EPL/MLB)
[2026-05-30 14:57:54] =================================================================
[2026-05-30 14:57:54] 
[2026-05-30 14:57:54] =================================================================
[2026-05-30 14:57:54]   SCANNING — HYBRID 5-TIER STRATEGY
[2026-05-30 14:57:54] =================================================================
[2026-05-30 14:57:54]   Balance: $173.88 | Buying Power: $173.88
[2026-05-30 14:57:54]   Bet size: $5.22 (3% proven) / $3.48 (2% new leagues)
[2026-05-30 14:57:54] 
[2026-05-30 14:57:54]   WARNING: Could not fetch positions: 404 Client Error: Not Found for url: https://api.polymarket.us/v1/positions?limit=200
[2026-05-30 14:57:54]   WARNING: Could not fetch open orders: 501 Server Error: Not Implemented for url: https://api.polymarket.us/v1/orders?status=live&limit=200
[2026-05-30 14:57:54]   Scanning NBA...
[2026-05-30 14:57:55]     Found 1 events
[2026-05-30 14:57:55]   Scanning CBB...
[2026-05-30 14:57:55]     Found 0 events
[2026-05-30 14:57:55]   Scanning NHL...
[2026-05-30 14:57:55]     Found 3 events
[2026-05-30 14:57:55] 
[2026-05-30 14:57:55]   Total qualifying markets: 0
[2026-05-30 14:57:55]   New (not yet bet): 0
[2026-05-30 14:57:55] 
[2026-05-30 14:57:55]   No new qualifying markets found.
[2026-05-30 15:47:25] =================================================================
[2026-05-30 15:47:25]   POLYMARKET — MULTI-TIER BOT
[2026-05-30 15:47:25]   Mode: LIVE | Sizing: 3% of bankroll
[2026-05-30 15:47:25]   Leagues: NBA, CBB, NHL
[2026-05-30 15:47:25]   Bet window: 2h before game start
[2026-05-30 15:47:25]   Sizing: 3% (NBA/CBB) | 2% (NHL/MLB/EPL/DOTA2)
[2026-05-30 15:47:25]   Tiers: T1=B fav 75-90% | T2=Coin flip fav | T6=Coin flip dog
[2026-05-30 15:47:25]          T3=CBB B dog 50-55% | T4=NBA 50/50
[2026-05-30 15:47:25]          T7=60%+ fav (DOTA2/EPL/MLB)
[2026-05-30 15:47:25] =================================================================
[2026-05-30 15:47:25] 
[2026-05-30 15:47:25] =================================================================
[2026-05-30 15:47:25]   SCANNING — HYBRID 5-TIER STRATEGY
[2026-05-30 15:47:25] =================================================================
[2026-05-30 15:47:25]   Balance: $173.88 | Buying Power: $173.88
[2026-05-30 15:47:25]   Bet size: $5.22 (3% proven) / $3.48 (2% new leagues)
[2026-05-30 15:47:25] 
[2026-05-30 15:47:25]   WARNING: Could not fetch positions: 404 Client Error: Not Found for url: https://api.polymarket.us/v1/positions?limit=200
[2026-05-30 15:47:25]   WARNING: Could not fetch open orders: 501 Server Error: Not Implemented for url: https://api.polymarket.us/v1/orders?status=live&limit=200
[2026-05-30 15:47:25]   Scanning NBA...
[2026-05-30 15:47:25]     Found 1 events
[2026-05-30 15:47:25]   Scanning CBB...
[2026-05-30 15:47:25]     Found 0 events
[2026-05-30 15:47:26]   Scanning NHL...
[2026-05-30 15:47:26]     Found 3 events
[2026-05-30 15:47:26] 
[2026-05-30 15:47:26]   Total qualifying markets: 0
[2026-05-30 15:47:26]   New (not yet bet): 0
[2026-05-30 15:47:26] 
[2026-05-30 15:47:26]   No new qualifying markets found.
[2026-05-30 16:02:33] =================================================================
[2026-05-30 16:02:33]   POLYMARKET — MULTI-TIER BOT
[2026-05-30 16:02:33]   Mode: LIVE | Sizing: 3% of bankroll
[2026-05-30 16:02:33]   Leagues: NBA, CBB, NHL
[2026-05-30 16:02:33]   Bet window: 2h before game start
[2026-05-30 16:02:33]   Sizing: 3% (NBA/CBB) | 2% (NHL/MLB/EPL/DOTA2)
[2026-05-30 16:02:33]   Tiers: T1=B fav 75-90% | T2=Coin flip fav | T6=Coin flip dog
[2026-05-30 16:02:33]          T3=CBB B dog 50-55% | T4=NBA 50/50
[2026-05-30 16:02:33]          T7=60%+ fav (DOTA2/EPL/MLB)
[2026-05-30 16:02:33] =================================================================
[2026-05-30 16:02:33] 
[2026-05-30 16:02:33] =================================================================
[2026-05-30 16:02:33]   SCANNING — HYBRID 5-TIER STRATEGY
[2026-05-30 16:02:33] =================================================================
[2026-05-30 16:02:33]   Balance: $173.88 | Buying Power: $173.88
[2026-05-30 16:02:33]   Bet size: $5.22 (3% proven) / $3.48 (2% new leagues)
[2026-05-30 16:02:33] 
[2026-05-30 16:02:33]   WARNING: Could not fetch positions: 404 Client Error: Not Found for url: https://api.polymarket.us/v1/positions?limit=200
[2026-05-30 16:02:33]   WARNING: Could not fetch open orders: 501 Server Error: Not Implemented for url: https://api.polymarket.us/v1/orders?status=live&limit=200
[2026-05-30 16:02:33]   Scanning NBA...
[2026-05-30 16:02:33]     Found 1 events
[2026-05-30 16:02:33]   Scanning CBB...
[2026-05-30 16:02:33]     Found 0 events
[2026-05-30 16:02:34]   Scanning NHL...
[2026-05-30 16:02:34]     Found 3 events
[2026-05-30 16:02:34] 
[2026-05-30 16:02:34]   Total qualifying markets: 0
[2026-05-30 16:02:34]   New (not yet bet): 0
[2026-05-30 16:02:34] 
[2026-05-30 16:02:34]   No new qualifying markets found.
[2026-05-30 17:36:07] =================================================================
[2026-05-30 17:36:07]   POLYMARKET — MULTI-TIER BOT
[2026-05-30 17:36:07]   Mode: LIVE | Sizing: 3% of bankroll
[2026-05-30 17:36:07]   Leagues: NBA, CBB, NHL
[2026-05-30 17:36:07]   Bet window: 2h before game start
[2026-05-30 17:36:07]   Sizing: 3% (NBA/CBB) | 2% (NHL/MLB/EPL/DOTA2)
[2026-05-30 17:36:07]   Tiers: T1=B fav 75-90% | T2=Coin flip fav | T6=Coin flip dog
[2026-05-30 17:36:07]          T3=CBB B dog 50-55% | T4=NBA 50/50
[2026-05-30 17:36:07]          T7=60%+ fav (DOTA2/EPL/MLB)
[2026-05-30 17:36:07] =================================================================
[2026-05-30 17:36:07] 
[2026-05-30 17:36:07] =================================================================
[2026-05-30 17:36:07]   SCANNING — HYBRID 5-TIER STRATEGY
[2026-05-30 17:36:07] =================================================================
[2026-05-30 17:36:07]   Balance: $173.88 | Buying Power: $173.88
[2026-05-30 17:36:07]   Bet size: $5.22 (3% proven) / $3.48 (2% new leagues)
[2026-05-30 17:36:07] 
[2026-05-30 17:36:07]   WARNING: Could not fetch positions: 404 Client Error: Not Found for url: https://api.polymarket.us/v1/positions?limit=200
[2026-05-30 17:36:07]   WARNING: Could not fetch open orders: 501 Server Error: Not Implemented for url: https://api.polymarket.us/v1/orders?status=live&limit=200
[2026-05-30 17:36:07]   Scanning NBA...
[2026-05-30 17:36:08]     Found 1 events
[2026-05-30 17:36:08]   Scanning CBB...
[2026-05-30 17:36:08]     Found 0 events
[2026-05-30 17:36:08]   Scanning NHL...
[2026-05-30 17:36:08]     Found 3 events
[2026-05-30 17:36:08] 
[2026-05-30 17:36:08]   Total qualifying markets: 0
[2026-05-30 17:36:08]   New (not yet bet): 0
[2026-05-30 17:36:08] 
[2026-05-30 17:36:08]   No new qualifying markets found.
[2026-05-30 17:56:22] =================================================================
[2026-05-30 17:56:22]   POLYMARKET — MULTI-TIER BOT
[2026-05-30 17:56:22]   Mode: LIVE | Sizing: 3% of bankroll
[2026-05-30 17:56:22]   Leagues: NBA, CBB, NHL
[2026-05-30 17:56:22]   Bet window: 2h before game start
[2026-05-30 17:56:22]   Sizing: 3% (NBA/CBB) | 2% (NHL/MLB/EPL/DOTA2)
[2026-05-30 17:56:22]   Tiers: T1=B fav 75-90% | T2=Coin flip fav | T6=Coin flip dog
[2026-05-30 17:56:22]          T3=CBB B dog 50-55% | T4=NBA 50/50
[2026-05-30 17:56:22]          T7=60%+ fav (DOTA2/EPL/MLB)
[2026-05-30 17:56:22] =================================================================
[2026-05-30 17:56:22] 
[2026-05-30 17:56:22] =================================================================
[2026-05-30 17:56:22]   SCANNING — HYBRID 5-TIER STRATEGY
[2026-05-30 17:56:22] =================================================================
[2026-05-30 17:56:23]   Balance: $173.88 | Buying Power: $173.88
[2026-05-30 17:56:23]   Bet size: $5.22 (3% proven) / $3.48 (2% new leagues)
[2026-05-30 17:56:23] 
[2026-05-30 17:56:23]   WARNING: Could not fetch positions: 404 Client Error: Not Found for url: https://api.polymarket.us/v1/positions?limit=200
[2026-05-30 17:56:23]   WARNING: Could not fetch open orders: 501 Server Error: Not Implemented for url: https://api.polymarket.us/v1/orders?status=live&limit=200
[2026-05-30 17:56:23]   Scanning NBA...
[2026-05-30 17:56:23]     Found 1 events
[2026-05-30 17:56:23]   Scanning CBB...
[2026-05-30 17:56:23]     Found 0 events
[2026-05-30 17:56:23]   Scanning NHL...
[2026-05-30 17:56:23]     Found 3 events
[2026-05-30 17:56:23] 
[2026-05-30 17:56:23]   Total qualifying markets: 0
[2026-05-30 17:56:23]   New (not yet bet): 0
[2026-05-30 17:56:23] 
[2026-05-30 17:56:23]   No new qualifying markets found.
[2026-05-30 18:21:02] =================================================================
[2026-05-30 18:21:02]   POLYMARKET — MULTI-TIER BOT
[2026-05-30 18:21:02]   Mode: LIVE | Sizing: 3% of bankroll
[2026-05-30 18:21:02]   Leagues: NBA, CBB, NHL
[2026-05-30 18:21:02]   Bet window: 2h before game start
[2026-05-30 18:21:02]   Sizing: 3% (NBA/CBB) | 2% (NHL/MLB/EPL/DOTA2)
[2026-05-30 18:21:02]   Tiers: T1=B fav 75-90% | T2=Coin flip fav | T6=Coin flip dog
[2026-05-30 18:21:02]          T3=CBB B dog 50-55% | T4=NBA 50/50
[2026-05-30 18:21:02]          T7=60%+ fav (DOTA2/EPL/MLB)
[2026-05-30 18:21:02] =================================================================
[2026-05-30 18:21:02] 
[2026-05-30 18:21:02] =================================================================
[2026-05-30 18:21:02]   SCANNING — HYBRID 5-TIER STRATEGY
[2026-05-30 18:21:02] =================================================================
[2026-05-30 18:21:02]   Balance: $173.88 | Buying Power: $173.88
[2026-05-30 18:21:02]   Bet size: $5.22 (3% proven) / $3.48 (2% new leagues)
[2026-05-30 18:21:02] 
[2026-05-30 18:21:02]   WARNING: Could not fetch positions: 404 Client Error: Not Found for url: https://api.polymarket.us/v1/positions?limit=200
[2026-05-30 18:21:02]   WARNING: Could not fetch open orders: 501 Server Error: Not Implemented for url: https://api.polymarket.us/v1/orders?status=live&limit=200
[2026-05-30 18:21:02]   Scanning NBA...
[2026-05-30 18:21:03]     Found 1 events
[2026-05-30 18:21:03]   Scanning CBB...
[2026-05-30 18:21:03]     Found 0 events
[2026-05-30 18:21:03]   Scanning NHL...
[2026-05-30 18:21:03]     Found 3 events
[2026-05-30 18:21:03] 
[2026-05-30 18:21:03]   Total qualifying markets: 0
[2026-05-30 18:21:03]   New (not yet bet): 0
[2026-05-30 18:21:03] 
[2026-05-30 18:21:03]   No new qualifying markets found.
[2026-05-30 19:03:05] =================================================================
[2026-05-30 19:03:05]   POLYMARKET — MULTI-TIER BOT
[2026-05-30 19:03:05]   Mode: LIVE | Sizing: 3% of bankroll
[2026-05-30 19:03:05]   Leagues: NBA, CBB, NHL
[2026-05-30 19:03:05]   Bet window: 2h before game start
[2026-05-30 19:03:05]   Sizing: 3% (NBA/CBB) | 2% (NHL/MLB/EPL/DOTA2)
[2026-05-30 19:03:05]   Tiers: T1=B fav 75-90% | T2=Coin flip fav | T6=Coin flip dog
[2026-05-30 19:03:05]          T3=CBB B dog 50-55% | T4=NBA 50/50
[2026-05-30 19:03:05]          T7=60%+ fav (DOTA2/EPL/MLB)
[2026-05-30 19:03:05] =================================================================
[2026-05-30 19:03:05] 
[2026-05-30 19:03:05] =================================================================
[2026-05-30 19:03:05]   SCANNING — HYBRID 5-TIER STRATEGY
[2026-05-30 19:03:05] =================================================================
[2026-05-30 19:03:05]   Balance: $173.88 | Buying Power: $173.88
[2026-05-30 19:03:05]   Bet size: $5.22 (3% proven) / $3.48 (2% new leagues)
[2026-05-30 19:03:05] 
[2026-05-30 19:03:05]   WARNING: Could not fetch positions: 404 Client Error: Not Found for url: https://api.polymarket.us/v1/positions?limit=200
[2026-05-30 19:03:05]   WARNING: Could not fetch open orders: 501 Server Error: Not Implemented for url: https://api.polymarket.us/v1/orders?status=live&limit=200
[2026-05-30 19:03:05]   Scanning NBA...
[2026-05-30 19:03:05]     Found 1 events
[2026-05-30 19:03:05]   Scanning CBB...
[2026-05-30 19:03:05]     Found 0 events
[2026-05-30 19:03:05]   Scanning NHL...
[2026-05-30 19:03:05]     Found 3 events
[2026-05-30 19:03:05] 
[2026-05-30 19:03:05]   Total qualifying markets: 0
[2026-05-30 19:03:05]   New (not yet bet): 0
[2026-05-30 19:03:05] 
[2026-05-30 19:03:05]   No new qualifying markets found.
[2026-05-30 19:37:19] =================================================================
[2026-05-30 19:37:19]   POLYMARKET — MULTI-TIER BOT
[2026-05-30 19:37:19]   Mode: LIVE | Sizing: 3% of bankroll
[2026-05-30 19:37:19]   Leagues: NBA, CBB, NHL
[2026-05-30 19:37:19]   Bet window: 2h before game start
[2026-05-30 19:37:19]   Sizing: 3% (NBA/CBB) | 2% (NHL/MLB/EPL/DOTA2)
[2026-05-30 19:37:19]   Tiers: T1=B fav 75-90% | T2=Coin flip fav | T6=Coin flip dog
[2026-05-30 19:37:19]          T3=CBB B dog 50-55% | T4=NBA 50/50
[2026-05-30 19:37:19]          T7=60%+ fav (DOTA2/EPL/MLB)
[2026-05-30 19:37:19] =================================================================
[2026-05-30 19:37:19] 
[2026-05-30 19:37:19] =================================================================
[2026-05-30 19:37:19]   SCANNING — HYBRID 5-TIER STRATEGY
[2026-05-30 19:37:19] =================================================================
[2026-05-30 19:37:19]   Balance: $178.88 | Buying Power: $178.88
[2026-05-30 19:37:19]   Bet size: $5.37 (3% proven) / $3.58 (2% new leagues)
[2026-05-30 19:37:19] 
[2026-05-30 19:37:19]   WARNING: Could not fetch positions: 404 Client Error: Not Found for url: https://api.polymarket.us/v1/positions?limit=200
[2026-05-30 19:37:19]   WARNING: Could not fetch open orders: 501 Server Error: Not Implemented for url: https://api.polymarket.us/v1/orders?status=live&limit=200
[2026-05-30 19:37:19]   Scanning NBA...
[2026-05-30 19:37:19]     Found 1 events
[2026-05-30 19:37:19]   Scanning CBB...
[2026-05-30 19:37:19]     Found 0 events
[2026-05-30 19:37:19]   Scanning NHL...
[2026-05-30 19:37:19]     Found 3 events
[2026-05-30 19:37:19] 
[2026-05-30 19:37:19]   Total qualifying markets: 0
[2026-05-30 19:37:19]   New (not yet bet): 0
[2026-05-30 19:37:19] 
[2026-05-30 19:37:19]   No new qualifying markets found.
[2026-05-30 19:48:57] =================================================================
[2026-05-30 19:48:57]   POLYMARKET — MULTI-TIER BOT
[2026-05-30 19:48:57]   Mode: LIVE | Sizing: 3% of bankroll
[2026-05-30 19:48:57]   Leagues: NBA, CBB, NHL
[2026-05-30 19:48:57]   Bet window: 2h before game start
[2026-05-30 19:48:57]   Sizing: 3% (NBA/CBB) | 2% (NHL/MLB/EPL/DOTA2)
[2026-05-30 19:48:57]   Tiers: T1=B fav 75-90% | T2=Coin flip fav | T6=Coin flip dog
[2026-05-30 19:48:57]          T3=CBB B dog 50-55% | T4=NBA 50/50
[2026-05-30 19:48:57]          T7=60%+ fav (DOTA2/EPL/MLB)
[2026-05-30 19:48:57] =================================================================
[2026-05-30 19:48:57] 
[2026-05-30 19:48:57] =================================================================
[2026-05-30 19:48:57]   SCANNING — HYBRID 5-TIER STRATEGY
[2026-05-30 19:48:57] =================================================================
[2026-05-30 19:48:57]   Balance: $178.88 | Buying Power: $178.88
[2026-05-30 19:48:57]   Bet size: $5.37 (3% proven) / $3.58 (2% new leagues)
[2026-05-30 19:48:57] 
[2026-05-30 19:48:57]   WARNING: Could not fetch positions: 404 Client Error: Not Found for url: https://api.polymarket.us/v1/positions?limit=200
[2026-05-30 19:48:57]   WARNING: Could not fetch open orders: 501 Server Error: Not Implemented for url: https://api.polymarket.us/v1/orders?status=live&limit=200
[2026-05-30 19:48:57]   Scanning NBA...
[2026-05-30 19:48:57]     Found 1 events
[2026-05-30 19:48:57]   Scanning CBB...
[2026-05-30 19:48:57]     Found 0 events
[2026-05-30 19:48:57]   Scanning NHL...
[2026-05-30 19:48:57]     Found 3 events
[2026-05-30 19:48:58] 
[2026-05-30 19:48:58]   Total qualifying markets: 0
[2026-05-30 19:48:58]   New (not yet bet): 0
[2026-05-30 19:48:58] 
[2026-05-30 19:48:58]   No new qualifying markets found.
[2026-05-30 20:43:24] =================================================================
[2026-05-30 20:43:24]   POLYMARKET — MULTI-TIER BOT
[2026-05-30 20:43:24]   Mode: LIVE | Sizing: 3% of bankroll
[2026-05-30 20:43:24]   Leagues: NBA, CBB, NHL
[2026-05-30 20:43:24]   Bet window: 2h before game start
[2026-05-30 20:43:24]   Sizing: 3% (NBA/CBB) | 2% (NHL/MLB/EPL/DOTA2)
[2026-05-30 20:43:24]   Tiers: T1=B fav 75-90% | T2=Coin flip fav | T6=Coin flip dog
[2026-05-30 20:43:24]          T3=CBB B dog 50-55% | T4=NBA 50/50
[2026-05-30 20:43:24]          T7=60%+ fav (DOTA2/EPL/MLB)
[2026-05-30 20:43:24] =================================================================
[2026-05-30 20:43:24] 
[2026-05-30 20:43:24] =================================================================
[2026-05-30 20:43:24]   SCANNING — HYBRID 5-TIER STRATEGY
[2026-05-30 20:43:24] =================================================================
[2026-05-30 20:43:25]   Balance: $178.88 | Buying Power: $178.88
[2026-05-30 20:43:25]   Bet size: $5.37 (3% proven) / $3.58 (2% new leagues)
[2026-05-30 20:43:25] 
[2026-05-30 20:43:25]   WARNING: Could not fetch positions: 404 Client Error: Not Found for url: https://api.polymarket.us/v1/positions?limit=200
[2026-05-30 20:43:25]   WARNING: Could not fetch open orders: 501 Server Error: Not Implemented for url: https://api.polymarket.us/v1/orders?status=live&limit=200
[2026-05-30 20:43:25]   Scanning NBA...
[2026-05-30 20:43:25]     Found 1 events
[2026-05-30 20:43:25]   Scanning CBB...
[2026-05-30 20:43:25]     Found 0 events
[2026-05-30 20:43:25]   Scanning NHL...
[2026-05-30 20:43:25]     Found 3 events
[2026-05-30 20:43:25] 
[2026-05-30 20:43:25]   Total qualifying markets: 0
[2026-05-30 20:43:25]   New (not yet bet): 0
[2026-05-30 20:43:25] 
[2026-05-30 20:43:25]   No new qualifying markets found.
[2026-05-30 21:01:47] =================================================================
[2026-05-30 21:01:47]   POLYMARKET — MULTI-TIER BOT
[2026-05-30 21:01:47]   Mode: LIVE | Sizing: 3% of bankroll
[2026-05-30 21:01:47]   Leagues: NBA, CBB, NHL
[2026-05-30 21:01:47]   Bet window: 2h before game start
[2026-05-30 21:01:47]   Sizing: 3% (NBA/CBB) | 2% (NHL/MLB/EPL/DOTA2)
[2026-05-30 21:01:47]   Tiers: T1=B fav 75-90% | T2=Coin flip fav | T6=Coin flip dog
[2026-05-30 21:01:47]          T3=CBB B dog 50-55% | T4=NBA 50/50
[2026-05-30 21:01:47]          T7=60%+ fav (DOTA2/EPL/MLB)
[2026-05-30 21:01:47] =================================================================
[2026-05-30 21:01:47] 
[2026-05-30 21:01:47] =================================================================
[2026-05-30 21:01:47]   SCANNING — HYBRID 5-TIER STRATEGY
[2026-05-30 21:01:47] =================================================================
[2026-05-30 21:01:47]   Balance: $178.88 | Buying Power: $178.88
[2026-05-30 21:01:47]   Bet size: $5.37 (3% proven) / $3.58 (2% new leagues)
[2026-05-30 21:01:47] 
[2026-05-30 21:01:47]   WARNING: Could not fetch positions: 404 Client Error: Not Found for url: https://api.polymarket.us/v1/positions?limit=200
[2026-05-30 21:01:47]   WARNING: Could not fetch open orders: 501 Server Error: Not Implemented for url: https://api.polymarket.us/v1/orders?status=live&limit=200
[2026-05-30 21:01:47]   Scanning NBA...
[2026-05-30 21:01:47]     Found 1 events
[2026-05-30 21:01:47]   Scanning CBB...
[2026-05-30 21:01:47]     Found 0 events
[2026-05-30 21:01:47]   Scanning NHL...
[2026-05-30 21:01:47]     Found 3 events
[2026-05-30 21:01:47] 
[2026-05-30 21:01:47]   Total qualifying markets: 0
[2026-05-30 21:01:47]   New (not yet bet): 0
[2026-05-30 21:01:47] 
[2026-05-30 21:01:47]   No new qualifying markets found.
[2026-05-30 21:34:19] =================================================================
[2026-05-30 21:34:19]   POLYMARKET — MULTI-TIER BOT
[2026-05-30 21:34:19]   Mode: LIVE | Sizing: 3% of bankroll
[2026-05-30 21:34:19]   Leagues: NBA, CBB, NHL
[2026-05-30 21:34:19]   Bet window: 2h before game start
[2026-05-30 21:34:19]   Sizing: 3% (NBA/CBB) | 2% (NHL/MLB/EPL/DOTA2)
[2026-05-30 21:34:19]   Tiers: T1=B fav 75-90% | T2=Coin flip fav | T6=Coin flip dog
[2026-05-30 21:34:19]          T3=CBB B dog 50-55% | T4=NBA 50/50
[2026-05-30 21:34:19]          T7=60%+ fav (DOTA2/EPL/MLB)
[2026-05-30 21:34:19] =================================================================
[2026-05-30 21:34:19] 
[2026-05-30 21:34:19] =================================================================
[2026-05-30 21:34:19]   SCANNING — HYBRID 5-TIER STRATEGY
[2026-05-30 21:34:19] =================================================================
[2026-05-30 21:34:19]   Balance: $178.88 | Buying Power: $178.88
[2026-05-30 21:34:19]   Bet size: $5.37 (3% proven) / $3.58 (2% new leagues)
[2026-05-30 21:34:19] 
[2026-05-30 21:34:19]   WARNING: Could not fetch positions: 404 Client Error: Not Found for url: https://api.polymarket.us/v1/positions?limit=200
[2026-05-30 21:34:19]   WARNING: Could not fetch open orders: 501 Server Error: Not Implemented for url: https://api.polymarket.us/v1/orders?status=live&limit=200
[2026-05-30 21:34:19]   Scanning NBA...
[2026-05-30 21:34:19]     Found 1 events
[2026-05-30 21:34:20]   Scanning CBB...
[2026-05-30 21:34:20]     Found 0 events
[2026-05-30 21:34:20]   Scanning NHL...
[2026-05-30 21:34:20]     Found 3 events
[2026-05-30 21:34:20] 
[2026-05-30 21:34:20]   Total qualifying markets: 0
[2026-05-30 21:34:20]   New (not yet bet): 0
[2026-05-30 21:34:20] 
[2026-05-30 21:34:20]   No new qualifying markets found.
[2026-05-30 21:43:17] =================================================================
[2026-05-30 21:43:17]   POLYMARKET — MULTI-TIER BOT
[2026-05-30 21:43:17]   Mode: LIVE | Sizing: 3% of bankroll
[2026-05-30 21:43:17]   Leagues: NBA, CBB, NHL
[2026-05-30 21:43:17]   Bet window: 2h before game start
[2026-05-30 21:43:17]   Sizing: 3% (NBA/CBB) | 2% (NHL/MLB/EPL/DOTA2)
[2026-05-30 21:43:17]   Tiers: T1=B fav 75-90% | T2=Coin flip fav | T6=Coin flip dog
[2026-05-30 21:43:17]          T3=CBB B dog 50-55% | T4=NBA 50/50
[2026-05-30 21:43:17]          T7=60%+ fav (DOTA2/EPL/MLB)
[2026-05-30 21:43:17] =================================================================
[2026-05-30 21:43:17] 
[2026-05-30 21:43:17] =================================================================
[2026-05-30 21:43:17]   SCANNING — HYBRID 5-TIER STRATEGY
[2026-05-30 21:43:17] =================================================================
[2026-05-30 21:43:17]   Balance: $178.88 | Buying Power: $178.88
[2026-05-30 21:43:17]   Bet size: $5.37 (3% proven) / $3.58 (2% new leagues)
[2026-05-30 21:43:17] 
[2026-05-30 21:43:17]   WARNING: Could not fetch positions: 404 Client Error: Not Found for url: https://api.polymarket.us/v1/positions?limit=200
[2026-05-30 21:43:17]   WARNING: Could not fetch open orders: 501 Server Error: Not Implemented for url: https://api.polymarket.us/v1/orders?status=live&limit=200
[2026-05-30 21:43:17]   Scanning NBA...
[2026-05-30 21:43:17]     Found 1 events
[2026-05-30 21:43:18]   Scanning CBB...
[2026-05-30 21:43:18]     Found 0 events
[2026-05-30 21:43:18]   Scanning NHL...
[2026-05-30 21:43:18]     Found 3 events
[2026-05-30 21:43:18] 
[2026-05-30 21:43:18]   Total qualifying markets: 0
[2026-05-30 21:43:18]   New (not yet bet): 0
[2026-05-30 21:43:18] 
[2026-05-30 21:43:18]   No new qualifying markets found.
[2026-05-30 21:50:51] =================================================================
[2026-05-30 21:50:51]   POLYMARKET — MULTI-TIER BOT
[2026-05-30 21:50:51]   Mode: LIVE | Sizing: 3% of bankroll
[2026-05-30 21:50:51]   Leagues: NBA, CBB, NHL
[2026-05-30 21:50:51]   Bet window: 2h before game start
[2026-05-30 21:50:51]   Sizing: 3% (NBA/CBB) | 2% (NHL/MLB/EPL/DOTA2)
[2026-05-30 21:50:51]   Tiers: T1=B fav 75-90% | T2=Coin flip fav | T6=Coin flip dog
[2026-05-30 21:50:51]          T3=CBB B dog 50-55% | T4=NBA 50/50
[2026-05-30 21:50:51]          T7=60%+ fav (DOTA2/EPL/MLB)
[2026-05-30 21:50:51] =================================================================
[2026-05-30 21:50:51] 
[2026-05-30 21:50:51] =================================================================
[2026-05-30 21:50:51]   SCANNING — HYBRID 5-TIER STRATEGY
[2026-05-30 21:50:51] =================================================================
[2026-05-30 21:50:51]   Balance: $178.88 | Buying Power: $178.88
[2026-05-30 21:50:51]   Bet size: $5.37 (3% proven) / $3.58 (2% new leagues)
[2026-05-30 21:50:51] 
[2026-05-30 21:50:51]   WARNING: Could not fetch positions: 404 Client Error: Not Found for url: https://api.polymarket.us/v1/positions?limit=200
[2026-05-30 21:50:51]   WARNING: Could not fetch open orders: 501 Server Error: Not Implemented for url: https://api.polymarket.us/v1/orders?status=live&limit=200
[2026-05-30 21:50:51]   Scanning NBA...
[2026-05-30 21:50:51]     Found 1 events
[2026-05-30 21:50:51]   Scanning CBB...
[2026-05-30 21:50:51]     Found 0 events
[2026-05-30 21:50:51]   Scanning NHL...
[2026-05-30 21:50:52]     Found 3 events
[2026-05-30 21:50:52] 
[2026-05-30 21:50:52]   Total qualifying markets: 0
[2026-05-30 21:50:52]   New (not yet bet): 0
[2026-05-30 21:50:52] 
[2026-05-30 21:50:52]   No new qualifying markets found.
[2026-05-30 22:31:10] =================================================================
[2026-05-30 22:31:10]   POLYMARKET — MULTI-TIER BOT
[2026-05-30 22:31:10]   Mode: LIVE | Sizing: 3% of bankroll
[2026-05-30 22:31:10]   Leagues: NBA, CBB, NHL
[2026-05-30 22:31:10]   Bet window: 2h before game start
[2026-05-30 22:31:10]   Sizing: 3% (NBA/CBB) | 2% (NHL/MLB/EPL/DOTA2)
[2026-05-30 22:31:10]   Tiers: T1=B fav 75-90% | T2=Coin flip fav | T6=Coin flip dog
[2026-05-30 22:31:10]          T3=CBB B dog 50-55% | T4=NBA 50/50
[2026-05-30 22:31:10]          T7=60%+ fav (DOTA2/EPL/MLB)
[2026-05-30 22:31:10] =================================================================
[2026-05-30 22:31:10] 
[2026-05-30 22:31:10] =================================================================
[2026-05-30 22:31:10]   SCANNING — HYBRID 5-TIER STRATEGY
[2026-05-30 22:31:10] =================================================================
[2026-05-30 22:31:10]   Balance: $178.88 | Buying Power: $178.88
[2026-05-30 22:31:10]   Bet size: $5.37 (3% proven) / $3.58 (2% new leagues)
[2026-05-30 22:31:10] 
[2026-05-30 22:31:10]   WARNING: Could not fetch positions: 404 Client Error: Not Found for url: https://api.polymarket.us/v1/positions?limit=200
[2026-05-30 22:31:10]   WARNING: Could not fetch open orders: 501 Server Error: Not Implemented for url: https://api.polymarket.us/v1/orders?status=live&limit=200
[2026-05-30 22:31:10]   Scanning NBA...
[2026-05-30 22:31:10]     Found 1 events
[2026-05-30 22:31:10]     [SIGNAL] T4: NBA 50/50        | San Antonio vs. Oklahoma City       | Thunder         @43.0%
[2026-05-30 22:31:10]   Scanning CBB...
[2026-05-30 22:31:10]     Found 0 events
[2026-05-30 22:31:11]   Scanning NHL...
[2026-05-30 22:31:11]     Found 3 events
[2026-05-30 22:31:11] 
[2026-05-30 22:31:11]   Total qualifying markets: 1
[2026-05-30 22:31:11]     T4: NBA 50/50: 1
[2026-05-30 22:31:11]   New (not yet bet): 1
[2026-05-30 22:31:11] 
[2026-05-30 22:31:11]   PLACING BETS:
[2026-05-30 22:31:11]   -----------------------------------------------------------------
[2026-05-30 22:31:11]     [T4: NBA 50/50] Betting $5.37 (3%) on Thunder @ 58.0% | NBA San Antonio vs. Oklahoma City
[2026-05-30 22:31:11]     Previewing order: 9 shares @ $0.58 = $5.37 (NO)
[2026-05-30 22:31:11]     Preview OK: {"order": {"id": "", "marketSlug": "aec-nba-sa-okc-2026-05-30", "side": "ORDER_SIDE_SELL", "type": "ORDER_TYPE_LIMIT", "price": {"value": "0.42", "currency": "USD"}, "quantity": 9, "cumQuantity": 0, "
[2026-05-30 22:31:11]     Order result: {"id": "ABD95BXKE1NX", "executions": []}
[2026-05-30 22:31:11]     BET PLACED on Thunder
[2026-05-30 22:31:11] 
  Updated Balance: $182.55 | Buying Power: $173.55
[2026-05-30 22:36:15] =================================================================
[2026-05-30 22:36:15]   POLYMARKET — MULTI-TIER BOT
[2026-05-30 22:36:15]   Mode: LIVE | Sizing: 3% of bankroll
[2026-05-30 22:36:15]   Leagues: NBA, CBB, NHL
[2026-05-30 22:36:15]   Bet window: 2h before game start
[2026-05-30 22:36:15]   Sizing: 3% (NBA/CBB) | 2% (NHL/MLB/EPL/DOTA2)
[2026-05-30 22:36:15]   Tiers: T1=B fav 75-90% | T2=Coin flip fav | T6=Coin flip dog
[2026-05-30 22:36:15]          T3=CBB B dog 50-55% | T4=NBA 50/50
[2026-05-30 22:36:15]          T7=60%+ fav (DOTA2/EPL/MLB)
[2026-05-30 22:36:15] =================================================================
[2026-05-30 22:36:15] 
[2026-05-30 22:36:15] =================================================================
[2026-05-30 22:36:15]   SCANNING — HYBRID 5-TIER STRATEGY
[2026-05-30 22:36:15] =================================================================
[2026-05-30 22:36:15]   Balance: $182.55 | Buying Power: $173.55
[2026-05-30 22:36:15]   Bet size: $5.21 (3% proven) / $3.47 (2% new leagues)
[2026-05-30 22:36:15] 
[2026-05-30 22:36:15]   WARNING: Could not fetch positions: 404 Client Error: Not Found for url: https://api.polymarket.us/v1/positions?limit=200
[2026-05-30 22:36:15]   WARNING: Could not fetch open orders: 501 Server Error: Not Implemented for url: https://api.polymarket.us/v1/orders?status=live&limit=200
[2026-05-30 22:36:15]   Scanning NBA...
[2026-05-30 22:36:15]     Found 1 events
[2026-05-30 22:36:15]     [DONE] T4: NBA 50/50        | San Antonio vs. Oklahoma City       | Thunder         @43.0%
[2026-05-30 22:36:15]   Scanning CBB...
[2026-05-30 22:36:15]     Found 0 events
[2026-05-30 22:36:15]   Scanning NHL...
[2026-05-30 22:36:16]     Found 3 events
[2026-05-30 22:36:16] 
[2026-05-30 22:36:16]   Total qualifying markets: 1
[2026-05-30 22:36:16]     T4: NBA 50/50: 1
[2026-05-30 22:36:16]   New (not yet bet): 0
[2026-05-30 22:36:16] 
[2026-05-30 22:36:16]   No new qualifying markets found.
[2026-05-30 22:41:15] =================================================================
[2026-05-30 22:41:15]   POLYMARKET — MULTI-TIER BOT
[2026-05-30 22:41:15]   Mode: LIVE | Sizing: 3% of bankroll
[2026-05-30 22:41:15]   Leagues: NBA, CBB, NHL
[2026-05-30 22:41:15]   Bet window: 2h before game start
[2026-05-30 22:41:15]   Sizing: 3% (NBA/CBB) | 2% (NHL/MLB/EPL/DOTA2)
[2026-05-30 22:41:15]   Tiers: T1=B fav 75-90% | T2=Coin flip fav | T6=Coin flip dog
[2026-05-30 22:41:15]          T3=CBB B dog 50-55% | T4=NBA 50/50
[2026-05-30 22:41:15]          T7=60%+ fav (DOTA2/EPL/MLB)
[2026-05-30 22:41:15] =================================================================
[2026-05-30 22:41:15] 
[2026-05-30 22:41:15] =================================================================
[2026-05-30 22:41:15]   SCANNING — HYBRID 5-TIER STRATEGY
[2026-05-30 22:41:15] =================================================================
[2026-05-30 22:41:15]   Balance: $182.55 | Buying Power: $173.55
[2026-05-30 22:41:15]   Bet size: $5.21 (3% proven) / $3.47 (2% new leagues)
[2026-05-30 22:41:15] 
[2026-05-30 22:41:15]   WARNING: Could not fetch positions: 404 Client Error: Not Found for url: https://api.polymarket.us/v1/positions?limit=200
[2026-05-30 22:41:15]   WARNING: Could not fetch open orders: 501 Server Error: Not Implemented for url: https://api.polymarket.us/v1/orders?status=live&limit=200
[2026-05-30 22:41:15]   Scanning NBA...
[2026-05-30 22:41:16]     Found 1 events
[2026-05-30 22:41:16]     [DONE] T4: NBA 50/50        | San Antonio vs. Oklahoma City       | Thunder         @43.0%
[2026-05-30 22:41:16]   Scanning CBB...
[2026-05-30 22:41:16]     Found 0 events
[2026-05-30 22:41:16]   Scanning NHL...
[2026-05-30 22:41:16]     Found 3 events
[2026-05-30 22:41:16] 
[2026-05-30 22:41:16]   Total qualifying markets: 1
[2026-05-30 22:41:16]     T4: NBA 50/50: 1
[2026-05-30 22:41:16]   New (not yet bet): 0
[2026-05-30 22:41:16] 
[2026-05-30 22:41:16]   No new qualifying markets found.
[2026-05-30 22:46:42] =================================================================
[2026-05-30 22:46:42]   POLYMARKET — MULTI-TIER BOT
[2026-05-30 22:46:42]   Mode: LIVE | Sizing: 3% of bankroll
[2026-05-30 22:46:42]   Leagues: NBA, CBB, NHL
[2026-05-30 22:46:42]   Bet window: 2h before game start
[2026-05-30 22:46:42]   Sizing: 3% (NBA/CBB) | 2% (NHL/MLB/EPL/DOTA2)
[2026-05-30 22:46:42]   Tiers: T1=B fav 75-90% | T2=Coin flip fav | T6=Coin flip dog
[2026-05-30 22:46:42]          T3=CBB B dog 50-55% | T4=NBA 50/50
[2026-05-30 22:46:42]          T7=60%+ fav (DOTA2/EPL/MLB)
[2026-05-30 22:46:42] =================================================================
[2026-05-30 22:46:42] 
[2026-05-30 22:46:42] =================================================================
[2026-05-30 22:46:42]   SCANNING — HYBRID 5-TIER STRATEGY
[2026-05-30 22:46:42] =================================================================
[2026-05-30 22:46:42]   Balance: $182.55 | Buying Power: $173.55
[2026-05-30 22:46:42]   Bet size: $5.21 (3% proven) / $3.47 (2% new leagues)
[2026-05-30 22:46:42] 
[2026-05-30 22:46:42]   WARNING: Could not fetch positions: 404 Client Error: Not Found for url: https://api.polymarket.us/v1/positions?limit=200
[2026-05-30 22:46:42]   WARNING: Could not fetch open orders: 501 Server Error: Not Implemented for url: https://api.polymarket.us/v1/orders?status=live&limit=200
[2026-05-30 22:46:42]   Scanning NBA...
[2026-05-30 22:46:42]     Found 1 events
[2026-05-30 22:46:42]     [DONE] T4: NBA 50/50        | San Antonio vs. Oklahoma City       | Thunder         @43.0%
[2026-05-30 22:46:43]   Scanning CBB...
[2026-05-30 22:46:43]     Found 0 events
[2026-05-30 22:46:43]   Scanning NHL...
[2026-05-30 22:46:43]     Found 3 events
[2026-05-30 22:46:43] 
[2026-05-30 22:46:43]   Total qualifying markets: 1
[2026-05-30 22:46:43]     T4: NBA 50/50: 1
[2026-05-30 22:46:43]   New (not yet bet): 0
[2026-05-30 22:46:43] 
[2026-05-30 22:46:43]   No new qualifying markets found.
[2026-05-30 23:17:22] =================================================================
[2026-05-30 23:17:22]   POLYMARKET — MULTI-TIER BOT
[2026-05-30 23:17:22]   Mode: LIVE | Sizing: 3% of bankroll
[2026-05-30 23:17:22]   Leagues: NBA, CBB, NHL
[2026-05-30 23:17:22]   Bet window: 2h before game start
[2026-05-30 23:17:22]   Sizing: 3% (NBA/CBB) | 2% (NHL/MLB/EPL/DOTA2)
[2026-05-30 23:17:22]   Tiers: T1=B fav 75-90% | T2=Coin flip fav | T6=Coin flip dog
[2026-05-30 23:17:22]          T3=CBB B dog 50-55% | T4=NBA 50/50
[2026-05-30 23:17:22]          T7=60%+ fav (DOTA2/EPL/MLB)
[2026-05-30 23:17:22] =================================================================
[2026-05-30 23:17:22] 
[2026-05-30 23:17:22] =================================================================
[2026-05-30 23:17:22]   SCANNING — HYBRID 5-TIER STRATEGY
[2026-05-30 23:17:22] =================================================================
[2026-05-30 23:17:23]   Balance: $182.55 | Buying Power: $173.55
[2026-05-30 23:17:23]   Bet size: $5.21 (3% proven) / $3.47 (2% new leagues)
[2026-05-30 23:17:23] 
[2026-05-30 23:17:23]   WARNING: Could not fetch positions: 404 Client Error: Not Found for url: https://api.polymarket.us/v1/positions?limit=200
[2026-05-30 23:17:23]   WARNING: Could not fetch open orders: 501 Server Error: Not Implemented for url: https://api.polymarket.us/v1/orders?status=live&limit=200
[2026-05-30 23:17:23]   Scanning NBA...
[2026-05-30 23:17:23]     Found 1 events
[2026-05-30 23:17:23]     [DONE] T4: NBA 50/50        | San Antonio vs. Oklahoma City       | Thunder         @43.0%
[2026-05-30 23:17:23]   Scanning CBB...
[2026-05-30 23:17:23]     Found 0 events
[2026-05-30 23:17:23]   Scanning NHL...
[2026-05-30 23:17:23]     Found 3 events
[2026-05-30 23:17:23] 
[2026-05-30 23:17:23]   Total qualifying markets: 1
[2026-05-30 23:17:23]     T4: NBA 50/50: 1
[2026-05-30 23:17:23]   New (not yet bet): 0
[2026-05-30 23:17:23] 
[2026-05-30 23:17:23]   No new qualifying markets found.
[2026-05-30 23:33:49] =================================================================
[2026-05-30 23:33:49]   POLYMARKET — MULTI-TIER BOT
[2026-05-30 23:33:49]   Mode: LIVE | Sizing: 3% of bankroll
[2026-05-30 23:33:49]   Leagues: NBA, CBB, NHL
[2026-05-30 23:33:49]   Bet window: 2h before game start
[2026-05-30 23:33:49]   Sizing: 3% (NBA/CBB) | 2% (NHL/MLB/EPL/DOTA2)
[2026-05-30 23:33:49]   Tiers: T1=B fav 75-90% | T2=Coin flip fav | T6=Coin flip dog
[2026-05-30 23:33:49]          T3=CBB B dog 50-55% | T4=NBA 50/50
[2026-05-30 23:33:49]          T7=60%+ fav (DOTA2/EPL/MLB)
[2026-05-30 23:33:49] =================================================================
[2026-05-30 23:33:49] 
[2026-05-30 23:33:49] =================================================================
[2026-05-30 23:33:49]   SCANNING — HYBRID 5-TIER STRATEGY
[2026-05-30 23:33:49] =================================================================
[2026-05-30 23:33:49]   Balance: $182.55 | Buying Power: $173.55
[2026-05-30 23:33:49]   Bet size: $5.21 (3% proven) / $3.47 (2% new leagues)
[2026-05-30 23:33:49] 
[2026-05-30 23:33:49]   WARNING: Could not fetch positions: 404 Client Error: Not Found for url: https://api.polymarket.us/v1/positions?limit=200
[2026-05-30 23:33:49]   WARNING: Could not fetch open orders: 501 Server Error: Not Implemented for url: https://api.polymarket.us/v1/orders?status=live&limit=200
[2026-05-30 23:33:49]   Scanning NBA...
[2026-05-30 23:33:49]     Found 1 events
[2026-05-30 23:33:49]     [DONE] T4: NBA 50/50        | San Antonio vs. Oklahoma City       | Thunder         @43.0%
[2026-05-30 23:33:49]   Scanning CBB...
[2026-05-30 23:33:49]     Found 0 events
[2026-05-30 23:33:49]   Scanning NHL...
[2026-05-30 23:33:49]     Found 3 events
[2026-05-30 23:33:49] 
[2026-05-30 23:33:49]   Total qualifying markets: 1
[2026-05-30 23:33:49]     T4: NBA 50/50: 1
[2026-05-30 23:33:49]   New (not yet bet): 0
[2026-05-30 23:33:49] 
[2026-05-30 23:33:49]   No new qualifying markets found.
[2026-05-30 23:51:51] =================================================================
[2026-05-30 23:51:51]   POLYMARKET — MULTI-TIER BOT
[2026-05-30 23:51:51]   Mode: LIVE | Sizing: 3% of bankroll
[2026-05-30 23:51:51]   Leagues: NBA, CBB, NHL
[2026-05-30 23:51:51]   Bet window: 2h before game start
[2026-05-30 23:51:51]   Sizing: 3% (NBA/CBB) | 2% (NHL/MLB/EPL/DOTA2)
[2026-05-30 23:51:51]   Tiers: T1=B fav 75-90% | T2=Coin flip fav | T6=Coin flip dog
[2026-05-30 23:51:51]          T3=CBB B dog 50-55% | T4=NBA 50/50
[2026-05-30 23:51:51]          T7=60%+ fav (DOTA2/EPL/MLB)
[2026-05-30 23:51:51] =================================================================
[2026-05-30 23:51:51] 
[2026-05-30 23:51:51] =================================================================
[2026-05-30 23:51:51]   SCANNING — HYBRID 5-TIER STRATEGY
[2026-05-30 23:51:51] =================================================================
[2026-05-30 23:51:51]   Balance: $182.55 | Buying Power: $173.55
[2026-05-30 23:51:51]   Bet size: $5.21 (3% proven) / $3.47 (2% new leagues)
[2026-05-30 23:51:51] 
[2026-05-30 23:51:51]   WARNING: Could not fetch positions: 404 Client Error: Not Found for url: https://api.polymarket.us/v1/positions?limit=200
[2026-05-30 23:51:52]   WARNING: Could not fetch open orders: 501 Server Error: Not Implemented for url: https://api.polymarket.us/v1/orders?status=live&limit=200
[2026-05-30 23:51:52]   Scanning NBA...
[2026-05-30 23:51:52]     Found 1 events
[2026-05-30 23:51:52]     [DONE] T4: NBA 50/50        | San Antonio vs. Oklahoma City       | Thunder         @44.0%
[2026-05-30 23:51:52]   Scanning CBB...
[2026-05-30 23:51:52]     Found 0 events
[2026-05-30 23:51:52]   Scanning NHL...
[2026-05-30 23:51:52]     Found 3 events
[2026-05-30 23:51:52] 
[2026-05-30 23:51:52]   Total qualifying markets: 1
[2026-05-30 23:51:52]     T4: NBA 50/50: 1
[2026-05-30 23:51:52]   New (not yet bet): 0
[2026-05-30 23:51:52] 
[2026-05-30 23:51:52]   No new qualifying markets found.
[2026-05-30 23:55:13] =================================================================
[2026-05-30 23:55:13]   POLYMARKET — MULTI-TIER BOT
[2026-05-30 23:55:13]   Mode: LIVE | Sizing: 3% of bankroll
[2026-05-30 23:55:13]   Leagues: NBA, CBB, NHL
[2026-05-30 23:55:13]   Bet window: 2h before game start
[2026-05-30 23:55:13]   Sizing: 3% (NBA/CBB) | 2% (NHL/MLB/EPL/DOTA2)
[2026-05-30 23:55:13]   Tiers: T1=B fav 75-90% | T2=Coin flip fav | T6=Coin flip dog
[2026-05-30 23:55:13]          T3=CBB B dog 50-55% | T4=NBA 50/50
[2026-05-30 23:55:13]          T7=60%+ fav (DOTA2/EPL/MLB)
[2026-05-30 23:55:13] =================================================================
[2026-05-30 23:55:13] 
[2026-05-30 23:55:13] =================================================================
[2026-05-30 23:55:13]   SCANNING — HYBRID 5-TIER STRATEGY
[2026-05-30 23:55:13] =================================================================
[2026-05-30 23:55:13]   Balance: $182.55 | Buying Power: $173.55
[2026-05-30 23:55:13]   Bet size: $5.21 (3% proven) / $3.47 (2% new leagues)
[2026-05-30 23:55:13] 
[2026-05-30 23:55:13]   WARNING: Could not fetch positions: 404 Client Error: Not Found for url: https://api.polymarket.us/v1/positions?limit=200
[2026-05-30 23:55:13]   WARNING: Could not fetch open orders: 501 Server Error: Not Implemented for url: https://api.polymarket.us/v1/orders?status=live&limit=200
[2026-05-30 23:55:13]   Scanning NBA...
[2026-05-30 23:55:14]     Found 1 events
[2026-05-30 23:55:14]     [DONE] T4: NBA 50/50        | San Antonio vs. Oklahoma City       | Thunder         @45.0%
[2026-05-30 23:55:14]   Scanning CBB...
[2026-05-30 23:55:14]     Found 0 events
[2026-05-30 23:55:14]   Scanning NHL...
[2026-05-30 23:55:14]     Found 3 events
[2026-05-30 23:55:14] 
[2026-05-30 23:55:14]   Total qualifying markets: 1
[2026-05-30 23:55:14]     T4: NBA 50/50: 1
[2026-05-30 23:55:14]   New (not yet bet): 0
[2026-05-30 23:55:14] 
[2026-05-30 23:55:14]   No new qualifying markets found.
[2026-05-31 00:41:37] =================================================================
[2026-05-31 00:41:37]   POLYMARKET — MULTI-TIER BOT
[2026-05-31 00:41:37]   Mode: LIVE | Sizing: 3% of bankroll
[2026-05-31 00:41:37]   Leagues: NBA, CBB, NHL
[2026-05-31 00:41:37]   Bet window: 2h before game start
[2026-05-31 00:41:37]   Sizing: 3% (NBA/CBB) | 2% (NHL/MLB/EPL/DOTA2)
[2026-05-31 00:41:37]   Tiers: T1=B fav 75-90% | T2=Coin flip fav | T6=Coin flip dog
[2026-05-31 00:41:37]          T3=CBB B dog 50-55% | T4=NBA 50/50
[2026-05-31 00:41:37]          T7=60%+ fav (DOTA2/EPL/MLB)
[2026-05-31 00:41:37] =================================================================
[2026-05-31 00:41:37] 
[2026-05-31 00:41:37] =================================================================
[2026-05-31 00:41:37]   SCANNING — HYBRID 5-TIER STRATEGY
[2026-05-31 00:41:37] =================================================================
[2026-05-31 00:41:37]   Balance: $182.55 | Buying Power: $173.55
[2026-05-31 00:41:37]   Bet size: $5.21 (3% proven) / $3.47 (2% new leagues)
[2026-05-31 00:41:37] 
[2026-05-31 00:41:37]   WARNING: Could not fetch positions: 404 Client Error: Not Found for url: https://api.polymarket.us/v1/positions?limit=200
[2026-05-31 00:41:37]   WARNING: Could not fetch open orders: 501 Server Error: Not Implemented for url: https://api.polymarket.us/v1/orders?status=live&limit=200
[2026-05-31 00:41:37]   Scanning NBA...
[2026-05-31 00:41:38]     Found 1 events
[2026-05-31 00:41:38]   Scanning CBB...
[2026-05-31 00:41:38]     Found 0 events
[2026-05-31 00:41:38]   Scanning NHL...
[2026-05-31 00:41:38]     Found 3 events
[2026-05-31 00:41:38] 
[2026-05-31 00:41:38]   Total qualifying markets: 0
[2026-05-31 00:41:38]   New (not yet bet): 0
[2026-05-31 00:41:38] 
[2026-05-31 00:41:38]   No new qualifying markets found.
[2026-05-31 02:22:07] =================================================================
[2026-05-31 02:22:07]   POLYMARKET — MULTI-TIER BOT
[2026-05-31 02:22:07]   Mode: LIVE | Sizing: 3% of bankroll
[2026-05-31 02:22:07]   Leagues: NBA, CBB, NHL
[2026-05-31 02:22:07]   Bet window: 2h before game start
[2026-05-31 02:22:07]   Sizing: 3% (NBA/CBB) | 2% (NHL/MLB/EPL/DOTA2)
[2026-05-31 02:22:07]   Tiers: T1=B fav 75-90% | T2=Coin flip fav | T6=Coin flip dog
[2026-05-31 02:22:07]          T3=CBB B dog 50-55% | T4=NBA 50/50
[2026-05-31 02:22:07]          T7=60%+ fav (DOTA2/EPL/MLB)
[2026-05-31 02:22:07] =================================================================
[2026-05-31 02:22:07] 
[2026-05-31 02:22:07] =================================================================
[2026-05-31 02:22:07]   SCANNING — HYBRID 5-TIER STRATEGY
[2026-05-31 02:22:07] =================================================================
[2026-05-31 02:22:07]   Balance: $182.55 | Buying Power: $173.55
[2026-05-31 02:22:07]   Bet size: $5.21 (3% proven) / $3.47 (2% new leagues)
[2026-05-31 02:22:07] 
[2026-05-31 02:22:07]   WARNING: Could not fetch positions: 404 Client Error: Not Found for url: https://api.polymarket.us/v1/positions?limit=200
[2026-05-31 02:22:07]   WARNING: Could not fetch open orders: 501 Server Error: Not Implemented for url: https://api.polymarket.us/v1/orders?status=live&limit=200
[2026-05-31 02:22:07]   Scanning NBA...
[2026-05-31 02:22:07]     Found 1 events
[2026-05-31 02:22:07]   Scanning CBB...
[2026-05-31 02:22:08]     Found 0 events
[2026-05-31 02:22:08]   Scanning NHL...
[2026-05-31 02:22:08]     Found 3 events
[2026-05-31 02:22:08] 
[2026-05-31 02:22:08]   Total qualifying markets: 0
[2026-05-31 02:22:08]   New (not yet bet): 0
[2026-05-31 02:22:08] 
[2026-05-31 02:22:08]   No new qualifying markets found.
[2026-05-31 02:29:24] =================================================================
[2026-05-31 02:29:24]   POLYMARKET — MULTI-TIER BOT
[2026-05-31 02:29:24]   Mode: LIVE | Sizing: 3% of bankroll
[2026-05-31 02:29:24]   Leagues: NBA, CBB, NHL
[2026-05-31 02:29:24]   Bet window: 2h before game start
[2026-05-31 02:29:24]   Sizing: 3% (NBA/CBB) | 2% (NHL/MLB/EPL/DOTA2)
[2026-05-31 02:29:24]   Tiers: T1=B fav 75-90% | T2=Coin flip fav | T6=Coin flip dog
[2026-05-31 02:29:24]          T3=CBB B dog 50-55% | T4=NBA 50/50
[2026-05-31 02:29:24]          T7=60%+ fav (DOTA2/EPL/MLB)
[2026-05-31 02:29:24] =================================================================
[2026-05-31 02:29:24] 
[2026-05-31 02:29:24] =================================================================
[2026-05-31 02:29:24]   SCANNING — HYBRID 5-TIER STRATEGY
[2026-05-31 02:29:24] =================================================================
[2026-05-31 02:29:24]   Balance: $182.55 | Buying Power: $173.55
[2026-05-31 02:29:24]   Bet size: $5.21 (3% proven) / $3.47 (2% new leagues)
[2026-05-31 02:29:24] 
[2026-05-31 02:29:24]   WARNING: Could not fetch positions: 404 Client Error: Not Found for url: https://api.polymarket.us/v1/positions?limit=200
[2026-05-31 02:29:24]   WARNING: Could not fetch open orders: 501 Server Error: Not Implemented for url: https://api.polymarket.us/v1/orders?status=live&limit=200
[2026-05-31 02:29:24]   Scanning NBA...
[2026-05-31 02:29:24]     Found 1 events
[2026-05-31 02:29:24]   Scanning CBB...
[2026-05-31 02:29:25]     Found 0 events
[2026-05-31 02:29:25]   Scanning NHL...
[2026-05-31 02:29:25]     Found 3 events
[2026-05-31 02:29:25] 
[2026-05-31 02:29:25]   Total qualifying markets: 0
[2026-05-31 02:29:25]   New (not yet bet): 0
[2026-05-31 02:29:25] 
[2026-05-31 02:29:25]   No new qualifying markets found.
[2026-05-31 03:37:30] =================================================================
[2026-05-31 03:37:30]   POLYMARKET — MULTI-TIER BOT
[2026-05-31 03:37:30]   Mode: LIVE | Sizing: 3% of bankroll
[2026-05-31 03:37:30]   Leagues: NBA, CBB, NHL
[2026-05-31 03:37:30]   Bet window: 2h before game start
[2026-05-31 03:37:30]   Sizing: 3% (NBA/CBB) | 2% (NHL/MLB/EPL/DOTA2)
[2026-05-31 03:37:30]   Tiers: T1=B fav 75-90% | T2=Coin flip fav | T6=Coin flip dog
[2026-05-31 03:37:30]          T3=CBB B dog 50-55% | T4=NBA 50/50
[2026-05-31 03:37:30]          T7=60%+ fav (DOTA2/EPL/MLB)
[2026-05-31 03:37:30] =================================================================
[2026-05-31 03:37:30] 
[2026-05-31 03:37:30] =================================================================
[2026-05-31 03:37:30]   SCANNING — HYBRID 5-TIER STRATEGY
[2026-05-31 03:37:30] =================================================================
[2026-05-31 03:37:31]   Balance: $173.55 | Buying Power: $173.55
[2026-05-31 03:37:31]   Bet size: $5.21 (3% proven) / $3.47 (2% new leagues)
[2026-05-31 03:37:31] 
[2026-05-31 03:37:31]   WARNING: Could not fetch positions: 404 Client Error: Not Found for url: https://api.polymarket.us/v1/positions?limit=200
[2026-05-31 03:37:31]   WARNING: Could not fetch open orders: 501 Server Error: Not Implemented for url: https://api.polymarket.us/v1/orders?status=live&limit=200
[2026-05-31 03:37:31]   Scanning NBA...
[2026-05-31 03:37:31]     Found 0 events
[2026-05-31 03:37:31]   Scanning CBB...
[2026-05-31 03:37:31]     Found 0 events
[2026-05-31 03:37:31]   Scanning NHL...
[2026-05-31 03:37:31]     Found 3 events
[2026-05-31 03:37:31] 
[2026-05-31 03:37:31]   Total qualifying markets: 0
[2026-05-31 03:37:31]   New (not yet bet): 0
[2026-05-31 03:37:31] 
[2026-05-31 03:37:31]   No new qualifying markets found.
[2026-05-31 03:42:34] =================================================================
[2026-05-31 03:42:34]   POLYMARKET — MULTI-TIER BOT
[2026-05-31 03:42:34]   Mode: LIVE | Sizing: 3% of bankroll
[2026-05-31 03:42:34]   Leagues: NBA, CBB, NHL
[2026-05-31 03:42:34]   Bet window: 2h before game start
[2026-05-31 03:42:34]   Sizing: 3% (NBA/CBB) | 2% (NHL/MLB/EPL/DOTA2)
[2026-05-31 03:42:34]   Tiers: T1=B fav 75-90% | T2=Coin flip fav | T6=Coin flip dog
[2026-05-31 03:42:34]          T3=CBB B dog 50-55% | T4=NBA 50/50
[2026-05-31 03:42:34]          T7=60%+ fav (DOTA2/EPL/MLB)
[2026-05-31 03:42:34] =================================================================
[2026-05-31 03:42:34] 
[2026-05-31 03:42:34] =================================================================
[2026-05-31 03:42:34]   SCANNING — HYBRID 5-TIER STRATEGY
[2026-05-31 03:42:34] =================================================================
[2026-05-31 03:42:34]   Balance: $173.55 | Buying Power: $173.55
[2026-05-31 03:42:34]   Bet size: $5.21 (3% proven) / $3.47 (2% new leagues)
[2026-05-31 03:42:34] 
[2026-05-31 03:42:34]   WARNING: Could not fetch positions: 404 Client Error: Not Found for url: https://api.polymarket.us/v1/positions?limit=200
[2026-05-31 03:42:34]   WARNING: Could not fetch open orders: 501 Server Error: Not Implemented for url: https://api.polymarket.us/v1/orders?status=live&limit=200
[2026-05-31 03:42:34]   Scanning NBA...
[2026-05-31 03:42:34]     Found 0 events
[2026-05-31 03:42:34]   Scanning CBB...
[2026-05-31 03:42:35]     Found 0 events
[2026-05-31 03:42:35]   Scanning NHL...
[2026-05-31 03:42:35]     Found 3 events
[2026-05-31 03:42:35] 
[2026-05-31 03:42:35]   Total qualifying markets: 0
[2026-05-31 03:42:35]   New (not yet bet): 0
[2026-05-31 03:42:35] 
[2026-05-31 03:42:35]   No new qualifying markets found.
[2026-05-31 03:47:35] =================================================================
[2026-05-31 03:47:35]   POLYMARKET — MULTI-TIER BOT
[2026-05-31 03:47:35]   Mode: LIVE | Sizing: 3% of bankroll
[2026-05-31 03:47:35]   Leagues: NBA, CBB, NHL
[2026-05-31 03:47:35]   Bet window: 2h before game start
[2026-05-31 03:47:35]   Sizing: 3% (NBA/CBB) | 2% (NHL/MLB/EPL/DOTA2)
[2026-05-31 03:47:35]   Tiers: T1=B fav 75-90% | T2=Coin flip fav | T6=Coin flip dog
[2026-05-31 03:47:35]          T3=CBB B dog 50-55% | T4=NBA 50/50
[2026-05-31 03:47:35]          T7=60%+ fav (DOTA2/EPL/MLB)
[2026-05-31 03:47:35] =================================================================
[2026-05-31 03:47:35] 
[2026-05-31 03:47:35] =================================================================
[2026-05-31 03:47:35]   SCANNING — HYBRID 5-TIER STRATEGY
[2026-05-31 03:47:35] =================================================================
[2026-05-31 03:47:35]   Balance: $173.55 | Buying Power: $173.55
[2026-05-31 03:47:35]   Bet size: $5.21 (3% proven) / $3.47 (2% new leagues)
[2026-05-31 03:47:35] 
[2026-05-31 03:47:35]   WARNING: Could not fetch positions: 404 Client Error: Not Found for url: https://api.polymarket.us/v1/positions?limit=200
[2026-05-31 03:47:35]   WARNING: Could not fetch open orders: 501 Server Error: Not Implemented for url: https://api.polymarket.us/v1/orders?status=live&limit=200
[2026-05-31 03:47:35]   Scanning NBA...
[2026-05-31 03:47:35]     Found 0 events
[2026-05-31 03:47:35]   Scanning CBB...
[2026-05-31 03:47:35]     Found 0 events
[2026-05-31 03:47:36]   Scanning NHL...
[2026-05-31 03:47:36]     Found 3 events
[2026-05-31 03:47:36] 
[2026-05-31 03:47:36]   Total qualifying markets: 0
[2026-05-31 03:47:36]   New (not yet bet): 0
[2026-05-31 03:47:36] 
[2026-05-31 03:47:36]   No new qualifying markets found.
[2026-05-31 03:53:40] =================================================================
[2026-05-31 03:53:40]   POLYMARKET — MULTI-TIER BOT
[2026-05-31 03:53:40]   Mode: LIVE | Sizing: 3% of bankroll
[2026-05-31 03:53:40]   Leagues: NBA, CBB, NHL
[2026-05-31 03:53:40]   Bet window: 2h before game start
[2026-05-31 03:53:40]   Sizing: 3% (NBA/CBB) | 2% (NHL/MLB/EPL/DOTA2)
[2026-05-31 03:53:40]   Tiers: T1=B fav 75-90% | T2=Coin flip fav | T6=Coin flip dog
[2026-05-31 03:53:40]          T3=CBB B dog 50-55% | T4=NBA 50/50
[2026-05-31 03:53:40]          T7=60%+ fav (DOTA2/EPL/MLB)
[2026-05-31 03:53:40] =================================================================
[2026-05-31 03:53:40] 
[2026-05-31 03:53:40] =================================================================
[2026-05-31 03:53:40]   SCANNING — HYBRID 5-TIER STRATEGY
[2026-05-31 03:53:40] =================================================================
[2026-05-31 03:53:40]   Balance: $173.55 | Buying Power: $173.55
[2026-05-31 03:53:40]   Bet size: $5.21 (3% proven) / $3.47 (2% new leagues)
[2026-05-31 03:53:40] 
[2026-05-31 03:53:40]   WARNING: Could not fetch positions: 404 Client Error: Not Found for url: https://api.polymarket.us/v1/positions?limit=200
[2026-05-31 03:53:40]   WARNING: Could not fetch open orders: 501 Server Error: Not Implemented for url: https://api.polymarket.us/v1/orders?status=live&limit=200
[2026-05-31 03:53:40]   Scanning NBA...
[2026-05-31 03:53:40]     Found 0 events
[2026-05-31 03:53:40]   Scanning CBB...
[2026-05-31 03:53:40]     Found 0 events
[2026-05-31 03:53:40]   Scanning NHL...
[2026-05-31 03:53:40]     Found 3 events
[2026-05-31 03:53:40] 
[2026-05-31 03:53:40]   Total qualifying markets: 0
[2026-05-31 03:53:40]   New (not yet bet): 0
[2026-05-31 03:53:40] 
[2026-05-31 03:53:40]   No new qualifying markets found.
[2026-05-31 03:58:39] =================================================================
[2026-05-31 03:58:39]   POLYMARKET — MULTI-TIER BOT
[2026-05-31 03:58:39]   Mode: LIVE | Sizing: 3% of bankroll
[2026-05-31 03:58:39]   Leagues: NBA, CBB, NHL
[2026-05-31 03:58:39]   Bet window: 2h before game start
[2026-05-31 03:58:39]   Sizing: 3% (NBA/CBB) | 2% (NHL/MLB/EPL/DOTA2)
[2026-05-31 03:58:39]   Tiers: T1=B fav 75-90% | T2=Coin flip fav | T6=Coin flip dog
[2026-05-31 03:58:39]          T3=CBB B dog 50-55% | T4=NBA 50/50
[2026-05-31 03:58:39]          T7=60%+ fav (DOTA2/EPL/MLB)
[2026-05-31 03:58:39] =================================================================
[2026-05-31 03:58:39] 
[2026-05-31 03:58:39] =================================================================
[2026-05-31 03:58:39]   SCANNING — HYBRID 5-TIER STRATEGY
[2026-05-31 03:58:39] =================================================================
[2026-05-31 03:58:39]   Balance: $173.55 | Buying Power: $173.55
[2026-05-31 03:58:39]   Bet size: $5.21 (3% proven) / $3.47 (2% new leagues)
[2026-05-31 03:58:39] 
[2026-05-31 03:58:39]   WARNING: Could not fetch positions: 404 Client Error: Not Found for url: https://api.polymarket.us/v1/positions?limit=200
[2026-05-31 03:58:39]   WARNING: Could not fetch open orders: 501 Server Error: Not Implemented for url: https://api.polymarket.us/v1/orders?status=live&limit=200
[2026-05-31 03:58:39]   Scanning NBA...
[2026-05-31 03:58:39]     Found 1 events
[2026-05-31 03:58:39]   Scanning CBB...
[2026-05-31 03:58:39]     Found 0 events
[2026-05-31 03:58:40]   Scanning NHL...
[2026-05-31 03:58:40]     Found 3 events
[2026-05-31 03:58:40] 
[2026-05-31 03:58:40]   Total qualifying markets: 0
[2026-05-31 03:58:40]   New (not yet bet): 0
[2026-05-31 03:58:40] 
[2026-05-31 03:58:40]   No new qualifying markets found.
[2026-05-31 04:03:43] =================================================================
[2026-05-31 04:03:43]   POLYMARKET — MULTI-TIER BOT
[2026-05-31 04:03:43]   Mode: LIVE | Sizing: 3% of bankroll
[2026-05-31 04:03:43]   Leagues: NBA, CBB, NHL
[2026-05-31 04:03:43]   Bet window: 2h before game start
[2026-05-31 04:03:43]   Sizing: 3% (NBA/CBB) | 2% (NHL/MLB/EPL/DOTA2)
[2026-05-31 04:03:43]   Tiers: T1=B fav 75-90% | T2=Coin flip fav | T6=Coin flip dog
[2026-05-31 04:03:43]          T3=CBB B dog 50-55% | T4=NBA 50/50
[2026-05-31 04:03:43]          T7=60%+ fav (DOTA2/EPL/MLB)
[2026-05-31 04:03:43] =================================================================
[2026-05-31 04:03:43] 
[2026-05-31 04:03:43] =================================================================
[2026-05-31 04:03:43]   SCANNING — HYBRID 5-TIER STRATEGY
[2026-05-31 04:03:43] =================================================================
[2026-05-31 04:03:43]   Balance: $173.55 | Buying Power: $173.55
[2026-05-31 04:03:43]   Bet size: $5.21 (3% proven) / $3.47 (2% new leagues)
[2026-05-31 04:03:43] 
[2026-05-31 04:03:43]   WARNING: Could not fetch positions: 404 Client Error: Not Found for url: https://api.polymarket.us/v1/positions?limit=200
[2026-05-31 04:03:43]   WARNING: Could not fetch open orders: 501 Server Error: Not Implemented for url: https://api.polymarket.us/v1/orders?status=live&limit=200
[2026-05-31 04:03:43]   Scanning NBA...
[2026-05-31 04:03:44]     Found 1 events
[2026-05-31 04:03:44]   Scanning CBB...
[2026-05-31 04:03:44]     Found 0 events
[2026-05-31 04:03:44]   Scanning NHL...
[2026-05-31 04:03:44]     Found 3 events
[2026-05-31 04:03:44] 
[2026-05-31 04:03:44]   Total qualifying markets: 0
[2026-05-31 04:03:44]   New (not yet bet): 0
[2026-05-31 04:03:44] 
[2026-05-31 04:03:44]   No new qualifying markets found.
[2026-05-31 04:08:42] =================================================================
[2026-05-31 04:08:42]   POLYMARKET — MULTI-TIER BOT
[2026-05-31 04:08:42]   Mode: LIVE | Sizing: 3% of bankroll
[2026-05-31 04:08:42]   Leagues: NBA, CBB, NHL
[2026-05-31 04:08:42]   Bet window: 2h before game start
[2026-05-31 04:08:42]   Sizing: 3% (NBA/CBB) | 2% (NHL/MLB/EPL/DOTA2)
[2026-05-31 04:08:42]   Tiers: T1=B fav 75-90% | T2=Coin flip fav | T6=Coin flip dog
[2026-05-31 04:08:42]          T3=CBB B dog 50-55% | T4=NBA 50/50
[2026-05-31 04:08:42]          T7=60%+ fav (DOTA2/EPL/MLB)
[2026-05-31 04:08:42] =================================================================
[2026-05-31 04:08:42] 
[2026-05-31 04:08:42] =================================================================
[2026-05-31 04:08:42]   SCANNING — HYBRID 5-TIER STRATEGY
[2026-05-31 04:08:42] =================================================================
[2026-05-31 04:08:42]   Balance: $173.55 | Buying Power: $173.55
[2026-05-31 04:08:42]   Bet size: $5.21 (3% proven) / $3.47 (2% new leagues)
[2026-05-31 04:08:42] 
[2026-05-31 04:08:42]   WARNING: Could not fetch positions: 404 Client Error: Not Found for url: https://api.polymarket.us/v1/positions?limit=200
[2026-05-31 04:08:42]   WARNING: Could not fetch open orders: 501 Server Error: Not Implemented for url: https://api.polymarket.us/v1/orders?status=live&limit=200
[2026-05-31 04:08:42]   Scanning NBA...
[2026-05-31 04:08:42]     Found 1 events
[2026-05-31 04:08:42]   Scanning CBB...
[2026-05-31 04:08:42]     Found 0 events
[2026-05-31 04:08:42]   Scanning NHL...
[2026-05-31 04:08:42]     Found 3 events
[2026-05-31 04:08:43] 
[2026-05-31 04:08:43]   Total qualifying markets: 0
[2026-05-31 04:08:43]   New (not yet bet): 0
[2026-05-31 04:08:43] 
[2026-05-31 04:08:43]   No new qualifying markets found.
[2026-05-31 04:13:43] =================================================================
[2026-05-31 04:13:43]   POLYMARKET — MULTI-TIER BOT
[2026-05-31 04:13:43]   Mode: LIVE | Sizing: 3% of bankroll
[2026-05-31 04:13:43]   Leagues: NBA, CBB, NHL
[2026-05-31 04:13:43]   Bet window: 2h before game start
[2026-05-31 04:13:43]   Sizing: 3% (NBA/CBB) | 2% (NHL/MLB/EPL/DOTA2)
[2026-05-31 04:13:43]   Tiers: T1=B fav 75-90% | T2=Coin flip fav | T6=Coin flip dog
[2026-05-31 04:13:43]          T3=CBB B dog 50-55% | T4=NBA 50/50
[2026-05-31 04:13:43]          T7=60%+ fav (DOTA2/EPL/MLB)
[2026-05-31 04:13:43] =================================================================
[2026-05-31 04:13:43] 
[2026-05-31 04:13:43] =================================================================
[2026-05-31 04:13:43]   SCANNING — HYBRID 5-TIER STRATEGY
[2026-05-31 04:13:43] =================================================================
[2026-05-31 04:13:44]   Balance: $173.55 | Buying Power: $173.55
[2026-05-31 04:13:44]   Bet size: $5.21 (3% proven) / $3.47 (2% new leagues)
[2026-05-31 04:13:44] 
[2026-05-31 04:13:44]   WARNING: Could not fetch positions: 404 Client Error: Not Found for url: https://api.polymarket.us/v1/positions?limit=200
[2026-05-31 04:13:44]   WARNING: Could not fetch open orders: 501 Server Error: Not Implemented for url: https://api.polymarket.us/v1/orders?status=live&limit=200
[2026-05-31 04:13:44]   Scanning NBA...
[2026-05-31 04:13:44]     Found 1 events
[2026-05-31 04:13:44]   Scanning CBB...
[2026-05-31 04:13:44]     Found 0 events
[2026-05-31 04:13:44]   Scanning NHL...
[2026-05-31 04:13:44]     Found 3 events
[2026-05-31 04:13:44] 
[2026-05-31 04:13:44]   Total qualifying markets: 0
[2026-05-31 04:13:44]   New (not yet bet): 0
[2026-05-31 04:13:44] 
[2026-05-31 04:13:44]   No new qualifying markets found.
[2026-05-31 04:18:45] =================================================================
[2026-05-31 04:18:45]   POLYMARKET — MULTI-TIER BOT
[2026-05-31 04:18:45]   Mode: LIVE | Sizing: 3% of bankroll
[2026-05-31 04:18:45]   Leagues: NBA, CBB, NHL
[2026-05-31 04:18:45]   Bet window: 2h before game start
[2026-05-31 04:18:45]   Sizing: 3% (NBA/CBB) | 2% (NHL/MLB/EPL/DOTA2)
[2026-05-31 04:18:45]   Tiers: T1=B fav 75-90% | T2=Coin flip fav | T6=Coin flip dog
[2026-05-31 04:18:45]          T3=CBB B dog 50-55% | T4=NBA 50/50
[2026-05-31 04:18:45]          T7=60%+ fav (DOTA2/EPL/MLB)
[2026-05-31 04:18:45] =================================================================
[2026-05-31 04:18:45] 
[2026-05-31 04:18:45] =================================================================
[2026-05-31 04:18:45]   SCANNING — HYBRID 5-TIER STRATEGY
[2026-05-31 04:18:45] =================================================================
[2026-05-31 04:18:45]   Balance: $173.55 | Buying Power: $173.55
[2026-05-31 04:18:45]   Bet size: $5.21 (3% proven) / $3.47 (2% new leagues)
[2026-05-31 04:18:45] 
[2026-05-31 04:18:45]   WARNING: Could not fetch positions: 404 Client Error: Not Found for url: https://api.polymarket.us/v1/positions?limit=200
[2026-05-31 04:18:45]   WARNING: Could not fetch open orders: 501 Server Error: Not Implemented for url: https://api.polymarket.us/v1/orders?status=live&limit=200
[2026-05-31 04:18:45]   Scanning NBA...
[2026-05-31 04:18:45]     Found 1 events
[2026-05-31 04:18:45]   Scanning CBB...
[2026-05-31 04:18:45]     Found 0 events
[2026-05-31 04:18:45]   Scanning NHL...
[2026-05-31 04:18:45]     Found 3 events
[2026-05-31 04:18:46] 
[2026-05-31 04:18:46]   Total qualifying markets: 0
[2026-05-31 04:18:46]   New (not yet bet): 0
[2026-05-31 04:18:46] 
[2026-05-31 04:18:46]   No new qualifying markets found.
[2026-05-31 04:23:50] =================================================================
[2026-05-31 04:23:50]   POLYMARKET — MULTI-TIER BOT
[2026-05-31 04:23:50]   Mode: LIVE | Sizing: 3% of bankroll
[2026-05-31 04:23:50]   Leagues: NBA, CBB, NHL
[2026-05-31 04:23:50]   Bet window: 2h before game start
[2026-05-31 04:23:50]   Sizing: 3% (NBA/CBB) | 2% (NHL/MLB/EPL/DOTA2)
[2026-05-31 04:23:50]   Tiers: T1=B fav 75-90% | T2=Coin flip fav | T6=Coin flip dog
[2026-05-31 04:23:50]          T3=CBB B dog 50-55% | T4=NBA 50/50
[2026-05-31 04:23:50]          T7=60%+ fav (DOTA2/EPL/MLB)
[2026-05-31 04:23:50] =================================================================
[2026-05-31 04:23:50] 
[2026-05-31 04:23:50] =================================================================
[2026-05-31 04:23:50]   SCANNING — HYBRID 5-TIER STRATEGY
[2026-05-31 04:23:50] =================================================================
[2026-05-31 04:23:50]   Balance: $173.55 | Buying Power: $173.55
[2026-05-31 04:23:50]   Bet size: $5.21 (3% proven) / $3.47 (2% new leagues)
[2026-05-31 04:23:50] 
[2026-05-31 04:23:50]   WARNING: Could not fetch positions: 404 Client Error: Not Found for url: https://api.polymarket.us/v1/positions?limit=200
[2026-05-31 04:23:50]   WARNING: Could not fetch open orders: 501 Server Error: Not Implemented for url: https://api.polymarket.us/v1/orders?status=live&limit=200
[2026-05-31 04:23:50]   Scanning NBA...
[2026-05-31 04:23:50]     Found 1 events
[2026-05-31 04:23:50]   Scanning CBB...
[2026-05-31 04:23:50]     Found 0 events
[2026-05-31 04:23:50]   Scanning NHL...
[2026-05-31 04:23:50]     Found 3 events
[2026-05-31 04:23:50] 
[2026-05-31 04:23:50]   Total qualifying markets: 0
[2026-05-31 04:23:50]   New (not yet bet): 0
[2026-05-31 04:23:50] 
[2026-05-31 04:23:50]   No new qualifying markets found.
[2026-05-31 04:28:49] =================================================================
[2026-05-31 04:28:49]   POLYMARKET — MULTI-TIER BOT
[2026-05-31 04:28:49]   Mode: LIVE | Sizing: 3% of bankroll
[2026-05-31 04:28:49]   Leagues: NBA, CBB, NHL
[2026-05-31 04:28:49]   Bet window: 2h before game start
[2026-05-31 04:28:49]   Sizing: 3% (NBA/CBB) | 2% (NHL/MLB/EPL/DOTA2)
[2026-05-31 04:28:49]   Tiers: T1=B fav 75-90% | T2=Coin flip fav | T6=Coin flip dog
[2026-05-31 04:28:49]          T3=CBB B dog 50-55% | T4=NBA 50/50
[2026-05-31 04:28:49]          T7=60%+ fav (DOTA2/EPL/MLB)
[2026-05-31 04:28:49] =================================================================
[2026-05-31 04:28:49] 
[2026-05-31 04:28:49] =================================================================
[2026-05-31 04:28:49]   SCANNING — HYBRID 5-TIER STRATEGY
[2026-05-31 04:28:49] =================================================================
[2026-05-31 04:28:49]   Balance: $173.55 | Buying Power: $173.55
[2026-05-31 04:28:49]   Bet size: $5.21 (3% proven) / $3.47 (2% new leagues)
[2026-05-31 04:28:49] 
[2026-05-31 04:28:49]   WARNING: Could not fetch positions: 404 Client Error: Not Found for url: https://api.polymarket.us/v1/positions?limit=200
[2026-05-31 04:28:49]   WARNING: Could not fetch open orders: 501 Server Error: Not Implemented for url: https://api.polymarket.us/v1/orders?status=live&limit=200
[2026-05-31 04:28:49]   Scanning NBA...
[2026-05-31 04:28:49]     Found 1 events
[2026-05-31 04:28:49]   Scanning CBB...
[2026-05-31 04:28:49]     Found 0 events
[2026-05-31 04:28:49]   Scanning NHL...
[2026-05-31 04:28:49]     Found 3 events
[2026-05-31 04:28:50] 
[2026-05-31 04:28:50]   Total qualifying markets: 0
[2026-05-31 04:28:50]   New (not yet bet): 0
[2026-05-31 04:28:50] 
[2026-05-31 04:28:50]   No new qualifying markets found.
[2026-05-31 04:33:52] =================================================================
[2026-05-31 04:33:52]   POLYMARKET — MULTI-TIER BOT
[2026-05-31 04:33:52]   Mode: LIVE | Sizing: 3% of bankroll
[2026-05-31 04:33:52]   Leagues: NBA, CBB, NHL
[2026-05-31 04:33:52]   Bet window: 2h before game start
[2026-05-31 04:33:52]   Sizing: 3% (NBA/CBB) | 2% (NHL/MLB/EPL/DOTA2)
[2026-05-31 04:33:52]   Tiers: T1=B fav 75-90% | T2=Coin flip fav | T6=Coin flip dog
[2026-05-31 04:33:52]          T3=CBB B dog 50-55% | T4=NBA 50/50
[2026-05-31 04:33:52]          T7=60%+ fav (DOTA2/EPL/MLB)
[2026-05-31 04:33:52] =================================================================
[2026-05-31 04:33:52] 
[2026-05-31 04:33:52] =================================================================
[2026-05-31 04:33:52]   SCANNING — HYBRID 5-TIER STRATEGY
[2026-05-31 04:33:52] =================================================================
[2026-05-31 04:33:52]   Balance: $173.55 | Buying Power: $173.55
[2026-05-31 04:33:52]   Bet size: $5.21 (3% proven) / $3.47 (2% new leagues)
[2026-05-31 04:33:52] 
[2026-05-31 04:33:52]   WARNING: Could not fetch positions: 404 Client Error: Not Found for url: https://api.polymarket.us/v1/positions?limit=200
[2026-05-31 04:33:52]   WARNING: Could not fetch open orders: 501 Server Error: Not Implemented for url: https://api.polymarket.us/v1/orders?status=live&limit=200
[2026-05-31 04:33:52]   Scanning NBA...
[2026-05-31 04:33:52]     Found 1 events
[2026-05-31 04:33:52]   Scanning CBB...
[2026-05-31 04:33:52]     Found 0 events
[2026-05-31 04:33:52]   Scanning NHL...
[2026-05-31 04:33:53]     Found 3 events
[2026-05-31 04:33:53] 
[2026-05-31 04:33:53]   Total qualifying markets: 0
[2026-05-31 04:33:53]   New (not yet bet): 0
[2026-05-31 04:33:53] 
[2026-05-31 04:33:53]   No new qualifying markets found.
[2026-05-31 04:38:53] =================================================================
[2026-05-31 04:38:53]   POLYMARKET — MULTI-TIER BOT
[2026-05-31 04:38:53]   Mode: LIVE | Sizing: 3% of bankroll
[2026-05-31 04:38:53]   Leagues: NBA, CBB, NHL
[2026-05-31 04:38:53]   Bet window: 2h before game start
[2026-05-31 04:38:53]   Sizing: 3% (NBA/CBB) | 2% (NHL/MLB/EPL/DOTA2)
[2026-05-31 04:38:53]   Tiers: T1=B fav 75-90% | T2=Coin flip fav | T6=Coin flip dog
[2026-05-31 04:38:53]          T3=CBB B dog 50-55% | T4=NBA 50/50
[2026-05-31 04:38:53]          T7=60%+ fav (DOTA2/EPL/MLB)
[2026-05-31 04:38:53] =================================================================
[2026-05-31 04:38:53] 
[2026-05-31 04:38:53] =================================================================
[2026-05-31 04:38:53]   SCANNING — HYBRID 5-TIER STRATEGY
[2026-05-31 04:38:53] =================================================================
[2026-05-31 04:38:53]   Balance: $173.55 | Buying Power: $173.55
[2026-05-31 04:38:53]   Bet size: $5.21 (3% proven) / $3.47 (2% new leagues)
[2026-05-31 04:38:53] 
[2026-05-31 04:38:53]   WARNING: Could not fetch positions: 404 Client Error: Not Found for url: https://api.polymarket.us/v1/positions?limit=200
[2026-05-31 04:38:53]   WARNING: Could not fetch open orders: 501 Server Error: Not Implemented for url: https://api.polymarket.us/v1/orders?status=live&limit=200
[2026-05-31 04:38:53]   Scanning NBA...
[2026-05-31 04:38:53]     Found 1 events
[2026-05-31 04:38:53]   Scanning CBB...
[2026-05-31 04:38:53]     Found 0 events
[2026-05-31 04:38:53]   Scanning NHL...
[2026-05-31 04:38:53]     Found 3 events
[2026-05-31 04:38:54] 
[2026-05-31 04:38:54]   Total qualifying markets: 0
[2026-05-31 04:38:54]   New (not yet bet): 0
[2026-05-31 04:38:54] 
[2026-05-31 04:38:54]   No new qualifying markets found.
[2026-05-31 04:43:55] =================================================================
[2026-05-31 04:43:55]   POLYMARKET — MULTI-TIER BOT
[2026-05-31 04:43:55]   Mode: LIVE | Sizing: 3% of bankroll
[2026-05-31 04:43:55]   Leagues: NBA, CBB, NHL
[2026-05-31 04:43:55]   Bet window: 2h before game start
[2026-05-31 04:43:55]   Sizing: 3% (NBA/CBB) | 2% (NHL/MLB/EPL/DOTA2)
[2026-05-31 04:43:55]   Tiers: T1=B fav 75-90% | T2=Coin flip fav | T6=Coin flip dog
[2026-05-31 04:43:55]          T3=CBB B dog 50-55% | T4=NBA 50/50
[2026-05-31 04:43:55]          T7=60%+ fav (DOTA2/EPL/MLB)
[2026-05-31 04:43:55] =================================================================
[2026-05-31 04:43:55] 
[2026-05-31 04:43:55] =================================================================
[2026-05-31 04:43:55]   SCANNING — HYBRID 5-TIER STRATEGY
[2026-05-31 04:43:55] =================================================================
[2026-05-31 04:43:55]   Balance: $173.55 | Buying Power: $173.55
[2026-05-31 04:43:55]   Bet size: $5.21 (3% proven) / $3.47 (2% new leagues)
[2026-05-31 04:43:55] 
[2026-05-31 04:43:55]   WARNING: Could not fetch positions: 404 Client Error: Not Found for url: https://api.polymarket.us/v1/positions?limit=200
[2026-05-31 04:43:56]   WARNING: Could not fetch open orders: 501 Server Error: Not Implemented for url: https://api.polymarket.us/v1/orders?status=live&limit=200
[2026-05-31 04:43:56]   Scanning NBA...
[2026-05-31 04:43:56]     Found 1 events
[2026-05-31 04:43:56]   Scanning CBB...
[2026-05-31 04:43:56]     Found 0 events
[2026-05-31 04:43:56]   Scanning NHL...
[2026-05-31 04:43:56]     Found 3 events
[2026-05-31 04:43:56] 
[2026-05-31 04:43:56]   Total qualifying markets: 0
[2026-05-31 04:43:56]   New (not yet bet): 0
[2026-05-31 04:43:56] 
[2026-05-31 04:43:56]   No new qualifying markets found.
[2026-05-31 04:48:55] =================================================================
[2026-05-31 04:48:55]   POLYMARKET — MULTI-TIER BOT
[2026-05-31 04:48:55]   Mode: LIVE | Sizing: 3% of bankroll
[2026-05-31 04:48:55]   Leagues: NBA, CBB, NHL
[2026-05-31 04:48:55]   Bet window: 2h before game start
[2026-05-31 04:48:55]   Sizing: 3% (NBA/CBB) | 2% (NHL/MLB/EPL/DOTA2)
[2026-05-31 04:48:55]   Tiers: T1=B fav 75-90% | T2=Coin flip fav | T6=Coin flip dog
[2026-05-31 04:48:55]          T3=CBB B dog 50-55% | T4=NBA 50/50
[2026-05-31 04:48:55]          T7=60%+ fav (DOTA2/EPL/MLB)
[2026-05-31 04:48:55] =================================================================
[2026-05-31 04:48:55] 
[2026-05-31 04:48:55] =================================================================
[2026-05-31 04:48:55]   SCANNING — HYBRID 5-TIER STRATEGY
[2026-05-31 04:48:55] =================================================================
[2026-05-31 04:48:55]   Balance: $173.55 | Buying Power: $173.55
[2026-05-31 04:48:55]   Bet size: $5.21 (3% proven) / $3.47 (2% new leagues)
[2026-05-31 04:48:55] 
[2026-05-31 04:48:55]   WARNING: Could not fetch positions: 404 Client Error: Not Found for url: https://api.polymarket.us/v1/positions?limit=200
[2026-05-31 04:48:55]   WARNING: Could not fetch open orders: 501 Server Error: Not Implemented for url: https://api.polymarket.us/v1/orders?status=live&limit=200
[2026-05-31 04:48:55]   Scanning NBA...
[2026-05-31 04:48:55]     Found 1 events
[2026-05-31 04:48:55]   Scanning CBB...
[2026-05-31 04:48:55]     Found 0 events
[2026-05-31 04:48:55]   Scanning NHL...
[2026-05-31 04:48:55]     Found 3 events
[2026-05-31 04:48:55] 
[2026-05-31 04:48:55]   Total qualifying markets: 0
[2026-05-31 04:48:55]   New (not yet bet): 0
[2026-05-31 04:48:55] 
[2026-05-31 04:48:55]   No new qualifying markets found.
[2026-05-31 05:04:06] =================================================================
[2026-05-31 05:04:06]   POLYMARKET — MULTI-TIER BOT
[2026-05-31 05:04:06]   Mode: LIVE | Sizing: 3% of bankroll
[2026-05-31 05:04:06]   Leagues: NBA, CBB, NHL
[2026-05-31 05:04:06]   Bet window: 2h before game start
[2026-05-31 05:04:06]   Sizing: 3% (NBA/CBB) | 2% (NHL/MLB/EPL/DOTA2)
[2026-05-31 05:04:06]   Tiers: T1=B fav 75-90% | T2=Coin flip fav | T6=Coin flip dog
[2026-05-31 05:04:06]          T3=CBB B dog 50-55% | T4=NBA 50/50
[2026-05-31 05:04:06]          T7=60%+ fav (DOTA2/EPL/MLB)
[2026-05-31 05:04:06] =================================================================
[2026-05-31 05:04:06] 
[2026-05-31 05:04:06] =================================================================
[2026-05-31 05:04:06]   SCANNING — HYBRID 5-TIER STRATEGY
[2026-05-31 05:04:06] =================================================================
[2026-05-31 05:04:07]   Balance: $173.55 | Buying Power: $173.55
[2026-05-31 05:04:07]   Bet size: $5.21 (3% proven) / $3.47 (2% new leagues)
[2026-05-31 05:04:07] 
[2026-05-31 05:04:07]   WARNING: Could not fetch positions: 404 Client Error: Not Found for url: https://api.polymarket.us/v1/positions?limit=200
[2026-05-31 05:04:07]   WARNING: Could not fetch open orders: 501 Server Error: Not Implemented for url: https://api.polymarket.us/v1/orders?status=live&limit=200
[2026-05-31 05:04:07]   Scanning NBA...
[2026-05-31 05:04:07]     Found 1 events
[2026-05-31 05:04:07]   Scanning CBB...
[2026-05-31 05:04:07]     Found 0 events
[2026-05-31 05:04:07]   Scanning NHL...
[2026-05-31 05:04:07]     Found 3 events
[2026-05-31 05:04:07] 
[2026-05-31 05:04:07]   Total qualifying markets: 0
[2026-05-31 05:04:07]   New (not yet bet): 0
[2026-05-31 05:04:07] 
[2026-05-31 05:04:07]   No new qualifying markets found.
[2026-05-31 06:01:51] =================================================================
[2026-05-31 06:01:51]   POLYMARKET — MULTI-TIER BOT
[2026-05-31 06:01:51]   Mode: LIVE | Sizing: 3% of bankroll
[2026-05-31 06:01:51]   Leagues: NBA, CBB, NHL
[2026-05-31 06:01:51]   Bet window: 2h before game start
[2026-05-31 06:01:51]   Sizing: 3% (NBA/CBB) | 2% (NHL/MLB/EPL/DOTA2)
[2026-05-31 06:01:51]   Tiers: T1=B fav 75-90% | T2=Coin flip fav | T6=Coin flip dog
[2026-05-31 06:01:51]          T3=CBB B dog 50-55% | T4=NBA 50/50
[2026-05-31 06:01:51]          T7=60%+ fav (DOTA2/EPL/MLB)
[2026-05-31 06:01:51] =================================================================
[2026-05-31 06:01:51] 
[2026-05-31 06:01:51] =================================================================
[2026-05-31 06:01:51]   SCANNING — HYBRID 5-TIER STRATEGY
[2026-05-31 06:01:51] =================================================================
[2026-05-31 06:01:51]   Balance: $173.55 | Buying Power: $173.55
[2026-05-31 06:01:51]   Bet size: $5.21 (3% proven) / $3.47 (2% new leagues)
[2026-05-31 06:01:51] 
[2026-05-31 06:01:51]   WARNING: Could not fetch positions: 404 Client Error: Not Found for url: https://api.polymarket.us/v1/positions?limit=200
[2026-05-31 06:01:51]   WARNING: Could not fetch open orders: 501 Server Error: Not Implemented for url: https://api.polymarket.us/v1/orders?status=live&limit=200
[2026-05-31 06:01:51]   Scanning NBA...
[2026-05-31 06:01:51]     Found 1 events
[2026-05-31 06:01:51]   Scanning CBB...
[2026-05-31 06:01:51]     Found 0 events
[2026-05-31 06:01:52]   Scanning NHL...
[2026-05-31 06:01:52]     Found 3 events
[2026-05-31 06:01:52] 
[2026-05-31 06:01:52]   Total qualifying markets: 0
[2026-05-31 06:01:52]   New (not yet bet): 0
[2026-05-31 06:01:52] 
[2026-05-31 06:01:52]   No new qualifying markets found.
[2026-05-31 06:48:18] =================================================================
[2026-05-31 06:48:18]   POLYMARKET — MULTI-TIER BOT
[2026-05-31 06:48:18]   Mode: LIVE | Sizing: 3% of bankroll
[2026-05-31 06:48:18]   Leagues: NBA, CBB, NHL
[2026-05-31 06:48:18]   Bet window: 2h before game start
[2026-05-31 06:48:18]   Sizing: 3% (NBA/CBB) | 2% (NHL/MLB/EPL/DOTA2)
[2026-05-31 06:48:18]   Tiers: T1=B fav 75-90% | T2=Coin flip fav | T6=Coin flip dog
[2026-05-31 06:48:18]          T3=CBB B dog 50-55% | T4=NBA 50/50
[2026-05-31 06:48:18]          T7=60%+ fav (DOTA2/EPL/MLB)
[2026-05-31 06:48:18] =================================================================
[2026-05-31 06:48:18] 
[2026-05-31 06:48:18] =================================================================
[2026-05-31 06:48:18]   SCANNING — HYBRID 5-TIER STRATEGY
[2026-05-31 06:48:18] =================================================================
[2026-05-31 06:48:18]   Balance: $173.55 | Buying Power: $173.55
[2026-05-31 06:48:18]   Bet size: $5.21 (3% proven) / $3.47 (2% new leagues)
[2026-05-31 06:48:18] 
[2026-05-31 06:48:18]   WARNING: Could not fetch positions: 404 Client Error: Not Found for url: https://api.polymarket.us/v1/positions?limit=200
[2026-05-31 06:48:18]   WARNING: Could not fetch open orders: 501 Server Error: Not Implemented for url: https://api.polymarket.us/v1/orders?status=live&limit=200
[2026-05-31 06:48:18]   Scanning NBA...
[2026-05-31 06:48:18]     Found 1 events
[2026-05-31 06:48:18]   Scanning CBB...
[2026-05-31 06:48:18]     Found 0 events
[2026-05-31 06:48:19]   Scanning NHL...
[2026-05-31 06:48:19]     Found 3 events
[2026-05-31 06:48:19] 
[2026-05-31 06:48:19]   Total qualifying markets: 0
[2026-05-31 06:48:19]   New (not yet bet): 0
[2026-05-31 06:48:19] 
[2026-05-31 06:48:19]   No new qualifying markets found.
[2026-05-31 08:26:33] =================================================================
[2026-05-31 08:26:33]   POLYMARKET — MULTI-TIER BOT
[2026-05-31 08:26:33]   Mode: LIVE | Sizing: 3% of bankroll
[2026-05-31 08:26:33]   Leagues: NBA, CBB, NHL
[2026-05-31 08:26:33]   Bet window: 2h before game start
[2026-05-31 08:26:33]   Sizing: 3% (NBA/CBB) | 2% (NHL/MLB/EPL/DOTA2)
[2026-05-31 08:26:33]   Tiers: T1=B fav 75-90% | T2=Coin flip fav | T6=Coin flip dog
[2026-05-31 08:26:33]          T3=CBB B dog 50-55% | T4=NBA 50/50
[2026-05-31 08:26:33]          T7=60%+ fav (DOTA2/EPL/MLB)
[2026-05-31 08:26:33] =================================================================
[2026-05-31 08:26:33] 
[2026-05-31 08:26:33] =================================================================
[2026-05-31 08:26:33]   SCANNING — HYBRID 5-TIER STRATEGY
[2026-05-31 08:26:33] =================================================================
[2026-05-31 08:26:33]   Balance: $173.55 | Buying Power: $173.55
[2026-05-31 08:26:33]   Bet size: $5.21 (3% proven) / $3.47 (2% new leagues)
[2026-05-31 08:26:33] 
[2026-05-31 08:26:33]   WARNING: Could not fetch positions: 404 Client Error: Not Found for url: https://api.polymarket.us/v1/positions?limit=200
[2026-05-31 08:26:33]   WARNING: Could not fetch open orders: 501 Server Error: Not Implemented for url: https://api.polymarket.us/v1/orders?status=live&limit=200
[2026-05-31 08:26:33]   Scanning NBA...
[2026-05-31 08:26:33]     Found 1 events
[2026-05-31 08:26:33]   Scanning CBB...
[2026-05-31 08:26:33]     Found 0 events
[2026-05-31 08:26:33]   Scanning NHL...
[2026-05-31 08:26:33]     Found 3 events
[2026-05-31 08:26:33] 
[2026-05-31 08:26:33]   Total qualifying markets: 0
[2026-05-31 08:26:33]   New (not yet bet): 0
[2026-05-31 08:26:33] 
[2026-05-31 08:26:33]   No new qualifying markets found.
[2026-05-31 09:41:37] =================================================================
[2026-05-31 09:41:37]   POLYMARKET — MULTI-TIER BOT
[2026-05-31 09:41:37]   Mode: LIVE | Sizing: 3% of bankroll
[2026-05-31 09:41:37]   Leagues: NBA, CBB, NHL
[2026-05-31 09:41:37]   Bet window: 2h before game start
[2026-05-31 09:41:37]   Sizing: 3% (NBA/CBB) | 2% (NHL/MLB/EPL/DOTA2)
[2026-05-31 09:41:37]   Tiers: T1=B fav 75-90% | T2=Coin flip fav | T6=Coin flip dog
[2026-05-31 09:41:37]          T3=CBB B dog 50-55% | T4=NBA 50/50
[2026-05-31 09:41:37]          T7=60%+ fav (DOTA2/EPL/MLB)
[2026-05-31 09:41:37] =================================================================
[2026-05-31 09:41:37] 
[2026-05-31 09:41:37] =================================================================
[2026-05-31 09:41:37]   SCANNING — HYBRID 5-TIER STRATEGY
[2026-05-31 09:41:37] =================================================================
[2026-05-31 09:41:37]   Balance: $173.55 | Buying Power: $173.55
[2026-05-31 09:41:37]   Bet size: $5.21 (3% proven) / $3.47 (2% new leagues)
[2026-05-31 09:41:37] 
[2026-05-31 09:41:37]   WARNING: Could not fetch positions: 404 Client Error: Not Found for url: https://api.polymarket.us/v1/positions?limit=200
[2026-05-31 09:41:37]   WARNING: Could not fetch open orders: 501 Server Error: Not Implemented for url: https://api.polymarket.us/v1/orders?status=live&limit=200
[2026-05-31 09:41:37]   Scanning NBA...
[2026-05-31 09:41:37]     Found 1 events
[2026-05-31 09:41:37]   Scanning CBB...
[2026-05-31 09:41:37]     Found 0 events
[2026-05-31 09:41:37]   Scanning NHL...
[2026-05-31 09:41:38]     Found 3 events
[2026-05-31 09:41:38] 
[2026-05-31 09:41:38]   Total qualifying markets: 0
[2026-05-31 09:41:38]   New (not yet bet): 0
[2026-05-31 09:41:38] 
[2026-05-31 09:41:38]   No new qualifying markets found.
[2026-05-31 10:31:24] =================================================================
[2026-05-31 10:31:24]   POLYMARKET — MULTI-TIER BOT
[2026-05-31 10:31:24]   Mode: LIVE | Sizing: 3% of bankroll
[2026-05-31 10:31:24]   Leagues: NBA, CBB, NHL
[2026-05-31 10:31:24]   Bet window: 2h before game start
[2026-05-31 10:31:24]   Sizing: 3% (NBA/CBB) | 2% (NHL/MLB/EPL/DOTA2)
[2026-05-31 10:31:24]   Tiers: T1=B fav 75-90% | T2=Coin flip fav | T6=Coin flip dog
[2026-05-31 10:31:24]          T3=CBB B dog 50-55% | T4=NBA 50/50
[2026-05-31 10:31:24]          T7=60%+ fav (DOTA2/EPL/MLB)
[2026-05-31 10:31:24] =================================================================
[2026-05-31 10:31:24] 
[2026-05-31 10:31:24] =================================================================
[2026-05-31 10:31:24]   SCANNING — HYBRID 5-TIER STRATEGY
[2026-05-31 10:31:24] =================================================================
[2026-05-31 10:31:24]   Balance: $173.55 | Buying Power: $173.55
[2026-05-31 10:31:24]   Bet size: $5.21 (3% proven) / $3.47 (2% new leagues)
[2026-05-31 10:31:24] 
[2026-05-31 10:31:24]   WARNING: Could not fetch positions: 404 Client Error: Not Found for url: https://api.polymarket.us/v1/positions?limit=200
[2026-05-31 10:31:24]   WARNING: Could not fetch open orders: 501 Server Error: Not Implemented for url: https://api.polymarket.us/v1/orders?status=live&limit=200
[2026-05-31 10:31:24]   Scanning NBA...
[2026-05-31 10:31:24]     Found 1 events
[2026-05-31 10:31:24]   Scanning CBB...
[2026-05-31 10:31:24]     Found 0 events
[2026-05-31 10:31:25]   Scanning NHL...
[2026-05-31 10:31:25]     Found 3 events
[2026-05-31 10:31:25] 
[2026-05-31 10:31:25]   Total qualifying markets: 0
[2026-05-31 10:31:25]   New (not yet bet): 0
[2026-05-31 10:31:25] 
[2026-05-31 10:31:25]   No new qualifying markets found.
[2026-05-31 11:26:43] =================================================================
[2026-05-31 11:26:43]   POLYMARKET — MULTI-TIER BOT
[2026-05-31 11:26:43]   Mode: LIVE | Sizing: 3% of bankroll
[2026-05-31 11:26:43]   Leagues: NBA, CBB, NHL
[2026-05-31 11:26:43]   Bet window: 2h before game start
[2026-05-31 11:26:43]   Sizing: 3% (NBA/CBB) | 2% (NHL/MLB/EPL/DOTA2)
[2026-05-31 11:26:43]   Tiers: T1=B fav 75-90% | T2=Coin flip fav | T6=Coin flip dog
[2026-05-31 11:26:43]          T3=CBB B dog 50-55% | T4=NBA 50/50
[2026-05-31 11:26:43]          T7=60%+ fav (DOTA2/EPL/MLB)
[2026-05-31 11:26:43] =================================================================
[2026-05-31 11:26:43] 
[2026-05-31 11:26:43] =================================================================
[2026-05-31 11:26:43]   SCANNING — HYBRID 5-TIER STRATEGY
[2026-05-31 11:26:43] =================================================================
[2026-05-31 11:26:43]   Balance: $173.55 | Buying Power: $173.55
[2026-05-31 11:26:43]   Bet size: $5.21 (3% proven) / $3.47 (2% new leagues)
[2026-05-31 11:26:43] 
[2026-05-31 11:26:43]   WARNING: Could not fetch positions: 404 Client Error: Not Found for url: https://api.polymarket.us/v1/positions?limit=200
[2026-05-31 11:26:43]   WARNING: Could not fetch open orders: 501 Server Error: Not Implemented for url: https://api.polymarket.us/v1/orders?status=live&limit=200
[2026-05-31 11:26:43]   Scanning NBA...
[2026-05-31 11:26:43]     Found 1 events
[2026-05-31 11:26:43]   Scanning CBB...
[2026-05-31 11:26:43]     Found 0 events
[2026-05-31 11:26:44]   Scanning NHL...
[2026-05-31 11:26:44]     Found 3 events
[2026-05-31 11:26:44] 
[2026-05-31 11:26:44]   Total qualifying markets: 0
[2026-05-31 11:26:44]   New (not yet bet): 0
[2026-05-31 11:26:44] 
[2026-05-31 11:26:44]   No new qualifying markets found.
[2026-05-31 12:58:12] =================================================================
[2026-05-31 12:58:12]   POLYMARKET — MULTI-TIER BOT
[2026-05-31 12:58:12]   Mode: LIVE | Sizing: 3% of bankroll
[2026-05-31 12:58:12]   Leagues: NBA, CBB, NHL
[2026-05-31 12:58:12]   Bet window: 2h before game start
[2026-05-31 12:58:12]   Sizing: 3% (NBA/CBB) | 2% (NHL/MLB/EPL/DOTA2)
[2026-05-31 12:58:12]   Tiers: T1=B fav 75-90% | T2=Coin flip fav | T6=Coin flip dog
[2026-05-31 12:58:12]          T3=CBB B dog 50-55% | T4=NBA 50/50
[2026-05-31 12:58:12]          T7=60%+ fav (DOTA2/EPL/MLB)
[2026-05-31 12:58:12] =================================================================
[2026-05-31 12:58:12] 
[2026-05-31 12:58:12] =================================================================
[2026-05-31 12:58:12]   SCANNING — HYBRID 5-TIER STRATEGY
[2026-05-31 12:58:12] =================================================================
[2026-05-31 12:58:12]   Balance: $173.55 | Buying Power: $173.55
[2026-05-31 12:58:12]   Bet size: $5.21 (3% proven) / $3.47 (2% new leagues)
[2026-05-31 12:58:12] 
[2026-05-31 12:58:12]   WARNING: Could not fetch positions: 404 Client Error: Not Found for url: https://api.polymarket.us/v1/positions?limit=200
[2026-05-31 12:58:12]   WARNING: Could not fetch open orders: 501 Server Error: Not Implemented for url: https://api.polymarket.us/v1/orders?status=live&limit=200
[2026-05-31 12:58:12]   Scanning NBA...
[2026-05-31 12:58:12]     Found 1 events
[2026-05-31 12:58:13]   Scanning CBB...
[2026-05-31 12:58:13]     Found 0 events
[2026-05-31 12:58:13]   Scanning NHL...
[2026-05-31 12:58:13]     Found 3 events
[2026-05-31 12:58:13] 
[2026-05-31 12:58:13]   Total qualifying markets: 0
[2026-05-31 12:58:13]   New (not yet bet): 0
[2026-05-31 12:58:13] 
[2026-05-31 12:58:13]   No new qualifying markets found.
[2026-05-31 13:12:57] =================================================================
[2026-05-31 13:12:57]   POLYMARKET — MULTI-TIER BOT
[2026-05-31 13:12:57]   Mode: LIVE | Sizing: 3% of bankroll
[2026-05-31 13:12:57]   Leagues: NBA, CBB, NHL
[2026-05-31 13:12:57]   Bet window: 2h before game start
[2026-05-31 13:12:57]   Sizing: 3% (NBA/CBB) | 2% (NHL/MLB/EPL/DOTA2)
[2026-05-31 13:12:57]   Tiers: T1=B fav 75-90% | T2=Coin flip fav | T6=Coin flip dog
[2026-05-31 13:12:57]          T3=CBB B dog 50-55% | T4=NBA 50/50
[2026-05-31 13:12:57]          T7=60%+ fav (DOTA2/EPL/MLB)
[2026-05-31 13:12:57] =================================================================
[2026-05-31 13:12:57] 
[2026-05-31 13:12:57] =================================================================
[2026-05-31 13:12:57]   SCANNING — HYBRID 5-TIER STRATEGY
[2026-05-31 13:12:57] =================================================================
[2026-05-31 13:12:57]   Balance: $173.55 | Buying Power: $173.55
[2026-05-31 13:12:57]   Bet size: $5.21 (3% proven) / $3.47 (2% new leagues)
[2026-05-31 13:12:57] 
[2026-05-31 13:12:57]   WARNING: Could not fetch positions: 404 Client Error: Not Found for url: https://api.polymarket.us/v1/positions?limit=200
[2026-05-31 13:12:57]   WARNING: Could not fetch open orders: 501 Server Error: Not Implemented for url: https://api.polymarket.us/v1/orders?status=live&limit=200
[2026-05-31 13:12:57]   Scanning NBA...
[2026-05-31 13:12:57]     Found 1 events
[2026-05-31 13:12:57]   Scanning CBB...
[2026-05-31 13:12:57]     Found 0 events
[2026-05-31 13:12:57]   Scanning NHL...
[2026-05-31 13:12:58]     Found 3 events
[2026-05-31 13:12:58] 
[2026-05-31 13:12:58]   Total qualifying markets: 0
[2026-05-31 13:12:58]   New (not yet bet): 0
[2026-05-31 13:12:58] 
[2026-05-31 13:12:58]   No new qualifying markets found.
[2026-05-31 14:56:07] =================================================================
[2026-05-31 14:56:07]   POLYMARKET — MULTI-TIER BOT
[2026-05-31 14:56:07]   Mode: LIVE | Sizing: 3% of bankroll
[2026-05-31 14:56:07]   Leagues: NBA, CBB, NHL
[2026-05-31 14:56:07]   Bet window: 2h before game start
[2026-05-31 14:56:07]   Sizing: 3% (NBA/CBB) | 2% (NHL/MLB/EPL/DOTA2)
[2026-05-31 14:56:07]   Tiers: T1=B fav 75-90% | T2=Coin flip fav | T6=Coin flip dog
[2026-05-31 14:56:07]          T3=CBB B dog 50-55% | T4=NBA 50/50
[2026-05-31 14:56:07]          T7=60%+ fav (DOTA2/EPL/MLB)
[2026-05-31 14:56:07] =================================================================
[2026-05-31 14:56:07] 
[2026-05-31 14:56:07] =================================================================
[2026-05-31 14:56:07]   SCANNING — HYBRID 5-TIER STRATEGY
[2026-05-31 14:56:07] =================================================================
[2026-05-31 14:56:07]   Balance: $173.55 | Buying Power: $173.55
[2026-05-31 14:56:07]   Bet size: $5.21 (3% proven) / $3.47 (2% new leagues)
[2026-05-31 14:56:07] 
[2026-05-31 14:56:07]   WARNING: Could not fetch positions: 404 Client Error: Not Found for url: https://api.polymarket.us/v1/positions?limit=200
[2026-05-31 14:56:07]   WARNING: Could not fetch open orders: 501 Server Error: Not Implemented for url: https://api.polymarket.us/v1/orders?status=live&limit=200
[2026-05-31 14:56:07]   Scanning NBA...
[2026-05-31 14:56:07]     Found 1 events
[2026-05-31 14:56:08]   Scanning CBB...
[2026-05-31 14:56:08]     Found 0 events
[2026-05-31 14:56:08]   Scanning NHL...
[2026-05-31 14:56:08]     Found 3 events
[2026-05-31 14:56:08] 
[2026-05-31 14:56:08]   Total qualifying markets: 0
[2026-05-31 14:56:08]   New (not yet bet): 0
[2026-05-31 14:56:08] 
[2026-05-31 14:56:08]   No new qualifying markets found.
[2026-05-31 15:01:36] =================================================================
[2026-05-31 15:01:36]   POLYMARKET — MULTI-TIER BOT
[2026-05-31 15:01:36]   Mode: LIVE | Sizing: 3% of bankroll
[2026-05-31 15:01:36]   Leagues: NBA, CBB, NHL
[2026-05-31 15:01:36]   Bet window: 2h before game start
[2026-05-31 15:01:36]   Sizing: 3% (NBA/CBB) | 2% (NHL/MLB/EPL/DOTA2)
[2026-05-31 15:01:36]   Tiers: T1=B fav 75-90% | T2=Coin flip fav | T6=Coin flip dog
[2026-05-31 15:01:36]          T3=CBB B dog 50-55% | T4=NBA 50/50
[2026-05-31 15:01:36]          T7=60%+ fav (DOTA2/EPL/MLB)
[2026-05-31 15:01:36] =================================================================
[2026-05-31 15:01:36] 
[2026-05-31 15:01:36] =================================================================
[2026-05-31 15:01:36]   SCANNING — HYBRID 5-TIER STRATEGY
[2026-05-31 15:01:36] =================================================================
[2026-05-31 15:01:36]   Balance: $173.55 | Buying Power: $173.55
[2026-05-31 15:01:36]   Bet size: $5.21 (3% proven) / $3.47 (2% new leagues)
[2026-05-31 15:01:36] 
[2026-05-31 15:01:36]   WARNING: Could not fetch positions: 404 Client Error: Not Found for url: https://api.polymarket.us/v1/positions?limit=200
[2026-05-31 15:01:36]   WARNING: Could not fetch open orders: 501 Server Error: Not Implemented for url: https://api.polymarket.us/v1/orders?status=live&limit=200
[2026-05-31 15:01:36]   Scanning NBA...
[2026-05-31 15:01:36]     Found 1 events
[2026-05-31 15:01:36]   Scanning CBB...
[2026-05-31 15:01:36]     Found 0 events
[2026-05-31 15:01:36]   Scanning NHL...
[2026-05-31 15:01:36]     Found 3 events
[2026-05-31 15:01:36] 
[2026-05-31 15:01:36]   Total qualifying markets: 0
[2026-05-31 15:01:36]   New (not yet bet): 0
[2026-05-31 15:01:36] 
[2026-05-31 15:01:36]   No new qualifying markets found.
[2026-05-31 15:10:34] =================================================================
[2026-05-31 15:10:34]   POLYMARKET — MULTI-TIER BOT
[2026-05-31 15:10:34]   Mode: LIVE | Sizing: 3% of bankroll
[2026-05-31 15:10:34]   Leagues: NBA, CBB, NHL
[2026-05-31 15:10:34]   Bet window: 2h before game start
[2026-05-31 15:10:34]   Sizing: 3% (NBA/CBB) | 2% (NHL/MLB/EPL/DOTA2)
[2026-05-31 15:10:34]   Tiers: T1=B fav 75-90% | T2=Coin flip fav | T6=Coin flip dog
[2026-05-31 15:10:34]          T3=CBB B dog 50-55% | T4=NBA 50/50
[2026-05-31 15:10:34]          T7=60%+ fav (DOTA2/EPL/MLB)
[2026-05-31 15:10:34] =================================================================
[2026-05-31 15:10:34] 
[2026-05-31 15:10:34] =================================================================
[2026-05-31 15:10:34]   SCANNING — HYBRID 5-TIER STRATEGY
[2026-05-31 15:10:34] =================================================================
[2026-05-31 15:10:34]   Balance: $173.55 | Buying Power: $173.55
[2026-05-31 15:10:34]   Bet size: $5.21 (3% proven) / $3.47 (2% new leagues)
[2026-05-31 15:10:34] 
[2026-05-31 15:10:34]   WARNING: Could not fetch positions: 404 Client Error: Not Found for url: https://api.polymarket.us/v1/positions?limit=200
[2026-05-31 15:10:34]   WARNING: Could not fetch open orders: 501 Server Error: Not Implemented for url: https://api.polymarket.us/v1/orders?status=live&limit=200
[2026-05-31 15:10:34]   Scanning NBA...
[2026-05-31 15:10:34]     Found 1 events
[2026-05-31 15:10:34]   Scanning CBB...
[2026-05-31 15:10:34]     Found 0 events
[2026-05-31 15:10:35]   Scanning NHL...
[2026-05-31 15:10:35]     Found 3 events
[2026-05-31 15:10:35] 
[2026-05-31 15:10:35]   Total qualifying markets: 0
[2026-05-31 15:10:35]   New (not yet bet): 0
[2026-05-31 15:10:35] 
[2026-05-31 15:10:35]   No new qualifying markets found.
[2026-05-31 15:32:34] =================================================================
[2026-05-31 15:32:34]   POLYMARKET — MULTI-TIER BOT
[2026-05-31 15:32:34]   Mode: LIVE | Sizing: 3% of bankroll
[2026-05-31 15:32:34]   Leagues: NBA, CBB, NHL
[2026-05-31 15:32:34]   Bet window: 2h before game start
[2026-05-31 15:32:34]   Sizing: 3% (NBA/CBB) | 2% (NHL/MLB/EPL/DOTA2)
[2026-05-31 15:32:34]   Tiers: T1=B fav 75-90% | T2=Coin flip fav | T6=Coin flip dog
[2026-05-31 15:32:34]          T3=CBB B dog 50-55% | T4=NBA 50/50
[2026-05-31 15:32:34]          T7=60%+ fav (DOTA2/EPL/MLB)
[2026-05-31 15:32:34] =================================================================
[2026-05-31 15:32:34] 
[2026-05-31 15:32:34] =================================================================
[2026-05-31 15:32:34]   SCANNING — HYBRID 5-TIER STRATEGY
[2026-05-31 15:32:34] =================================================================
[2026-05-31 15:32:34]   Balance: $173.55 | Buying Power: $173.55
[2026-05-31 15:32:34]   Bet size: $5.21 (3% proven) / $3.47 (2% new leagues)
[2026-05-31 15:32:34] 
[2026-05-31 15:32:34]   WARNING: Could not fetch positions: 404 Client Error: Not Found for url: https://api.polymarket.us/v1/positions?limit=200
[2026-05-31 15:32:34]   WARNING: Could not fetch open orders: 501 Server Error: Not Implemented for url: https://api.polymarket.us/v1/orders?status=live&limit=200
[2026-05-31 15:32:34]   Scanning NBA...
[2026-05-31 15:32:34]     Found 1 events
[2026-05-31 15:32:34]   Scanning CBB...
[2026-05-31 15:32:35]     Found 0 events
[2026-05-31 15:32:35]   Scanning NHL...
[2026-05-31 15:32:35]     Found 3 events
[2026-05-31 15:32:35] 
[2026-05-31 15:32:35]   Total qualifying markets: 0
[2026-05-31 15:32:35]   New (not yet bet): 0
[2026-05-31 15:32:35] 
[2026-05-31 15:32:35]   No new qualifying markets found.
[2026-05-31 15:37:38] =================================================================
[2026-05-31 15:37:38]   POLYMARKET — MULTI-TIER BOT
[2026-05-31 15:37:38]   Mode: LIVE | Sizing: 3% of bankroll
[2026-05-31 15:37:38]   Leagues: NBA, CBB, NHL
[2026-05-31 15:37:38]   Bet window: 2h before game start
[2026-05-31 15:37:38]   Sizing: 3% (NBA/CBB) | 2% (NHL/MLB/EPL/DOTA2)
[2026-05-31 15:37:38]   Tiers: T1=B fav 75-90% | T2=Coin flip fav | T6=Coin flip dog
[2026-05-31 15:37:38]          T3=CBB B dog 50-55% | T4=NBA 50/50
[2026-05-31 15:37:38]          T7=60%+ fav (DOTA2/EPL/MLB)
[2026-05-31 15:37:38] =================================================================
[2026-05-31 15:37:38] 
[2026-05-31 15:37:38] =================================================================
[2026-05-31 15:37:38]   SCANNING — HYBRID 5-TIER STRATEGY
[2026-05-31 15:37:38] =================================================================
[2026-05-31 15:37:38]   Balance: $173.55 | Buying Power: $173.55
[2026-05-31 15:37:38]   Bet size: $5.21 (3% proven) / $3.47 (2% new leagues)
[2026-05-31 15:37:38] 
[2026-05-31 15:37:38]   WARNING: Could not fetch positions: 404 Client Error: Not Found for url: https://api.polymarket.us/v1/positions?limit=200
[2026-05-31 15:37:38]   WARNING: Could not fetch open orders: 501 Server Error: Not Implemented for url: https://api.polymarket.us/v1/orders?status=live&limit=200
[2026-05-31 15:37:38]   Scanning NBA...
[2026-05-31 15:37:38]     Found 1 events
[2026-05-31 15:37:38]   Scanning CBB...
[2026-05-31 15:37:38]     Found 0 events
[2026-05-31 15:37:38]   Scanning NHL...
[2026-05-31 15:37:38]     Found 3 events
[2026-05-31 15:37:38] 
[2026-05-31 15:37:38]   Total qualifying markets: 0
[2026-05-31 15:37:38]   New (not yet bet): 0
[2026-05-31 15:37:38] 
[2026-05-31 15:37:38]   No new qualifying markets found.
[2026-05-31 15:42:39] =================================================================
[2026-05-31 15:42:39]   POLYMARKET — MULTI-TIER BOT
[2026-05-31 15:42:39]   Mode: LIVE | Sizing: 3% of bankroll
[2026-05-31 15:42:39]   Leagues: NBA, CBB, NHL
[2026-05-31 15:42:39]   Bet window: 2h before game start
[2026-05-31 15:42:39]   Sizing: 3% (NBA/CBB) | 2% (NHL/MLB/EPL/DOTA2)
[2026-05-31 15:42:39]   Tiers: T1=B fav 75-90% | T2=Coin flip fav | T6=Coin flip dog
[2026-05-31 15:42:39]          T3=CBB B dog 50-55% | T4=NBA 50/50
[2026-05-31 15:42:39]          T7=60%+ fav (DOTA2/EPL/MLB)
[2026-05-31 15:42:39] =================================================================
[2026-05-31 15:42:39] 
[2026-05-31 15:42:39] =================================================================
[2026-05-31 15:42:39]   SCANNING — HYBRID 5-TIER STRATEGY
[2026-05-31 15:42:39] =================================================================
[2026-05-31 15:42:39]   Balance: $173.55 | Buying Power: $173.55
[2026-05-31 15:42:39]   Bet size: $5.21 (3% proven) / $3.47 (2% new leagues)
[2026-05-31 15:42:39] 
[2026-05-31 15:42:39]   WARNING: Could not fetch positions: 404 Client Error: Not Found for url: https://api.polymarket.us/v1/positions?limit=200
[2026-05-31 15:42:39]   WARNING: Could not fetch open orders: 501 Server Error: Not Implemented for url: https://api.polymarket.us/v1/orders?status=live&limit=200
[2026-05-31 15:42:39]   Scanning NBA...
[2026-05-31 15:42:39]     Found 1 events
[2026-05-31 15:42:39]   Scanning CBB...
[2026-05-31 15:42:39]     Found 0 events
[2026-05-31 15:42:39]   Scanning NHL...
[2026-05-31 15:42:39]     Found 3 events
[2026-05-31 15:42:40] 
[2026-05-31 15:42:40]   Total qualifying markets: 0
[2026-05-31 15:42:40]   New (not yet bet): 0
[2026-05-31 15:42:40] 
[2026-05-31 15:42:40]   No new qualifying markets found.
[2026-05-31 16:41:57] =================================================================
[2026-05-31 16:41:57]   POLYMARKET — MULTI-TIER BOT
[2026-05-31 16:41:57]   Mode: LIVE | Sizing: 3% of bankroll
[2026-05-31 16:41:57]   Leagues: NBA, CBB, NHL
[2026-05-31 16:41:57]   Bet window: 2h before game start
[2026-05-31 16:41:57]   Sizing: 3% (NBA/CBB) | 2% (NHL/MLB/EPL/DOTA2)
[2026-05-31 16:41:57]   Tiers: T1=B fav 75-90% | T2=Coin flip fav | T6=Coin flip dog
[2026-05-31 16:41:57]          T3=CBB B dog 50-55% | T4=NBA 50/50
[2026-05-31 16:41:57]          T7=60%+ fav (DOTA2/EPL/MLB)
[2026-05-31 16:41:57] =================================================================
[2026-05-31 16:41:57] 
[2026-05-31 16:41:57] =================================================================
[2026-05-31 16:41:57]   SCANNING — HYBRID 5-TIER STRATEGY
[2026-05-31 16:41:57] =================================================================
[2026-05-31 16:41:57]   Balance: $173.55 | Buying Power: $173.55
[2026-05-31 16:41:57]   Bet size: $5.21 (3% proven) / $3.47 (2% new leagues)
[2026-05-31 16:41:57] 
[2026-05-31 16:41:57]   WARNING: Could not fetch positions: 404 Client Error: Not Found for url: https://api.polymarket.us/v1/positions?limit=200
[2026-05-31 16:41:57]   WARNING: Could not fetch open orders: 501 Server Error: Not Implemented for url: https://api.polymarket.us/v1/orders?status=live&limit=200
[2026-05-31 16:41:57]   Scanning NBA...
[2026-05-31 16:41:57]     Found 1 events
[2026-05-31 16:41:57]   Scanning CBB...
[2026-05-31 16:41:57]     Found 0 events
[2026-05-31 16:41:57]   Scanning NHL...
[2026-05-31 16:41:58]     Found 3 events
[2026-05-31 16:41:58] 
[2026-05-31 16:41:58]   Total qualifying markets: 0
[2026-05-31 16:41:58]   New (not yet bet): 0
[2026-05-31 16:41:58] 
[2026-05-31 16:41:58]   No new qualifying markets found.
[2026-05-31 16:55:50] =================================================================
[2026-05-31 16:55:50]   POLYMARKET — MULTI-TIER BOT
[2026-05-31 16:55:50]   Mode: LIVE | Sizing: 3% of bankroll
[2026-05-31 16:55:50]   Leagues: NBA, CBB, NHL
[2026-05-31 16:55:50]   Bet window: 2h before game start
[2026-05-31 16:55:50]   Sizing: 3% (NBA/CBB) | 2% (NHL/MLB/EPL/DOTA2)
[2026-05-31 16:55:50]   Tiers: T1=B fav 75-90% | T2=Coin flip fav | T6=Coin flip dog
[2026-05-31 16:55:50]          T3=CBB B dog 50-55% | T4=NBA 50/50
[2026-05-31 16:55:50]          T7=60%+ fav (DOTA2/EPL/MLB)
[2026-05-31 16:55:50] =================================================================
[2026-05-31 16:55:50] 
[2026-05-31 16:55:50] =================================================================
[2026-05-31 16:55:50]   SCANNING — HYBRID 5-TIER STRATEGY
[2026-05-31 16:55:50] =================================================================
[2026-05-31 16:55:50]   Balance: $173.55 | Buying Power: $173.55
[2026-05-31 16:55:50]   Bet size: $5.21 (3% proven) / $3.47 (2% new leagues)
[2026-05-31 16:55:50] 
[2026-05-31 16:55:50]   WARNING: Could not fetch positions: 404 Client Error: Not Found for url: https://api.polymarket.us/v1/positions?limit=200
[2026-05-31 16:55:50]   WARNING: Could not fetch open orders: 501 Server Error: Not Implemented for url: https://api.polymarket.us/v1/orders?status=live&limit=200
[2026-05-31 16:55:50]   Scanning NBA...
[2026-05-31 16:55:50]     Found 1 events
[2026-05-31 16:55:50]   Scanning CBB...
[2026-05-31 16:55:50]     Found 0 events
[2026-05-31 16:55:50]   Scanning NHL...
[2026-05-31 16:55:50]     Found 3 events
[2026-05-31 16:55:51] 
[2026-05-31 16:55:51]   Total qualifying markets: 0
[2026-05-31 16:55:51]   New (not yet bet): 0
[2026-05-31 16:55:51] 
[2026-05-31 16:55:51]   No new qualifying markets found.
[2026-05-31 17:41:00] =================================================================
[2026-05-31 17:41:00]   POLYMARKET — MULTI-TIER BOT
[2026-05-31 17:41:00]   Mode: LIVE | Sizing: 3% of bankroll
[2026-05-31 17:41:00]   Leagues: NBA, CBB, NHL
[2026-05-31 17:41:00]   Bet window: 2h before game start
[2026-05-31 17:41:00]   Sizing: 3% (NBA/CBB) | 2% (NHL/MLB/EPL/DOTA2)
[2026-05-31 17:41:00]   Tiers: T1=B fav 75-90% | T2=Coin flip fav | T6=Coin flip dog
[2026-05-31 17:41:00]          T3=CBB B dog 50-55% | T4=NBA 50/50
[2026-05-31 17:41:00]          T7=60%+ fav (DOTA2/EPL/MLB)
[2026-05-31 17:41:00] =================================================================
[2026-05-31 17:41:00] 
[2026-05-31 17:41:00] =================================================================
[2026-05-31 17:41:00]   SCANNING — HYBRID 5-TIER STRATEGY
[2026-05-31 17:41:00] =================================================================
[2026-05-31 17:41:00]   Balance: $173.55 | Buying Power: $173.55
[2026-05-31 17:41:00]   Bet size: $5.21 (3% proven) / $3.47 (2% new leagues)
[2026-05-31 17:41:00] 
[2026-05-31 17:41:00]   WARNING: Could not fetch positions: 404 Client Error: Not Found for url: https://api.polymarket.us/v1/positions?limit=200
[2026-05-31 17:41:00]   WARNING: Could not fetch open orders: 501 Server Error: Not Implemented for url: https://api.polymarket.us/v1/orders?status=live&limit=200
[2026-05-31 17:41:00]   Scanning NBA...
[2026-05-31 17:41:01]     Found 1 events
[2026-05-31 17:41:01]   Scanning CBB...
[2026-05-31 17:41:01]     Found 0 events
[2026-05-31 17:41:01]   Scanning NHL...
[2026-05-31 17:41:01]     Found 3 events
[2026-05-31 17:41:01] 
[2026-05-31 17:41:01]   Total qualifying markets: 0
[2026-05-31 17:41:01]   New (not yet bet): 0
[2026-05-31 17:41:01] 
[2026-05-31 17:41:01]   No new qualifying markets found.
[2026-05-31 17:54:43] =================================================================
[2026-05-31 17:54:43]   POLYMARKET — MULTI-TIER BOT
[2026-05-31 17:54:43]   Mode: LIVE | Sizing: 3% of bankroll
[2026-05-31 17:54:43]   Leagues: NBA, CBB, NHL
[2026-05-31 17:54:43]   Bet window: 2h before game start
[2026-05-31 17:54:43]   Sizing: 3% (NBA/CBB) | 2% (NHL/MLB/EPL/DOTA2)
[2026-05-31 17:54:43]   Tiers: T1=B fav 75-90% | T2=Coin flip fav | T6=Coin flip dog
[2026-05-31 17:54:43]          T3=CBB B dog 50-55% | T4=NBA 50/50
[2026-05-31 17:54:43]          T7=60%+ fav (DOTA2/EPL/MLB)
[2026-05-31 17:54:43] =================================================================
[2026-05-31 17:54:43] 
[2026-05-31 17:54:43] =================================================================
[2026-05-31 17:54:43]   SCANNING — HYBRID 5-TIER STRATEGY
[2026-05-31 17:54:43] =================================================================
[2026-05-31 17:54:43]   Balance: $173.55 | Buying Power: $173.55
[2026-05-31 17:54:43]   Bet size: $5.21 (3% proven) / $3.47 (2% new leagues)
[2026-05-31 17:54:43] 
[2026-05-31 17:54:43]   WARNING: Could not fetch positions: 404 Client Error: Not Found for url: https://api.polymarket.us/v1/positions?limit=200
[2026-05-31 17:54:43]   WARNING: Could not fetch open orders: 501 Server Error: Not Implemented for url: https://api.polymarket.us/v1/orders?status=live&limit=200
[2026-05-31 17:54:43]   Scanning NBA...
[2026-05-31 17:54:43]     Found 1 events
[2026-05-31 17:54:43]   Scanning CBB...
[2026-05-31 17:54:44]     Found 0 events
[2026-05-31 17:54:44]   Scanning NHL...
[2026-05-31 17:54:44]     Found 3 events
[2026-05-31 17:54:44] 
[2026-05-31 17:54:44]   Total qualifying markets: 0
[2026-05-31 17:54:44]   New (not yet bet): 0
[2026-05-31 17:54:44] 
[2026-05-31 17:54:44]   No new qualifying markets found.
[2026-05-31 18:44:27] =================================================================
[2026-05-31 18:44:27]   POLYMARKET — MULTI-TIER BOT
[2026-05-31 18:44:27]   Mode: LIVE | Sizing: 3% of bankroll
[2026-05-31 18:44:27]   Leagues: NBA, CBB, NHL
[2026-05-31 18:44:27]   Bet window: 2h before game start
[2026-05-31 18:44:27]   Sizing: 3% (NBA/CBB) | 2% (NHL/MLB/EPL/DOTA2)
[2026-05-31 18:44:27]   Tiers: T1=B fav 75-90% | T2=Coin flip fav | T6=Coin flip dog
[2026-05-31 18:44:27]          T3=CBB B dog 50-55% | T4=NBA 50/50
[2026-05-31 18:44:27]          T7=60%+ fav (DOTA2/EPL/MLB)
[2026-05-31 18:44:27] =================================================================
[2026-05-31 18:44:27] 
[2026-05-31 18:44:27] =================================================================
[2026-05-31 18:44:27]   SCANNING — HYBRID 5-TIER STRATEGY
[2026-05-31 18:44:27] =================================================================
[2026-05-31 18:44:27]   Balance: $173.55 | Buying Power: $173.55
[2026-05-31 18:44:27]   Bet size: $5.21 (3% proven) / $3.47 (2% new leagues)
[2026-05-31 18:44:27] 
[2026-05-31 18:44:27]   WARNING: Could not fetch positions: 404 Client Error: Not Found for url: https://api.polymarket.us/v1/positions?limit=200
[2026-05-31 18:44:27]   WARNING: Could not fetch open orders: 501 Server Error: Not Implemented for url: https://api.polymarket.us/v1/orders?status=live&limit=200
[2026-05-31 18:44:27]   Scanning NBA...
[2026-05-31 18:44:27]     Found 1 events
[2026-05-31 18:44:27]   Scanning CBB...
[2026-05-31 18:44:27]     Found 0 events
[2026-05-31 18:44:27]   Scanning NHL...
[2026-05-31 18:44:27]     Found 3 events
[2026-05-31 18:44:28] 
[2026-05-31 18:44:28]   Total qualifying markets: 0
[2026-05-31 18:44:28]   New (not yet bet): 0
[2026-05-31 18:44:28] 
[2026-05-31 18:44:28]   No new qualifying markets found.
[2026-05-31 19:01:28] =================================================================
[2026-05-31 19:01:28]   POLYMARKET — MULTI-TIER BOT
[2026-05-31 19:01:28]   Mode: LIVE | Sizing: 3% of bankroll
[2026-05-31 19:01:28]   Leagues: NBA, CBB, NHL
[2026-05-31 19:01:28]   Bet window: 2h before game start
[2026-05-31 19:01:28]   Sizing: 3% (NBA/CBB) | 2% (NHL/MLB/EPL/DOTA2)
[2026-05-31 19:01:28]   Tiers: T1=B fav 75-90% | T2=Coin flip fav | T6=Coin flip dog
[2026-05-31 19:01:28]          T3=CBB B dog 50-55% | T4=NBA 50/50
[2026-05-31 19:01:28]          T7=60%+ fav (DOTA2/EPL/MLB)
[2026-05-31 19:01:28] =================================================================
[2026-05-31 19:01:28] 
[2026-05-31 19:01:28] =================================================================
[2026-05-31 19:01:28]   SCANNING — HYBRID 5-TIER STRATEGY
[2026-05-31 19:01:28] =================================================================
[2026-05-31 19:01:28]   Balance: $173.55 | Buying Power: $173.55
[2026-05-31 19:01:28]   Bet size: $5.21 (3% proven) / $3.47 (2% new leagues)
[2026-05-31 19:01:28] 
[2026-05-31 19:01:28]   WARNING: Could not fetch positions: 404 Client Error: Not Found for url: https://api.polymarket.us/v1/positions?limit=200
[2026-05-31 19:01:28]   WARNING: Could not fetch open orders: 501 Server Error: Not Implemented for url: https://api.polymarket.us/v1/orders?status=live&limit=200
[2026-05-31 19:01:28]   Scanning NBA...
[2026-05-31 19:01:29]     Found 1 events
[2026-05-31 19:01:29]   Scanning CBB...
[2026-05-31 19:01:29]     Found 0 events
[2026-05-31 19:01:29]   Scanning NHL...
[2026-05-31 19:01:29]     Found 3 events
[2026-05-31 19:01:29] 
[2026-05-31 19:01:29]   Total qualifying markets: 0
[2026-05-31 19:01:29]   New (not yet bet): 0
[2026-05-31 19:01:29] 
[2026-05-31 19:01:29]   No new qualifying markets found.
[2026-05-31 20:16:48] =================================================================
[2026-05-31 20:16:48]   POLYMARKET — MULTI-TIER BOT
[2026-05-31 20:16:48]   Mode: LIVE | Sizing: 3% of bankroll
[2026-05-31 20:16:48]   Leagues: NBA, CBB, NHL
[2026-05-31 20:16:48]   Bet window: 2h before game start
[2026-05-31 20:16:48]   Sizing: 3% (NBA/CBB) | 2% (NHL/MLB/EPL/DOTA2)
[2026-05-31 20:16:48]   Tiers: T1=B fav 75-90% | T2=Coin flip fav | T6=Coin flip dog
[2026-05-31 20:16:48]          T3=CBB B dog 50-55% | T4=NBA 50/50
[2026-05-31 20:16:48]          T7=60%+ fav (DOTA2/EPL/MLB)
[2026-05-31 20:16:48] =================================================================
[2026-05-31 20:16:48] 
[2026-05-31 20:16:48] =================================================================
[2026-05-31 20:16:48]   SCANNING — HYBRID 5-TIER STRATEGY
[2026-05-31 20:16:48] =================================================================
[2026-05-31 20:16:49]   Balance: $173.55 | Buying Power: $173.55
[2026-05-31 20:16:49]   Bet size: $5.21 (3% proven) / $3.47 (2% new leagues)
[2026-05-31 20:16:49] 
[2026-05-31 20:16:49]   WARNING: Could not fetch positions: 404 Client Error: Not Found for url: https://api.polymarket.us/v1/positions?limit=200
[2026-05-31 20:16:49]   WARNING: Could not fetch open orders: 501 Server Error: Not Implemented for url: https://api.polymarket.us/v1/orders?status=live&limit=200
[2026-05-31 20:16:49]   Scanning NBA...
[2026-05-31 20:16:49]     Found 1 events
[2026-05-31 20:16:49]   Scanning CBB...
[2026-05-31 20:16:49]     Found 0 events
[2026-05-31 20:16:49]   Scanning NHL...
[2026-05-31 20:16:49]     Found 3 events
[2026-05-31 20:16:50] 
[2026-05-31 20:16:50]   Total qualifying markets: 0
[2026-05-31 20:16:50]   New (not yet bet): 0
[2026-05-31 20:16:50] 
[2026-05-31 20:16:50]   No new qualifying markets found.
[2026-05-31 20:37:30] =================================================================
[2026-05-31 20:37:30]   POLYMARKET — MULTI-TIER BOT
[2026-05-31 20:37:30]   Mode: LIVE | Sizing: 3% of bankroll
[2026-05-31 20:37:30]   Leagues: NBA, CBB, NHL
[2026-05-31 20:37:30]   Bet window: 2h before game start
[2026-05-31 20:37:30]   Sizing: 3% (NBA/CBB) | 2% (NHL/MLB/EPL/DOTA2)
[2026-05-31 20:37:30]   Tiers: T1=B fav 75-90% | T2=Coin flip fav | T6=Coin flip dog
[2026-05-31 20:37:30]          T3=CBB B dog 50-55% | T4=NBA 50/50
[2026-05-31 20:37:30]          T7=60%+ fav (DOTA2/EPL/MLB)
[2026-05-31 20:37:30] =================================================================
[2026-05-31 20:37:30] 
[2026-05-31 20:37:30] =================================================================
[2026-05-31 20:37:30]   SCANNING — HYBRID 5-TIER STRATEGY
[2026-05-31 20:37:30] =================================================================
[2026-05-31 20:37:30]   Balance: $173.55 | Buying Power: $173.55
[2026-05-31 20:37:30]   Bet size: $5.21 (3% proven) / $3.47 (2% new leagues)
[2026-05-31 20:37:30] 
[2026-05-31 20:37:30]   WARNING: Could not fetch positions: 404 Client Error: Not Found for url: https://api.polymarket.us/v1/positions?limit=200
[2026-05-31 20:37:30]   WARNING: Could not fetch open orders: 501 Server Error: Not Implemented for url: https://api.polymarket.us/v1/orders?status=live&limit=200
[2026-05-31 20:37:30]   Scanning NBA...
[2026-05-31 20:37:30]     Found 1 events
[2026-05-31 20:37:30]   Scanning CBB...
[2026-05-31 20:37:30]     Found 0 events
[2026-05-31 20:37:30]   Scanning NHL...
[2026-05-31 20:37:30]     Found 3 events
[2026-05-31 20:37:30] 
[2026-05-31 20:37:30]   Total qualifying markets: 0
[2026-05-31 20:37:30]   New (not yet bet): 0
[2026-05-31 20:37:30] 
[2026-05-31 20:37:30]   No new qualifying markets found.
[2026-05-31 20:47:21] =================================================================
[2026-05-31 20:47:21]   POLYMARKET — MULTI-TIER BOT
[2026-05-31 20:47:21]   Mode: LIVE | Sizing: 3% of bankroll
[2026-05-31 20:47:21]   Leagues: NBA, CBB, NHL
[2026-05-31 20:47:21]   Bet window: 2h before game start
[2026-05-31 20:47:21]   Sizing: 3% (NBA/CBB) | 2% (NHL/MLB/EPL/DOTA2)
[2026-05-31 20:47:21]   Tiers: T1=B fav 75-90% | T2=Coin flip fav | T6=Coin flip dog
[2026-05-31 20:47:21]          T3=CBB B dog 50-55% | T4=NBA 50/50
[2026-05-31 20:47:21]          T7=60%+ fav (DOTA2/EPL/MLB)
[2026-05-31 20:47:21] =================================================================
[2026-05-31 20:47:21] 
[2026-05-31 20:47:21] =================================================================
[2026-05-31 20:47:21]   SCANNING — HYBRID 5-TIER STRATEGY
[2026-05-31 20:47:21] =================================================================
[2026-05-31 20:47:21]   Balance: $173.55 | Buying Power: $173.55
[2026-05-31 20:47:21]   Bet size: $5.21 (3% proven) / $3.47 (2% new leagues)
[2026-05-31 20:47:21] 
[2026-05-31 20:47:21]   WARNING: Could not fetch positions: 404 Client Error: Not Found for url: https://api.polymarket.us/v1/positions?limit=200
[2026-05-31 20:47:21]   WARNING: Could not fetch open orders: 501 Server Error: Not Implemented for url: https://api.polymarket.us/v1/orders?status=live&limit=200
[2026-05-31 20:47:21]   Scanning NBA...
[2026-05-31 20:47:21]     Found 1 events
[2026-05-31 20:47:21]   Scanning CBB...
[2026-05-31 20:47:21]     Found 0 events
[2026-05-31 20:47:21]   Scanning NHL...
[2026-05-31 20:47:22]     Found 3 events
[2026-05-31 20:47:22] 
[2026-05-31 20:47:22]   Total qualifying markets: 0
[2026-05-31 20:47:22]   New (not yet bet): 0
[2026-05-31 20:47:22] 
[2026-05-31 20:47:22]   No new qualifying markets found.
[2026-05-31 21:48:52] =================================================================
[2026-05-31 21:48:52]   POLYMARKET — MULTI-TIER BOT
[2026-05-31 21:48:52]   Mode: LIVE | Sizing: 3% of bankroll
[2026-05-31 21:48:52]   Leagues: NBA, CBB, NHL
[2026-05-31 21:48:52]   Bet window: 2h before game start
[2026-05-31 21:48:52]   Sizing: 3% (NBA/CBB) | 2% (NHL/MLB/EPL/DOTA2)
[2026-05-31 21:48:52]   Tiers: T1=B fav 75-90% | T2=Coin flip fav | T6=Coin flip dog
[2026-05-31 21:48:52]          T3=CBB B dog 50-55% | T4=NBA 50/50
[2026-05-31 21:48:52]          T7=60%+ fav (DOTA2/EPL/MLB)
[2026-05-31 21:48:52] =================================================================
[2026-05-31 21:48:52] 
[2026-05-31 21:48:52] =================================================================
[2026-05-31 21:48:52]   SCANNING — HYBRID 5-TIER STRATEGY
[2026-05-31 21:48:52] =================================================================
[2026-05-31 21:48:52]   Balance: $173.55 | Buying Power: $173.55
[2026-05-31 21:48:52]   Bet size: $5.21 (3% proven) / $3.47 (2% new leagues)
[2026-05-31 21:48:52] 
[2026-05-31 21:48:52]   WARNING: Could not fetch positions: 404 Client Error: Not Found for url: https://api.polymarket.us/v1/positions?limit=200
[2026-05-31 21:48:52]   WARNING: Could not fetch open orders: 501 Server Error: Not Implemented for url: https://api.polymarket.us/v1/orders?status=live&limit=200
[2026-05-31 21:48:52]   Scanning NBA...
[2026-05-31 21:48:52]     Found 1 events
[2026-05-31 21:48:52]   Scanning CBB...
[2026-05-31 21:48:52]     Found 0 events
[2026-05-31 21:48:52]   Scanning NHL...
[2026-05-31 21:48:53]     Found 3 events
[2026-05-31 21:48:53] 
[2026-05-31 21:48:53]   Total qualifying markets: 0
[2026-05-31 21:48:53]   New (not yet bet): 0
[2026-05-31 21:48:53] 
[2026-05-31 21:48:53]   No new qualifying markets found.
[2026-05-31 22:33:18] =================================================================
[2026-05-31 22:33:18]   POLYMARKET — MULTI-TIER BOT
[2026-05-31 22:33:18]   Mode: LIVE | Sizing: 3% of bankroll
[2026-05-31 22:33:18]   Leagues: NBA, CBB, NHL
[2026-05-31 22:33:18]   Bet window: 2h before game start
[2026-05-31 22:33:18]   Sizing: 3% (NBA/CBB) | 2% (NHL/MLB/EPL/DOTA2)
[2026-05-31 22:33:18]   Tiers: T1=B fav 75-90% | T2=Coin flip fav | T6=Coin flip dog
[2026-05-31 22:33:18]          T3=CBB B dog 50-55% | T4=NBA 50/50
[2026-05-31 22:33:18]          T7=60%+ fav (DOTA2/EPL/MLB)
[2026-05-31 22:33:18] =================================================================
[2026-05-31 22:33:18] 
[2026-05-31 22:33:18] =================================================================
[2026-05-31 22:33:18]   SCANNING — HYBRID 5-TIER STRATEGY
[2026-05-31 22:33:18] =================================================================
[2026-05-31 22:33:18]   Balance: $173.55 | Buying Power: $173.55
[2026-05-31 22:33:18]   Bet size: $5.21 (3% proven) / $3.47 (2% new leagues)
[2026-05-31 22:33:18] 
[2026-05-31 22:33:18]   WARNING: Could not fetch positions: 404 Client Error: Not Found for url: https://api.polymarket.us/v1/positions?limit=200
[2026-05-31 22:33:18]   WARNING: Could not fetch open orders: 501 Server Error: Not Implemented for url: https://api.polymarket.us/v1/orders?status=live&limit=200
[2026-05-31 22:33:18]   Scanning NBA...
[2026-05-31 22:33:18]     Found 1 events
[2026-05-31 22:33:18]   Scanning CBB...
[2026-05-31 22:33:18]     Found 0 events
[2026-05-31 22:33:19]   Scanning NHL...
[2026-05-31 22:33:19]     Found 3 events
[2026-05-31 22:33:19] 
[2026-05-31 22:33:19]   Total qualifying markets: 0
[2026-05-31 22:33:19]   New (not yet bet): 0
[2026-05-31 22:33:19] 
[2026-05-31 22:33:19]   No new qualifying markets found.
[2026-05-31 22:48:19] =================================================================
[2026-05-31 22:48:19]   POLYMARKET — MULTI-TIER BOT
[2026-05-31 22:48:19]   Mode: LIVE | Sizing: 3% of bankroll
[2026-05-31 22:48:19]   Leagues: NBA, CBB, NHL
[2026-05-31 22:48:19]   Bet window: 2h before game start
[2026-05-31 22:48:19]   Sizing: 3% (NBA/CBB) | 2% (NHL/MLB/EPL/DOTA2)
[2026-05-31 22:48:19]   Tiers: T1=B fav 75-90% | T2=Coin flip fav | T6=Coin flip dog
[2026-05-31 22:48:19]          T3=CBB B dog 50-55% | T4=NBA 50/50
[2026-05-31 22:48:19]          T7=60%+ fav (DOTA2/EPL/MLB)
[2026-05-31 22:48:19] =================================================================
[2026-05-31 22:48:19] 
[2026-05-31 22:48:19] =================================================================
[2026-05-31 22:48:19]   SCANNING — HYBRID 5-TIER STRATEGY
[2026-05-31 22:48:19] =================================================================
[2026-05-31 22:48:19]   Balance: $173.55 | Buying Power: $173.55
[2026-05-31 22:48:19]   Bet size: $5.21 (3% proven) / $3.47 (2% new leagues)
[2026-05-31 22:48:19] 
[2026-05-31 22:48:19]   WARNING: Could not fetch positions: 404 Client Error: Not Found for url: https://api.polymarket.us/v1/positions?limit=200
[2026-05-31 22:48:20]   WARNING: Could not fetch open orders: 501 Server Error: Not Implemented for url: https://api.polymarket.us/v1/orders?status=live&limit=200
[2026-05-31 22:48:20]   Scanning NBA...
[2026-05-31 22:48:20]     Found 1 events
[2026-05-31 22:48:20]   Scanning CBB...
[2026-05-31 22:48:20]     Found 0 events
[2026-05-31 22:48:20]   Scanning NHL...
[2026-05-31 22:48:20]     Found 3 events
[2026-05-31 22:48:20] 
[2026-05-31 22:48:20]   Total qualifying markets: 0
[2026-05-31 22:48:20]   New (not yet bet): 0
[2026-05-31 22:48:20] 
[2026-05-31 22:48:20]   No new qualifying markets found.
[2026-05-31 23:56:56] =================================================================
[2026-05-31 23:56:56]   POLYMARKET — MULTI-TIER BOT
[2026-05-31 23:56:56]   Mode: LIVE | Sizing: 3% of bankroll
[2026-05-31 23:56:56]   Leagues: NBA, CBB, NHL
[2026-05-31 23:56:56]   Bet window: 2h before game start
[2026-05-31 23:56:56]   Sizing: 3% (NBA/CBB) | 2% (NHL/MLB/EPL/DOTA2)
[2026-05-31 23:56:56]   Tiers: T1=B fav 75-90% | T2=Coin flip fav | T6=Coin flip dog
[2026-05-31 23:56:56]          T3=CBB B dog 50-55% | T4=NBA 50/50
[2026-05-31 23:56:56]          T7=60%+ fav (DOTA2/EPL/MLB)
[2026-05-31 23:56:56] =================================================================
[2026-05-31 23:56:56] 
[2026-05-31 23:56:56] =================================================================
[2026-05-31 23:56:56]   SCANNING — HYBRID 5-TIER STRATEGY
[2026-05-31 23:56:56] =================================================================
[2026-05-31 23:56:56]   Balance: $173.55 | Buying Power: $173.55
[2026-05-31 23:56:56]   Bet size: $5.21 (3% proven) / $3.47 (2% new leagues)
[2026-05-31 23:56:56] 
[2026-05-31 23:56:56]   WARNING: Could not fetch positions: 404 Client Error: Not Found for url: https://api.polymarket.us/v1/positions?limit=200
[2026-05-31 23:56:56]   WARNING: Could not fetch open orders: 501 Server Error: Not Implemented for url: https://api.polymarket.us/v1/orders?status=live&limit=200
[2026-05-31 23:56:56]   Scanning NBA...
[2026-05-31 23:56:56]     Found 1 events
[2026-05-31 23:56:56]   Scanning CBB...
[2026-05-31 23:56:56]     Found 0 events
[2026-05-31 23:56:56]   Scanning NHL...
[2026-05-31 23:56:56]     Found 3 events
[2026-05-31 23:56:57] 
[2026-05-31 23:56:57]   Total qualifying markets: 0
[2026-05-31 23:56:57]   New (not yet bet): 0
[2026-05-31 23:56:57] 
[2026-05-31 23:56:57]   No new qualifying markets found.
[2026-06-01 00:19:13] =================================================================
[2026-06-01 00:19:13]   POLYMARKET — MULTI-TIER BOT
[2026-06-01 00:19:13]   Mode: LIVE | Sizing: 3% of bankroll
[2026-06-01 00:19:13]   Leagues: NBA, CBB, NHL
[2026-06-01 00:19:13]   Bet window: 2h before game start
[2026-06-01 00:19:13]   Sizing: 3% (NBA/CBB) | 2% (NHL/MLB/EPL/DOTA2)
[2026-06-01 00:19:13]   Tiers: T1=B fav 75-90% | T2=Coin flip fav | T6=Coin flip dog
[2026-06-01 00:19:13]          T3=CBB B dog 50-55% | T4=NBA 50/50
[2026-06-01 00:19:13]          T7=60%+ fav (DOTA2/EPL/MLB)
[2026-06-01 00:19:13] =================================================================
[2026-06-01 00:19:13] 
[2026-06-01 00:19:13] =================================================================
[2026-06-01 00:19:13]   SCANNING — HYBRID 5-TIER STRATEGY
[2026-06-01 00:19:13] =================================================================
[2026-06-01 00:19:14]   Balance: $173.55 | Buying Power: $173.55
[2026-06-01 00:19:14]   Bet size: $5.21 (3% proven) / $3.47 (2% new leagues)
[2026-06-01 00:19:14] 
[2026-06-01 00:19:14]   WARNING: Could not fetch positions: 404 Client Error: Not Found for url: https://api.polymarket.us/v1/positions?limit=200
[2026-06-01 00:19:14]   WARNING: Could not fetch open orders: 501 Server Error: Not Implemented for url: https://api.polymarket.us/v1/orders?status=live&limit=200
[2026-06-01 00:19:14]   Scanning NBA...
[2026-06-01 00:19:14]     Found 1 events
[2026-06-01 00:19:14]   Scanning CBB...
[2026-06-01 00:19:14]     Found 0 events
[2026-06-01 00:19:14]   Scanning NHL...
[2026-06-01 00:19:14]     Found 3 events
[2026-06-01 00:19:14] 
[2026-06-01 00:19:14]   Total qualifying markets: 0
[2026-06-01 00:19:14]   New (not yet bet): 0
[2026-06-01 00:19:14] 
[2026-06-01 00:19:14]   No new qualifying markets found.
[2026-06-01 01:39:22] =================================================================
[2026-06-01 01:39:22]   POLYMARKET — MULTI-TIER BOT
[2026-06-01 01:39:22]   Mode: LIVE | Sizing: 3% of bankroll
[2026-06-01 01:39:22]   Leagues: NBA, CBB, NHL
[2026-06-01 01:39:22]   Bet window: 2h before game start
[2026-06-01 01:39:22]   Sizing: 3% (NBA/CBB) | 2% (NHL/MLB/EPL/DOTA2)
[2026-06-01 01:39:22]   Tiers: T1=B fav 75-90% | T2=Coin flip fav | T6=Coin flip dog
[2026-06-01 01:39:22]          T3=CBB B dog 50-55% | T4=NBA 50/50
[2026-06-01 01:39:22]          T7=60%+ fav (DOTA2/EPL/MLB)
[2026-06-01 01:39:22] =================================================================
[2026-06-01 01:39:22] 
[2026-06-01 01:39:22] =================================================================
[2026-06-01 01:39:22]   SCANNING — HYBRID 5-TIER STRATEGY
[2026-06-01 01:39:22] =================================================================
[2026-06-01 01:39:22]   Balance: $173.55 | Buying Power: $173.55
[2026-06-01 01:39:22]   Bet size: $5.21 (3% proven) / $3.47 (2% new leagues)
[2026-06-01 01:39:22] 
[2026-06-01 01:39:22]   WARNING: Could not fetch positions: 404 Client Error: Not Found for url: https://api.polymarket.us/v1/positions?limit=200
[2026-06-01 01:39:22]   WARNING: Could not fetch open orders: 501 Server Error: Not Implemented for url: https://api.polymarket.us/v1/orders?status=live&limit=200
[2026-06-01 01:39:22]   Scanning NBA...
[2026-06-01 01:39:23]     Found 1 events
[2026-06-01 01:39:23]   Scanning CBB...
[2026-06-01 01:39:23]     Found 0 events
[2026-06-01 01:39:23]   Scanning NHL...
[2026-06-01 01:39:23]     Found 3 events
[2026-06-01 01:39:23] 
[2026-06-01 01:39:23]   Total qualifying markets: 0
[2026-06-01 01:39:23]   New (not yet bet): 0
[2026-06-01 01:39:23] 
[2026-06-01 01:39:23]   No new qualifying markets found.
[2026-06-01 01:45:13] =================================================================
[2026-06-01 01:45:13]   POLYMARKET — MULTI-TIER BOT
[2026-06-01 01:45:13]   Mode: LIVE | Sizing: 3% of bankroll
[2026-06-01 01:45:13]   Leagues: NBA, CBB, NHL
[2026-06-01 01:45:13]   Bet window: 2h before game start
[2026-06-01 01:45:13]   Sizing: 3% (NBA/CBB) | 2% (NHL/MLB/EPL/DOTA2)
[2026-06-01 01:45:13]   Tiers: T1=B fav 75-90% | T2=Coin flip fav | T6=Coin flip dog
[2026-06-01 01:45:13]          T3=CBB B dog 50-55% | T4=NBA 50/50
[2026-06-01 01:45:13]          T7=60%+ fav (DOTA2/EPL/MLB)
[2026-06-01 01:45:13] =================================================================
[2026-06-01 01:45:13] 
[2026-06-01 01:45:13] =================================================================
[2026-06-01 01:45:13]   SCANNING — HYBRID 5-TIER STRATEGY
[2026-06-01 01:45:13] =================================================================
[2026-06-01 01:45:13]   Balance: $173.55 | Buying Power: $173.55
[2026-06-01 01:45:13]   Bet size: $5.21 (3% proven) / $3.47 (2% new leagues)
[2026-06-01 01:45:13] 
[2026-06-01 01:45:13]   WARNING: Could not fetch positions: 404 Client Error: Not Found for url: https://api.polymarket.us/v1/positions?limit=200
[2026-06-01 01:45:13]   WARNING: Could not fetch open orders: 501 Server Error: Not Implemented for url: https://api.polymarket.us/v1/orders?status=live&limit=200
[2026-06-01 01:45:13]   Scanning NBA...
[2026-06-01 01:45:14]     Found 1 events
[2026-06-01 01:45:14]   Scanning CBB...
[2026-06-01 01:45:14]     Found 0 events
[2026-06-01 01:45:14]   Scanning NHL...
[2026-06-01 01:45:14]     Found 3 events
[2026-06-01 01:45:14] 
[2026-06-01 01:45:14]   Total qualifying markets: 0
[2026-06-01 01:45:14]   New (not yet bet): 0
[2026-06-01 01:45:14] 
[2026-06-01 01:45:14]   No new qualifying markets found.
[2026-06-01 02:03:42] =================================================================
[2026-06-01 02:03:42]   POLYMARKET — MULTI-TIER BOT
[2026-06-01 02:03:42]   Mode: LIVE | Sizing: 3% of bankroll
[2026-06-01 02:03:42]   Leagues: NBA, CBB, NHL
[2026-06-01 02:03:42]   Bet window: 2h before game start
[2026-06-01 02:03:42]   Sizing: 3% (NBA/CBB) | 2% (NHL/MLB/EPL/DOTA2)
[2026-06-01 02:03:42]   Tiers: T1=B fav 75-90% | T2=Coin flip fav | T6=Coin flip dog
[2026-06-01 02:03:42]          T3=CBB B dog 50-55% | T4=NBA 50/50
[2026-06-01 02:03:42]          T7=60%+ fav (DOTA2/EPL/MLB)
[2026-06-01 02:03:42] =================================================================
[2026-06-01 02:03:42] 
[2026-06-01 02:03:42] =================================================================
[2026-06-01 02:03:42]   SCANNING — HYBRID 5-TIER STRATEGY
[2026-06-01 02:03:42] =================================================================
[2026-06-01 02:03:42]   Balance: $173.55 | Buying Power: $173.55
[2026-06-01 02:03:42]   Bet size: $5.21 (3% proven) / $3.47 (2% new leagues)
[2026-06-01 02:03:42] 
[2026-06-01 02:03:42]   WARNING: Could not fetch positions: 404 Client Error: Not Found for url: https://api.polymarket.us/v1/positions?limit=200
[2026-06-01 02:03:42]   WARNING: Could not fetch open orders: 501 Server Error: Not Implemented for url: https://api.polymarket.us/v1/orders?status=live&limit=200
[2026-06-01 02:03:42]   Scanning NBA...
[2026-06-01 02:03:43]     Found 1 events
[2026-06-01 02:03:43]   Scanning CBB...
[2026-06-01 02:03:43]     Found 0 events
[2026-06-01 02:03:43]   Scanning NHL...
[2026-06-01 02:03:43]     Found 3 events
[2026-06-01 02:03:43] 
[2026-06-01 02:03:43]   Total qualifying markets: 0
[2026-06-01 02:03:43]   New (not yet bet): 0
[2026-06-01 02:03:43] 
[2026-06-01 02:03:43]   No new qualifying markets found.
[2026-06-01 02:08:42] =================================================================
[2026-06-01 02:08:42]   POLYMARKET — MULTI-TIER BOT
[2026-06-01 02:08:42]   Mode: LIVE | Sizing: 3% of bankroll
[2026-06-01 02:08:42]   Leagues: NBA, CBB, NHL
[2026-06-01 02:08:42]   Bet window: 2h before game start
[2026-06-01 02:08:42]   Sizing: 3% (NBA/CBB) | 2% (NHL/MLB/EPL/DOTA2)
[2026-06-01 02:08:42]   Tiers: T1=B fav 75-90% | T2=Coin flip fav | T6=Coin flip dog
[2026-06-01 02:08:42]          T3=CBB B dog 50-55% | T4=NBA 50/50
[2026-06-01 02:08:42]          T7=60%+ fav (DOTA2/EPL/MLB)
[2026-06-01 02:08:42] =================================================================
[2026-06-01 02:08:42] 
[2026-06-01 02:08:42] =================================================================
[2026-06-01 02:08:42]   SCANNING — HYBRID 5-TIER STRATEGY
[2026-06-01 02:08:42] =================================================================
[2026-06-01 02:08:42]   Balance: $173.55 | Buying Power: $173.55
[2026-06-01 02:08:42]   Bet size: $5.21 (3% proven) / $3.47 (2% new leagues)
[2026-06-01 02:08:42] 
[2026-06-01 02:08:42]   WARNING: Could not fetch positions: 404 Client Error: Not Found for url: https://api.polymarket.us/v1/positions?limit=200
[2026-06-01 02:08:42]   WARNING: Could not fetch open orders: 501 Server Error: Not Implemented for url: https://api.polymarket.us/v1/orders?status=live&limit=200
[2026-06-01 02:08:42]   Scanning NBA...
[2026-06-01 02:08:42]     Found 1 events
[2026-06-01 02:08:42]   Scanning CBB...
[2026-06-01 02:08:42]     Found 0 events
[2026-06-01 02:08:42]   Scanning NHL...
[2026-06-01 02:08:42]     Found 3 events
[2026-06-01 02:08:42] 
[2026-06-01 02:08:42]   Total qualifying markets: 0
[2026-06-01 02:08:42]   New (not yet bet): 0
[2026-06-01 02:08:42] 
[2026-06-01 02:08:42]   No new qualifying markets found.
[2026-06-01 02:13:44] =================================================================
[2026-06-01 02:13:44]   POLYMARKET — MULTI-TIER BOT
[2026-06-01 02:13:44]   Mode: LIVE | Sizing: 3% of bankroll
[2026-06-01 02:13:44]   Leagues: NBA, CBB, NHL
[2026-06-01 02:13:44]   Bet window: 2h before game start
[2026-06-01 02:13:44]   Sizing: 3% (NBA/CBB) | 2% (NHL/MLB/EPL/DOTA2)
[2026-06-01 02:13:44]   Tiers: T1=B fav 75-90% | T2=Coin flip fav | T6=Coin flip dog
[2026-06-01 02:13:44]          T3=CBB B dog 50-55% | T4=NBA 50/50
[2026-06-01 02:13:44]          T7=60%+ fav (DOTA2/EPL/MLB)
[2026-06-01 02:13:44] =================================================================
[2026-06-01 02:13:44] 
[2026-06-01 02:13:44] =================================================================
[2026-06-01 02:13:44]   SCANNING — HYBRID 5-TIER STRATEGY
[2026-06-01 02:13:44] =================================================================
[2026-06-01 02:13:44]   Balance: $173.55 | Buying Power: $173.55
[2026-06-01 02:13:44]   Bet size: $5.21 (3% proven) / $3.47 (2% new leagues)
[2026-06-01 02:13:44] 
[2026-06-01 02:13:44]   WARNING: Could not fetch positions: 404 Client Error: Not Found for url: https://api.polymarket.us/v1/positions?limit=200
[2026-06-01 02:13:44]   WARNING: Could not fetch open orders: 501 Server Error: Not Implemented for url: https://api.polymarket.us/v1/orders?status=live&limit=200
[2026-06-01 02:13:44]   Scanning NBA...
[2026-06-01 02:13:44]     Found 1 events
[2026-06-01 02:13:44]   Scanning CBB...
[2026-06-01 02:13:44]     Found 0 events
[2026-06-01 02:13:44]   Scanning NHL...
[2026-06-01 02:13:44]     Found 3 events
[2026-06-01 02:13:44] 
[2026-06-01 02:13:44]   Total qualifying markets: 0
[2026-06-01 02:13:44]   New (not yet bet): 0
[2026-06-01 02:13:44] 
[2026-06-01 02:13:44]   No new qualifying markets found.
[2026-06-01 02:18:49] =================================================================
[2026-06-01 02:18:49]   POLYMARKET — MULTI-TIER BOT
[2026-06-01 02:18:49]   Mode: LIVE | Sizing: 3% of bankroll
[2026-06-01 02:18:49]   Leagues: NBA, CBB, NHL
[2026-06-01 02:18:49]   Bet window: 2h before game start
[2026-06-01 02:18:49]   Sizing: 3% (NBA/CBB) | 2% (NHL/MLB/EPL/DOTA2)
[2026-06-01 02:18:49]   Tiers: T1=B fav 75-90% | T2=Coin flip fav | T6=Coin flip dog
[2026-06-01 02:18:49]          T3=CBB B dog 50-55% | T4=NBA 50/50
[2026-06-01 02:18:49]          T7=60%+ fav (DOTA2/EPL/MLB)
[2026-06-01 02:18:49] =================================================================
[2026-06-01 02:18:49] 
[2026-06-01 02:18:49] =================================================================
[2026-06-01 02:18:49]   SCANNING — HYBRID 5-TIER STRATEGY
[2026-06-01 02:18:49] =================================================================
[2026-06-01 02:18:49]   Balance: $173.55 | Buying Power: $173.55
[2026-06-01 02:18:49]   Bet size: $5.21 (3% proven) / $3.47 (2% new leagues)
[2026-06-01 02:18:49] 
[2026-06-01 02:18:49]   WARNING: Could not fetch positions: 404 Client Error: Not Found for url: https://api.polymarket.us/v1/positions?limit=200
[2026-06-01 02:18:49]   WARNING: Could not fetch open orders: 501 Server Error: Not Implemented for url: https://api.polymarket.us/v1/orders?status=live&limit=200
[2026-06-01 02:18:49]   Scanning NBA...
[2026-06-01 02:18:49]     Found 1 events
[2026-06-01 02:18:49]   Scanning CBB...
[2026-06-01 02:18:50]     Found 0 events
[2026-06-01 02:18:50]   Scanning NHL...
[2026-06-01 02:18:50]     Found 3 events
[2026-06-01 02:18:50] 
[2026-06-01 02:18:50]   Total qualifying markets: 0
[2026-06-01 02:18:50]   New (not yet bet): 0
[2026-06-01 02:18:50] 
[2026-06-01 02:18:50]   No new qualifying markets found.
[2026-06-01 02:23:47] =================================================================
[2026-06-01 02:23:47]   POLYMARKET — MULTI-TIER BOT
[2026-06-01 02:23:47]   Mode: LIVE | Sizing: 3% of bankroll
[2026-06-01 02:23:47]   Leagues: NBA, CBB, NHL
[2026-06-01 02:23:47]   Bet window: 2h before game start
[2026-06-01 02:23:47]   Sizing: 3% (NBA/CBB) | 2% (NHL/MLB/EPL/DOTA2)
[2026-06-01 02:23:47]   Tiers: T1=B fav 75-90% | T2=Coin flip fav | T6=Coin flip dog
[2026-06-01 02:23:47]          T3=CBB B dog 50-55% | T4=NBA 50/50
[2026-06-01 02:23:47]          T7=60%+ fav (DOTA2/EPL/MLB)
[2026-06-01 02:23:47] =================================================================
[2026-06-01 02:23:47] 
[2026-06-01 02:23:47] =================================================================
[2026-06-01 02:23:47]   SCANNING — HYBRID 5-TIER STRATEGY
[2026-06-01 02:23:47] =================================================================
[2026-06-01 02:23:47]   Balance: $173.55 | Buying Power: $173.55
[2026-06-01 02:23:47]   Bet size: $5.21 (3% proven) / $3.47 (2% new leagues)
[2026-06-01 02:23:47] 
[2026-06-01 02:23:47]   WARNING: Could not fetch positions: 404 Client Error: Not Found for url: https://api.polymarket.us/v1/positions?limit=200
[2026-06-01 02:23:47]   WARNING: Could not fetch open orders: 501 Server Error: Not Implemented for url: https://api.polymarket.us/v1/orders?status=live&limit=200
[2026-06-01 02:23:47]   Scanning NBA...
[2026-06-01 02:23:47]     Found 1 events
[2026-06-01 02:23:47]   Scanning CBB...
[2026-06-01 02:23:47]     Found 0 events
[2026-06-01 02:23:47]   Scanning NHL...
[2026-06-01 02:23:47]     Found 3 events
[2026-06-01 02:23:47] 
[2026-06-01 02:23:47]   Total qualifying markets: 0
[2026-06-01 02:23:47]   New (not yet bet): 0
[2026-06-01 02:23:47] 
[2026-06-01 02:23:47]   No new qualifying markets found.
[2026-06-01 03:13:45] =================================================================
[2026-06-01 03:13:45]   POLYMARKET — MULTI-TIER BOT
[2026-06-01 03:13:45]   Mode: LIVE | Sizing: 3% of bankroll
[2026-06-01 03:13:45]   Leagues: NBA, CBB, NHL
[2026-06-01 03:13:45]   Bet window: 2h before game start
[2026-06-01 03:13:45]   Sizing: 3% (NBA/CBB) | 2% (NHL/MLB/EPL/DOTA2)
[2026-06-01 03:13:45]   Tiers: T1=B fav 75-90% | T2=Coin flip fav | T6=Coin flip dog
[2026-06-01 03:13:45]          T3=CBB B dog 50-55% | T4=NBA 50/50
[2026-06-01 03:13:45]          T7=60%+ fav (DOTA2/EPL/MLB)
[2026-06-01 03:13:45] =================================================================
[2026-06-01 03:13:45] 
[2026-06-01 03:13:45] =================================================================
[2026-06-01 03:13:45]   SCANNING — HYBRID 5-TIER STRATEGY
[2026-06-01 03:13:45] =================================================================
[2026-06-01 03:13:45]   Balance: $173.55 | Buying Power: $173.55
[2026-06-01 03:13:45]   Bet size: $5.21 (3% proven) / $3.47 (2% new leagues)
[2026-06-01 03:13:45] 
[2026-06-01 03:13:45]   WARNING: Could not fetch positions: 404 Client Error: Not Found for url: https://api.polymarket.us/v1/positions?limit=200
[2026-06-01 03:13:45]   WARNING: Could not fetch open orders: 501 Server Error: Not Implemented for url: https://api.polymarket.us/v1/orders?status=live&limit=200
[2026-06-01 03:13:45]   Scanning NBA...
[2026-06-01 03:13:45]     Found 1 events
[2026-06-01 03:13:45]   Scanning CBB...
[2026-06-01 03:13:46]     Found 0 events
[2026-06-01 03:13:46]   Scanning NHL...
[2026-06-01 03:13:46]     Found 3 events
[2026-06-01 03:13:46] 
[2026-06-01 03:13:46]   Total qualifying markets: 0
[2026-06-01 03:13:46]   New (not yet bet): 0
[2026-06-01 03:13:46] 
[2026-06-01 03:13:46]   No new qualifying markets found.
[2026-06-01 03:18:40] =================================================================
[2026-06-01 03:18:40]   POLYMARKET — MULTI-TIER BOT
[2026-06-01 03:18:40]   Mode: LIVE | Sizing: 3% of bankroll
[2026-06-01 03:18:40]   Leagues: NBA, CBB, NHL
[2026-06-01 03:18:40]   Bet window: 2h before game start
[2026-06-01 03:18:40]   Sizing: 3% (NBA/CBB) | 2% (NHL/MLB/EPL/DOTA2)
[2026-06-01 03:18:40]   Tiers: T1=B fav 75-90% | T2=Coin flip fav | T6=Coin flip dog
[2026-06-01 03:18:40]          T3=CBB B dog 50-55% | T4=NBA 50/50
[2026-06-01 03:18:40]          T7=60%+ fav (DOTA2/EPL/MLB)
[2026-06-01 03:18:40] =================================================================
[2026-06-01 03:18:40] 
[2026-06-01 03:18:40] =================================================================
[2026-06-01 03:18:40]   SCANNING — HYBRID 5-TIER STRATEGY
[2026-06-01 03:18:40] =================================================================
[2026-06-01 03:18:40]   Balance: $173.55 | Buying Power: $173.55
[2026-06-01 03:18:40]   Bet size: $5.21 (3% proven) / $3.47 (2% new leagues)
[2026-06-01 03:18:40] 
[2026-06-01 03:18:40]   WARNING: Could not fetch positions: 404 Client Error: Not Found for url: https://api.polymarket.us/v1/positions?limit=200
[2026-06-01 03:18:40]   WARNING: Could not fetch open orders: 501 Server Error: Not Implemented for url: https://api.polymarket.us/v1/orders?status=live&limit=200
[2026-06-01 03:18:40]   Scanning NBA...
[2026-06-01 03:18:40]     Found 1 events
[2026-06-01 03:18:40]   Scanning CBB...
[2026-06-01 03:18:40]     Found 0 events
[2026-06-01 03:18:41]   Scanning NHL...
[2026-06-01 03:18:41]     Found 3 events
[2026-06-01 03:18:41] 
[2026-06-01 03:18:41]   Total qualifying markets: 0
[2026-06-01 03:18:41]   New (not yet bet): 0
[2026-06-01 03:18:41] 
[2026-06-01 03:18:41]   No new qualifying markets found.
[2026-06-01 03:23:45] =================================================================
[2026-06-01 03:23:45]   POLYMARKET — MULTI-TIER BOT
[2026-06-01 03:23:45]   Mode: LIVE | Sizing: 3% of bankroll
[2026-06-01 03:23:45]   Leagues: NBA, CBB, NHL
[2026-06-01 03:23:45]   Bet window: 2h before game start
[2026-06-01 03:23:45]   Sizing: 3% (NBA/CBB) | 2% (NHL/MLB/EPL/DOTA2)
[2026-06-01 03:23:45]   Tiers: T1=B fav 75-90% | T2=Coin flip fav | T6=Coin flip dog
[2026-06-01 03:23:45]          T3=CBB B dog 50-55% | T4=NBA 50/50
[2026-06-01 03:23:45]          T7=60%+ fav (DOTA2/EPL/MLB)
[2026-06-01 03:23:45] =================================================================
[2026-06-01 03:23:45] 
[2026-06-01 03:23:45] =================================================================
[2026-06-01 03:23:45]   SCANNING — HYBRID 5-TIER STRATEGY
[2026-06-01 03:23:45] =================================================================
[2026-06-01 03:23:45]   Balance: $173.55 | Buying Power: $173.55
[2026-06-01 03:23:45]   Bet size: $5.21 (3% proven) / $3.47 (2% new leagues)
[2026-06-01 03:23:45] 
[2026-06-01 03:23:45]   WARNING: Could not fetch positions: 404 Client Error: Not Found for url: https://api.polymarket.us/v1/positions?limit=200
[2026-06-01 03:23:45]   WARNING: Could not fetch open orders: 501 Server Error: Not Implemented for url: https://api.polymarket.us/v1/orders?status=live&limit=200
[2026-06-01 03:23:45]   Scanning NBA...
[2026-06-01 03:23:45]     Found 1 events
[2026-06-01 03:23:45]   Scanning CBB...
[2026-06-01 03:23:45]     Found 0 events
[2026-06-01 03:23:45]   Scanning NHL...
[2026-06-01 03:23:45]     Found 3 events
[2026-06-01 03:23:45] 
[2026-06-01 03:23:45]   Total qualifying markets: 0
[2026-06-01 03:23:45]   New (not yet bet): 0
[2026-06-01 03:23:45] 
[2026-06-01 03:23:45]   No new qualifying markets found.
[2026-06-01 03:28:46] =================================================================
[2026-06-01 03:28:46]   POLYMARKET — MULTI-TIER BOT
[2026-06-01 03:28:46]   Mode: LIVE | Sizing: 3% of bankroll
[2026-06-01 03:28:46]   Leagues: NBA, CBB, NHL
[2026-06-01 03:28:46]   Bet window: 2h before game start
[2026-06-01 03:28:46]   Sizing: 3% (NBA/CBB) | 2% (NHL/MLB/EPL/DOTA2)
[2026-06-01 03:28:46]   Tiers: T1=B fav 75-90% | T2=Coin flip fav | T6=Coin flip dog
[2026-06-01 03:28:46]          T3=CBB B dog 50-55% | T4=NBA 50/50
[2026-06-01 03:28:46]          T7=60%+ fav (DOTA2/EPL/MLB)
[2026-06-01 03:28:46] =================================================================
[2026-06-01 03:28:46] 
[2026-06-01 03:28:46] =================================================================
[2026-06-01 03:28:46]   SCANNING — HYBRID 5-TIER STRATEGY
[2026-06-01 03:28:46] =================================================================
[2026-06-01 03:28:46]   Balance: $173.55 | Buying Power: $173.55
[2026-06-01 03:28:46]   Bet size: $5.21 (3% proven) / $3.47 (2% new leagues)
[2026-06-01 03:28:46] 
[2026-06-01 03:28:46]   WARNING: Could not fetch positions: 404 Client Error: Not Found for url: https://api.polymarket.us/v1/positions?limit=200
[2026-06-01 03:28:46]   WARNING: Could not fetch open orders: 501 Server Error: Not Implemented for url: https://api.polymarket.us/v1/orders?status=live&limit=200
[2026-06-01 03:28:46]   Scanning NBA...
[2026-06-01 03:28:46]     Found 1 events
[2026-06-01 03:28:46]   Scanning CBB...
[2026-06-01 03:28:46]     Found 0 events
[2026-06-01 03:28:46]   Scanning NHL...
[2026-06-01 03:28:46]     Found 3 events
[2026-06-01 03:28:46] 
[2026-06-01 03:28:46]   Total qualifying markets: 0
[2026-06-01 03:28:46]   New (not yet bet): 0
[2026-06-01 03:28:46] 
[2026-06-01 03:28:46]   No new qualifying markets found.
[2026-06-01 03:31:08] =================================================================
[2026-06-01 03:31:08]   POLYMARKET — MULTI-TIER BOT
[2026-06-01 03:31:08]   Mode: LIVE | Sizing: 3% of bankroll
[2026-06-01 03:31:08]   Leagues: NBA, CBB, NHL
[2026-06-01 03:31:08]   Bet window: 2h before game start
[2026-06-01 03:31:08]   Sizing: 3% (NBA/CBB) | 2% (NHL/MLB/EPL/DOTA2)
[2026-06-01 03:31:08]   Tiers: T1=B fav 75-90% | T2=Coin flip fav | T6=Coin flip dog
[2026-06-01 03:31:08]          T3=CBB B dog 50-55% | T4=NBA 50/50
[2026-06-01 03:31:08]          T7=60%+ fav (DOTA2/EPL/MLB)
[2026-06-01 03:31:08] =================================================================
[2026-06-01 03:31:08] 
[2026-06-01 03:31:08] =================================================================
[2026-06-01 03:31:08]   SCANNING — HYBRID 5-TIER STRATEGY
[2026-06-01 03:31:08] =================================================================
[2026-06-01 03:31:08]   Balance: $173.55 | Buying Power: $173.55
[2026-06-01 03:31:08]   Bet size: $5.21 (3% proven) / $3.47 (2% new leagues)
[2026-06-01 03:31:08] 
[2026-06-01 03:31:08]   WARNING: Could not fetch positions: 404 Client Error: Not Found for url: https://api.polymarket.us/v1/positions?limit=200
[2026-06-01 03:31:09]   WARNING: Could not fetch open orders: 501 Server Error: Not Implemented for url: https://api.polymarket.us/v1/orders?status=live&limit=200
[2026-06-01 03:31:09]   Scanning NBA...
[2026-06-01 03:31:09]     Found 1 events
[2026-06-01 03:31:09]   Scanning CBB...
[2026-06-01 03:31:09]     Found 0 events
[2026-06-01 03:31:09]   Scanning NHL...
[2026-06-01 03:31:09]     Found 3 events
[2026-06-01 03:31:09] 
[2026-06-01 03:31:09]   Total qualifying markets: 0
[2026-06-01 03:31:09]   New (not yet bet): 0
[2026-06-01 03:31:09] 
[2026-06-01 03:31:09]   No new qualifying markets found.
[2026-06-01 03:33:49] =================================================================
[2026-06-01 03:33:49]   POLYMARKET — MULTI-TIER BOT
[2026-06-01 03:33:49]   Mode: LIVE | Sizing: 3% of bankroll
[2026-06-01 03:33:49]   Leagues: NBA, CBB, NHL
[2026-06-01 03:33:49]   Bet window: 2h before game start
[2026-06-01 03:33:49]   Sizing: 3% (NBA/CBB) | 2% (NHL/MLB/EPL/DOTA2)
[2026-06-01 03:33:49]   Tiers: T1=B fav 75-90% | T2=Coin flip fav | T6=Coin flip dog
[2026-06-01 03:33:49]          T3=CBB B dog 50-55% | T4=NBA 50/50
[2026-06-01 03:33:49]          T7=60%+ fav (DOTA2/EPL/MLB)
[2026-06-01 03:33:49] =================================================================
[2026-06-01 03:33:49] 
[2026-06-01 03:33:49] =================================================================
[2026-06-01 03:33:49]   SCANNING — HYBRID 5-TIER STRATEGY
[2026-06-01 03:33:49] =================================================================
[2026-06-01 03:33:49]   Balance: $173.55 | Buying Power: $173.55
[2026-06-01 03:33:49]   Bet size: $5.21 (3% proven) / $3.47 (2% new leagues)
[2026-06-01 03:33:49] 
[2026-06-01 03:33:49]   WARNING: Could not fetch positions: 404 Client Error: Not Found for url: https://api.polymarket.us/v1/positions?limit=200
[2026-06-01 03:33:49]   WARNING: Could not fetch open orders: 501 Server Error: Not Implemented for url: https://api.polymarket.us/v1/orders?status=live&limit=200
[2026-06-01 03:33:49]   Scanning NBA...
[2026-06-01 03:33:49]     Found 1 events
[2026-06-01 03:33:49]   Scanning CBB...
[2026-06-01 03:33:50]     Found 0 events
[2026-06-01 03:33:50]   Scanning NHL...
[2026-06-01 03:33:50]     Found 3 events
[2026-06-01 03:33:50] 
[2026-06-01 03:33:50]   Total qualifying markets: 0
[2026-06-01 03:33:50]   New (not yet bet): 0
[2026-06-01 03:33:50] 
[2026-06-01 03:33:50]   No new qualifying markets found.
[2026-06-01 03:38:49] =================================================================
[2026-06-01 03:38:49]   POLYMARKET — MULTI-TIER BOT
[2026-06-01 03:38:49]   Mode: LIVE | Sizing: 3% of bankroll
[2026-06-01 03:38:49]   Leagues: NBA, CBB, NHL
[2026-06-01 03:38:49]   Bet window: 2h before game start
[2026-06-01 03:38:49]   Sizing: 3% (NBA/CBB) | 2% (NHL/MLB/EPL/DOTA2)
[2026-06-01 03:38:49]   Tiers: T1=B fav 75-90% | T2=Coin flip fav | T6=Coin flip dog
[2026-06-01 03:38:49]          T3=CBB B dog 50-55% | T4=NBA 50/50
[2026-06-01 03:38:49]          T7=60%+ fav (DOTA2/EPL/MLB)
[2026-06-01 03:38:49] =================================================================
[2026-06-01 03:38:49] 
[2026-06-01 03:38:49] =================================================================
[2026-06-01 03:38:49]   SCANNING — HYBRID 5-TIER STRATEGY
[2026-06-01 03:38:49] =================================================================
[2026-06-01 03:38:49]   Balance: $173.55 | Buying Power: $173.55
[2026-06-01 03:38:49]   Bet size: $5.21 (3% proven) / $3.47 (2% new leagues)
[2026-06-01 03:38:49] 
[2026-06-01 03:38:49]   WARNING: Could not fetch positions: 404 Client Error: Not Found for url: https://api.polymarket.us/v1/positions?limit=200
[2026-06-01 03:38:49]   WARNING: Could not fetch open orders: 501 Server Error: Not Implemented for url: https://api.polymarket.us/v1/orders?status=live&limit=200
[2026-06-01 03:38:49]   Scanning NBA...
[2026-06-01 03:38:49]     Found 1 events
[2026-06-01 03:38:50]   Scanning CBB...
[2026-06-01 03:38:50]     Found 0 events
[2026-06-01 03:38:50]   Scanning NHL...
[2026-06-01 03:38:50]     Found 3 events
[2026-06-01 03:38:50] 
[2026-06-01 03:38:50]   Total qualifying markets: 0
[2026-06-01 03:38:50]   New (not yet bet): 0
[2026-06-01 03:38:50] 
[2026-06-01 03:38:50]   No new qualifying markets found.
[2026-06-01 03:43:51] =================================================================
[2026-06-01 03:43:51]   POLYMARKET — MULTI-TIER BOT
[2026-06-01 03:43:51]   Mode: LIVE | Sizing: 3% of bankroll
[2026-06-01 03:43:51]   Leagues: NBA, CBB, NHL
[2026-06-01 03:43:51]   Bet window: 2h before game start
[2026-06-01 03:43:51]   Sizing: 3% (NBA/CBB) | 2% (NHL/MLB/EPL/DOTA2)
[2026-06-01 03:43:51]   Tiers: T1=B fav 75-90% | T2=Coin flip fav | T6=Coin flip dog
[2026-06-01 03:43:51]          T3=CBB B dog 50-55% | T4=NBA 50/50
[2026-06-01 03:43:51]          T7=60%+ fav (DOTA2/EPL/MLB)
[2026-06-01 03:43:51] =================================================================
[2026-06-01 03:43:51] 
[2026-06-01 03:43:51] =================================================================
[2026-06-01 03:43:51]   SCANNING — HYBRID 5-TIER STRATEGY
[2026-06-01 03:43:51] =================================================================
[2026-06-01 03:43:51]   Balance: $173.55 | Buying Power: $173.55
[2026-06-01 03:43:51]   Bet size: $5.21 (3% proven) / $3.47 (2% new leagues)
[2026-06-01 03:43:51] 
[2026-06-01 03:43:51]   WARNING: Could not fetch positions: 404 Client Error: Not Found for url: https://api.polymarket.us/v1/positions?limit=200
[2026-06-01 03:43:51]   WARNING: Could not fetch open orders: 501 Server Error: Not Implemented for url: https://api.polymarket.us/v1/orders?status=live&limit=200
[2026-06-01 03:43:51]   Scanning NBA...
[2026-06-01 03:43:51]     Found 1 events
[2026-06-01 03:43:51]   Scanning CBB...
[2026-06-01 03:43:51]     Found 0 events
[2026-06-01 03:43:51]   Scanning NHL...
[2026-06-01 03:43:52]     Found 3 events
[2026-06-01 03:43:52] 
[2026-06-01 03:43:52]   Total qualifying markets: 0
[2026-06-01 03:43:52]   New (not yet bet): 0
[2026-06-01 03:43:52] 
[2026-06-01 03:43:52]   No new qualifying markets found.
[2026-06-01 03:48:52] =================================================================
[2026-06-01 03:48:52]   POLYMARKET — MULTI-TIER BOT
[2026-06-01 03:48:52]   Mode: LIVE | Sizing: 3% of bankroll
[2026-06-01 03:48:52]   Leagues: NBA, CBB, NHL
[2026-06-01 03:48:52]   Bet window: 2h before game start
[2026-06-01 03:48:52]   Sizing: 3% (NBA/CBB) | 2% (NHL/MLB/EPL/DOTA2)
[2026-06-01 03:48:52]   Tiers: T1=B fav 75-90% | T2=Coin flip fav | T6=Coin flip dog
[2026-06-01 03:48:52]          T3=CBB B dog 50-55% | T4=NBA 50/50
[2026-06-01 03:48:52]          T7=60%+ fav (DOTA2/EPL/MLB)
[2026-06-01 03:48:52] =================================================================
[2026-06-01 03:48:52] 
[2026-06-01 03:48:52] =================================================================
[2026-06-01 03:48:52]   SCANNING — HYBRID 5-TIER STRATEGY
[2026-06-01 03:48:52] =================================================================
[2026-06-01 03:48:52]   Balance: $173.55 | Buying Power: $173.55
[2026-06-01 03:48:52]   Bet size: $5.21 (3% proven) / $3.47 (2% new leagues)
[2026-06-01 03:48:52] 
[2026-06-01 03:48:52]   WARNING: Could not fetch positions: 404 Client Error: Not Found for url: https://api.polymarket.us/v1/positions?limit=200
[2026-06-01 03:48:52]   WARNING: Could not fetch open orders: 501 Server Error: Not Implemented for url: https://api.polymarket.us/v1/orders?status=live&limit=200
[2026-06-01 03:48:52]   Scanning NBA...
[2026-06-01 03:48:53]     Found 1 events
[2026-06-01 03:48:53]   Scanning CBB...
[2026-06-01 03:48:53]     Found 0 events
[2026-06-01 03:48:53]   Scanning NHL...
[2026-06-01 03:48:53]     Found 3 events
[2026-06-01 03:48:53] 
[2026-06-01 03:48:53]   Total qualifying markets: 0
[2026-06-01 03:48:53]   New (not yet bet): 0
[2026-06-01 03:48:53] 
[2026-06-01 03:48:53]   No new qualifying markets found.
[2026-06-01 03:53:55] =================================================================
[2026-06-01 03:53:55]   POLYMARKET — MULTI-TIER BOT
[2026-06-01 03:53:55]   Mode: LIVE | Sizing: 3% of bankroll
[2026-06-01 03:53:55]   Leagues: NBA, CBB, NHL
[2026-06-01 03:53:55]   Bet window: 2h before game start
[2026-06-01 03:53:55]   Sizing: 3% (NBA/CBB) | 2% (NHL/MLB/EPL/DOTA2)
[2026-06-01 03:53:55]   Tiers: T1=B fav 75-90% | T2=Coin flip fav | T6=Coin flip dog
[2026-06-01 03:53:55]          T3=CBB B dog 50-55% | T4=NBA 50/50
[2026-06-01 03:53:55]          T7=60%+ fav (DOTA2/EPL/MLB)
[2026-06-01 03:53:55] =================================================================
[2026-06-01 03:53:55] 
[2026-06-01 03:53:55] =================================================================
[2026-06-01 03:53:55]   SCANNING — HYBRID 5-TIER STRATEGY
[2026-06-01 03:53:55] =================================================================
[2026-06-01 03:53:55]   Balance: $173.55 | Buying Power: $173.55
[2026-06-01 03:53:55]   Bet size: $5.21 (3% proven) / $3.47 (2% new leagues)
[2026-06-01 03:53:55] 
[2026-06-01 03:53:55]   WARNING: Could not fetch positions: 404 Client Error: Not Found for url: https://api.polymarket.us/v1/positions?limit=200
[2026-06-01 03:53:55]   WARNING: Could not fetch open orders: 501 Server Error: Not Implemented for url: https://api.polymarket.us/v1/orders?status=live&limit=200
[2026-06-01 03:53:55]   Scanning NBA...
[2026-06-01 03:53:55]     Found 1 events
[2026-06-01 03:53:55]   Scanning CBB...
[2026-06-01 03:53:55]     Found 0 events
[2026-06-01 03:53:56]   Scanning NHL...
[2026-06-01 03:53:56]     Found 3 events
[2026-06-01 03:53:56] 
[2026-06-01 03:53:56]   Total qualifying markets: 0
[2026-06-01 03:53:56]   New (not yet bet): 0
[2026-06-01 03:53:56] 
[2026-06-01 03:53:56]   No new qualifying markets found.
[2026-06-01 03:58:55] =================================================================
[2026-06-01 03:58:55]   POLYMARKET — MULTI-TIER BOT
[2026-06-01 03:58:55]   Mode: LIVE | Sizing: 3% of bankroll
[2026-06-01 03:58:55]   Leagues: NBA, CBB, NHL
[2026-06-01 03:58:55]   Bet window: 2h before game start
[2026-06-01 03:58:55]   Sizing: 3% (NBA/CBB) | 2% (NHL/MLB/EPL/DOTA2)
[2026-06-01 03:58:55]   Tiers: T1=B fav 75-90% | T2=Coin flip fav | T6=Coin flip dog
[2026-06-01 03:58:55]          T3=CBB B dog 50-55% | T4=NBA 50/50
[2026-06-01 03:58:55]          T7=60%+ fav (DOTA2/EPL/MLB)
[2026-06-01 03:58:55] =================================================================
[2026-06-01 03:58:55] 
[2026-06-01 03:58:55] =================================================================
[2026-06-01 03:58:55]   SCANNING — HYBRID 5-TIER STRATEGY
[2026-06-01 03:58:55] =================================================================
[2026-06-01 03:58:55]   Balance: $173.55 | Buying Power: $173.55
[2026-06-01 03:58:55]   Bet size: $5.21 (3% proven) / $3.47 (2% new leagues)
[2026-06-01 03:58:55] 
[2026-06-01 03:58:55]   WARNING: Could not fetch positions: 404 Client Error: Not Found for url: https://api.polymarket.us/v1/positions?limit=200
[2026-06-01 03:58:55]   WARNING: Could not fetch open orders: 501 Server Error: Not Implemented for url: https://api.polymarket.us/v1/orders?status=live&limit=200
[2026-06-01 03:58:55]   Scanning NBA...
[2026-06-01 03:58:55]     Found 1 events
[2026-06-01 03:58:55]   Scanning CBB...
[2026-06-01 03:58:55]     Found 0 events
[2026-06-01 03:58:55]   Scanning NHL...
[2026-06-01 03:58:55]     Found 3 events
[2026-06-01 03:58:55] 
[2026-06-01 03:58:55]   Total qualifying markets: 0
[2026-06-01 03:58:55]   New (not yet bet): 0
[2026-06-01 03:58:55] 
[2026-06-01 03:58:55]   No new qualifying markets found.
[2026-06-01 04:03:57] =================================================================
[2026-06-01 04:03:57]   POLYMARKET — MULTI-TIER BOT
[2026-06-01 04:03:57]   Mode: LIVE | Sizing: 3% of bankroll
[2026-06-01 04:03:57]   Leagues: NBA, CBB, NHL
[2026-06-01 04:03:57]   Bet window: 2h before game start
[2026-06-01 04:03:57]   Sizing: 3% (NBA/CBB) | 2% (NHL/MLB/EPL/DOTA2)
[2026-06-01 04:03:57]   Tiers: T1=B fav 75-90% | T2=Coin flip fav | T6=Coin flip dog
[2026-06-01 04:03:57]          T3=CBB B dog 50-55% | T4=NBA 50/50
[2026-06-01 04:03:57]          T7=60%+ fav (DOTA2/EPL/MLB)
[2026-06-01 04:03:57] =================================================================
[2026-06-01 04:03:57] 
[2026-06-01 04:03:57] =================================================================
[2026-06-01 04:03:57]   SCANNING — HYBRID 5-TIER STRATEGY
[2026-06-01 04:03:57] =================================================================
[2026-06-01 04:03:57]   Balance: $173.55 | Buying Power: $173.55
[2026-06-01 04:03:57]   Bet size: $5.21 (3% proven) / $3.47 (2% new leagues)
[2026-06-01 04:03:57] 
[2026-06-01 04:03:57]   WARNING: Could not fetch positions: 404 Client Error: Not Found for url: https://api.polymarket.us/v1/positions?limit=200
[2026-06-01 04:03:58]   WARNING: Could not fetch open orders: 501 Server Error: Not Implemented for url: https://api.polymarket.us/v1/orders?status=live&limit=200
[2026-06-01 04:03:58]   Scanning NBA...
[2026-06-01 04:03:58]     Found 1 events
[2026-06-01 04:03:58]   Scanning CBB...
[2026-06-01 04:03:58]     Found 0 events
[2026-06-01 04:03:58]   Scanning NHL...
[2026-06-01 04:03:58]     Found 3 events
[2026-06-01 04:03:58] 
[2026-06-01 04:03:58]   Total qualifying markets: 0
[2026-06-01 04:03:58]   New (not yet bet): 0
[2026-06-01 04:03:58] 
[2026-06-01 04:03:58]   No new qualifying markets found.
[2026-06-01 04:09:01] =================================================================
[2026-06-01 04:09:01]   POLYMARKET — MULTI-TIER BOT
[2026-06-01 04:09:01]   Mode: LIVE | Sizing: 3% of bankroll
[2026-06-01 04:09:01]   Leagues: NBA, CBB, NHL
[2026-06-01 04:09:01]   Bet window: 2h before game start
[2026-06-01 04:09:01]   Sizing: 3% (NBA/CBB) | 2% (NHL/MLB/EPL/DOTA2)
[2026-06-01 04:09:01]   Tiers: T1=B fav 75-90% | T2=Coin flip fav | T6=Coin flip dog
[2026-06-01 04:09:01]          T3=CBB B dog 50-55% | T4=NBA 50/50
[2026-06-01 04:09:01]          T7=60%+ fav (DOTA2/EPL/MLB)
[2026-06-01 04:09:01] =================================================================
[2026-06-01 04:09:01] 
[2026-06-01 04:09:01] =================================================================
[2026-06-01 04:09:01]   SCANNING — HYBRID 5-TIER STRATEGY
[2026-06-01 04:09:01] =================================================================
[2026-06-01 04:09:01]   Balance: $173.55 | Buying Power: $173.55
[2026-06-01 04:09:01]   Bet size: $5.21 (3% proven) / $3.47 (2% new leagues)
[2026-06-01 04:09:01] 
[2026-06-01 04:09:01]   WARNING: Could not fetch positions: 404 Client Error: Not Found for url: https://api.polymarket.us/v1/positions?limit=200
[2026-06-01 04:09:01]   WARNING: Could not fetch open orders: 501 Server Error: Not Implemented for url: https://api.polymarket.us/v1/orders?status=live&limit=200
[2026-06-01 04:09:01]   Scanning NBA...
[2026-06-01 04:09:01]     Found 1 events
[2026-06-01 04:09:01]   Scanning CBB...
[2026-06-01 04:09:01]     Found 0 events
[2026-06-01 04:09:01]   Scanning NHL...
[2026-06-01 04:09:01]     Found 3 events
[2026-06-01 04:09:01] 
[2026-06-01 04:09:01]   Total qualifying markets: 0
[2026-06-01 04:09:01]   New (not yet bet): 0
[2026-06-01 04:09:01] 
[2026-06-01 04:09:01]   No new qualifying markets found.
[2026-06-01 04:32:53] =================================================================
[2026-06-01 04:32:53]   POLYMARKET — MULTI-TIER BOT
[2026-06-01 04:32:53]   Mode: LIVE | Sizing: 3% of bankroll
[2026-06-01 04:32:53]   Leagues: NBA, CBB, NHL
[2026-06-01 04:32:53]   Bet window: 2h before game start
[2026-06-01 04:32:53]   Sizing: 3% (NBA/CBB) | 2% (NHL/MLB/EPL/DOTA2)
[2026-06-01 04:32:53]   Tiers: T1=B fav 75-90% | T2=Coin flip fav | T6=Coin flip dog
[2026-06-01 04:32:53]          T3=CBB B dog 50-55% | T4=NBA 50/50
[2026-06-01 04:32:53]          T7=60%+ fav (DOTA2/EPL/MLB)
[2026-06-01 04:32:53] =================================================================
[2026-06-01 04:32:53] 
[2026-06-01 04:32:53] =================================================================
[2026-06-01 04:32:53]   SCANNING — HYBRID 5-TIER STRATEGY
[2026-06-01 04:32:53] =================================================================
[2026-06-01 04:32:53]   Balance: $173.55 | Buying Power: $173.55
[2026-06-01 04:32:53]   Bet size: $5.21 (3% proven) / $3.47 (2% new leagues)
[2026-06-01 04:32:53] 
[2026-06-01 04:32:53]   WARNING: Could not fetch positions: 404 Client Error: Not Found for url: https://api.polymarket.us/v1/positions?limit=200
[2026-06-01 04:32:53]   WARNING: Could not fetch open orders: 501 Server Error: Not Implemented for url: https://api.polymarket.us/v1/orders?status=live&limit=200
[2026-06-01 04:32:53]   Scanning NBA...
[2026-06-01 04:32:53]     Found 1 events
[2026-06-01 04:32:54]   Scanning CBB...
[2026-06-01 04:32:54]     Found 0 events
[2026-06-01 04:32:54]   Scanning NHL...
[2026-06-01 04:32:54]     Found 3 events
[2026-06-01 04:32:54] 
[2026-06-01 04:32:54]   Total qualifying markets: 0
[2026-06-01 04:32:54]   New (not yet bet): 0
[2026-06-01 04:32:54] 
[2026-06-01 04:32:54]   No new qualifying markets found.
[2026-06-01 07:29:23] =================================================================
[2026-06-01 07:29:23]   POLYMARKET — MULTI-TIER BOT
[2026-06-01 07:29:23]   Mode: LIVE | Sizing: 3% of bankroll
[2026-06-01 07:29:23]   Leagues: NBA, CBB, NHL
[2026-06-01 07:29:23]   Bet window: 2h before game start
[2026-06-01 07:29:23]   Sizing: 3% (NBA/CBB) | 2% (NHL/MLB/EPL/DOTA2)
[2026-06-01 07:29:23]   Tiers: T1=B fav 75-90% | T2=Coin flip fav | T6=Coin flip dog
[2026-06-01 07:29:23]          T3=CBB B dog 50-55% | T4=NBA 50/50
[2026-06-01 07:29:23]          T7=60%+ fav (DOTA2/EPL/MLB)
[2026-06-01 07:29:23] =================================================================
[2026-06-01 07:29:23] 
[2026-06-01 07:29:23] =================================================================
[2026-06-01 07:29:23]   SCANNING — HYBRID 5-TIER STRATEGY
[2026-06-01 07:29:23] =================================================================
[2026-06-01 07:29:24]   Balance: $173.55 | Buying Power: $173.55
[2026-06-01 07:29:24]   Bet size: $5.21 (3% proven) / $3.47 (2% new leagues)
[2026-06-01 07:29:24] 
[2026-06-01 07:29:24]   WARNING: Could not fetch positions: 404 Client Error: Not Found for url: https://api.polymarket.us/v1/positions?limit=200
[2026-06-01 07:29:24]   WARNING: Could not fetch open orders: 501 Server Error: Not Implemented for url: https://api.polymarket.us/v1/orders?status=live&limit=200
[2026-06-01 07:29:24]   Scanning NBA...
[2026-06-01 07:29:24]     Found 1 events
[2026-06-01 07:29:24]   Scanning CBB...
[2026-06-01 07:29:24]     Found 0 events
[2026-06-01 07:29:24]   Scanning NHL...
[2026-06-01 07:29:24]     Found 3 events
[2026-06-01 07:29:24] 
[2026-06-01 07:29:24]   Total qualifying markets: 0
[2026-06-01 07:29:24]   New (not yet bet): 0
[2026-06-01 07:29:24] 
[2026-06-01 07:29:24]   No new qualifying markets found.
[2026-06-01 09:09:56] =================================================================
[2026-06-01 09:09:56]   POLYMARKET — MULTI-TIER BOT
[2026-06-01 09:09:56]   Mode: LIVE | Sizing: 3% of bankroll
[2026-06-01 09:09:56]   Leagues: NBA, CBB, NHL
[2026-06-01 09:09:56]   Bet window: 2h before game start
[2026-06-01 09:09:56]   Sizing: 3% (NBA/CBB) | 2% (NHL/MLB/EPL/DOTA2)
[2026-06-01 09:09:56]   Tiers: T1=B fav 75-90% | T2=Coin flip fav | T6=Coin flip dog
[2026-06-01 09:09:56]          T3=CBB B dog 50-55% | T4=NBA 50/50
[2026-06-01 09:09:56]          T7=60%+ fav (DOTA2/EPL/MLB)
[2026-06-01 09:09:56] =================================================================
[2026-06-01 09:09:56] 
[2026-06-01 09:09:56] =================================================================
[2026-06-01 09:09:56]   SCANNING — HYBRID 5-TIER STRATEGY
[2026-06-01 09:09:56] =================================================================
[2026-06-01 09:09:56]   Balance: $173.55 | Buying Power: $173.55
[2026-06-01 09:09:56]   Bet size: $5.21 (3% proven) / $3.47 (2% new leagues)
[2026-06-01 09:09:56] 
[2026-06-01 09:09:56]   WARNING: Could not fetch positions: 404 Client Error: Not Found for url: https://api.polymarket.us/v1/positions?limit=200
[2026-06-01 09:09:56]   WARNING: Could not fetch open orders: 501 Server Error: Not Implemented for url: https://api.polymarket.us/v1/orders?status=live&limit=200
[2026-06-01 09:09:56]   Scanning NBA...
[2026-06-01 09:09:56]     Found 1 events
[2026-06-01 09:09:56]   Scanning CBB...
[2026-06-01 09:09:56]     Found 0 events
[2026-06-01 09:09:56]   Scanning NHL...
[2026-06-01 09:09:56]     Found 3 events
[2026-06-01 09:09:56] 
[2026-06-01 09:09:56]   Total qualifying markets: 0
[2026-06-01 09:09:56]   New (not yet bet): 0
[2026-06-01 09:09:56] 
[2026-06-01 09:09:56]   No new qualifying markets found.
[2026-06-01 11:57:15] =================================================================
[2026-06-01 11:57:15]   POLYMARKET — MULTI-TIER BOT
[2026-06-01 11:57:15]   Mode: LIVE | Sizing: 3% of bankroll
[2026-06-01 11:57:15]   Leagues: NBA, CBB, NHL
[2026-06-01 11:57:15]   Bet window: 2h before game start
[2026-06-01 11:57:15]   Sizing: 3% (NBA/CBB) | 2% (NHL/MLB/EPL/DOTA2)
[2026-06-01 11:57:15]   Tiers: T1=B fav 75-90% | T2=Coin flip fav | T6=Coin flip dog
[2026-06-01 11:57:15]          T3=CBB B dog 50-55% | T4=NBA 50/50
[2026-06-01 11:57:15]          T7=60%+ fav (DOTA2/EPL/MLB)
[2026-06-01 11:57:15] =================================================================
[2026-06-01 11:57:15] 
[2026-06-01 11:57:15] =================================================================
[2026-06-01 11:57:15]   SCANNING — HYBRID 5-TIER STRATEGY
[2026-06-01 11:57:15] =================================================================
[2026-06-01 11:57:15]   Balance: $173.55 | Buying Power: $173.55
[2026-06-01 11:57:15]   Bet size: $5.21 (3% proven) / $3.47 (2% new leagues)
[2026-06-01 11:57:15] 
[2026-06-01 11:57:16]   WARNING: Could not fetch positions: 404 Client Error: Not Found for url: https://api.polymarket.us/v1/positions?limit=200
[2026-06-01 11:57:16]   WARNING: Could not fetch open orders: 501 Server Error: Not Implemented for url: https://api.polymarket.us/v1/orders?status=live&limit=200
[2026-06-01 11:57:16]   Scanning NBA...
[2026-06-01 11:57:16]     Found 1 events
[2026-06-01 11:57:16]   Scanning CBB...
[2026-06-01 11:57:16]     Found 0 events
[2026-06-01 11:57:16]   Scanning NHL...
[2026-06-01 11:57:16]     Found 3 events
[2026-06-01 11:57:17] 
[2026-06-01 11:57:17]   Total qualifying markets: 0
[2026-06-01 11:57:17]   New (not yet bet): 0
[2026-06-01 11:57:17] 
[2026-06-01 11:57:17]   No new qualifying markets found.
[2026-06-01 13:15:19] =================================================================
[2026-06-01 13:15:19]   POLYMARKET — MULTI-TIER BOT
[2026-06-01 13:15:19]   Mode: LIVE | Sizing: 3% of bankroll
[2026-06-01 13:15:19]   Leagues: NBA, CBB, NHL
[2026-06-01 13:15:19]   Bet window: 2h before game start
[2026-06-01 13:15:19]   Sizing: 3% (NBA/CBB) | 2% (NHL/MLB/EPL/DOTA2)
[2026-06-01 13:15:19]   Tiers: T1=B fav 75-90% | T2=Coin flip fav | T6=Coin flip dog
[2026-06-01 13:15:19]          T3=CBB B dog 50-55% | T4=NBA 50/50
[2026-06-01 13:15:19]          T7=60%+ fav (DOTA2/EPL/MLB)
[2026-06-01 13:15:19] =================================================================
[2026-06-01 13:15:19] 
[2026-06-01 13:15:19] =================================================================
[2026-06-01 13:15:19]   SCANNING — HYBRID 5-TIER STRATEGY
[2026-06-01 13:15:19] =================================================================
[2026-06-01 13:15:19]   Balance: $173.55 | Buying Power: $173.55
[2026-06-01 13:15:19]   Bet size: $5.21 (3% proven) / $3.47 (2% new leagues)
[2026-06-01 13:15:19] 
[2026-06-01 13:15:19]   WARNING: Could not fetch positions: 404 Client Error: Not Found for url: https://api.polymarket.us/v1/positions?limit=200
[2026-06-01 13:15:19]   WARNING: Could not fetch open orders: 501 Server Error: Not Implemented for url: https://api.polymarket.us/v1/orders?status=live&limit=200
[2026-06-01 13:15:19]   Scanning NBA...
[2026-06-01 13:15:19]     Found 1 events
[2026-06-01 13:15:19]   Scanning CBB...
[2026-06-01 13:15:19]     Found 0 events
[2026-06-01 13:15:19]   Scanning NHL...
[2026-06-01 13:15:19]     Found 3 events
[2026-06-01 13:15:19] 
[2026-06-01 13:15:19]   Total qualifying markets: 0
[2026-06-01 13:15:19]   New (not yet bet): 0
[2026-06-01 13:15:19] 
[2026-06-01 13:15:19]   No new qualifying markets found.
[2026-06-01 14:01:42] =================================================================
[2026-06-01 14:01:42]   POLYMARKET — MULTI-TIER BOT
[2026-06-01 14:01:42]   Mode: LIVE | Sizing: 3% of bankroll
[2026-06-01 14:01:42]   Leagues: NBA, CBB, NHL
[2026-06-01 14:01:42]   Bet window: 2h before game start
[2026-06-01 14:01:42]   Sizing: 3% (NBA/CBB) | 2% (NHL/MLB/EPL/DOTA2)
[2026-06-01 14:01:42]   Tiers: T1=B fav 75-90% | T2=Coin flip fav | T6=Coin flip dog
[2026-06-01 14:01:42]          T3=CBB B dog 50-55% | T4=NBA 50/50
[2026-06-01 14:01:42]          T7=60%+ fav (DOTA2/EPL/MLB)
[2026-06-01 14:01:42] =================================================================
[2026-06-01 14:01:42] 
[2026-06-01 14:01:42] =================================================================
[2026-06-01 14:01:42]   SCANNING — HYBRID 5-TIER STRATEGY
[2026-06-01 14:01:42] =================================================================
[2026-06-01 14:01:42]   Balance: $173.55 | Buying Power: $173.55
[2026-06-01 14:01:42]   Bet size: $5.21 (3% proven) / $3.47 (2% new leagues)
[2026-06-01 14:01:42] 
[2026-06-01 14:01:42]   WARNING: Could not fetch positions: 404 Client Error: Not Found for url: https://api.polymarket.us/v1/positions?limit=200
[2026-06-01 14:01:42]   WARNING: Could not fetch open orders: 501 Server Error: Not Implemented for url: https://api.polymarket.us/v1/orders?status=live&limit=200
[2026-06-01 14:01:42]   Scanning NBA...
[2026-06-01 14:01:43]     Found 1 events
[2026-06-01 14:01:43]   Scanning CBB...
[2026-06-01 14:01:43]     Found 0 events
[2026-06-01 14:01:43]   Scanning NHL...
[2026-06-01 14:01:43]     Found 3 events
[2026-06-01 14:01:43] 
[2026-06-01 14:01:43]   Total qualifying markets: 0
[2026-06-01 14:01:43]   New (not yet bet): 0
[2026-06-01 14:01:43] 
[2026-06-01 14:01:43]   No new qualifying markets found.
[2026-06-01 14:06:43] =================================================================
[2026-06-01 14:06:43]   POLYMARKET — MULTI-TIER BOT
[2026-06-01 14:06:43]   Mode: LIVE | Sizing: 3% of bankroll
[2026-06-01 14:06:43]   Leagues: NBA, CBB, NHL
[2026-06-01 14:06:43]   Bet window: 2h before game start
[2026-06-01 14:06:43]   Sizing: 3% (NBA/CBB) | 2% (NHL/MLB/EPL/DOTA2)
[2026-06-01 14:06:43]   Tiers: T1=B fav 75-90% | T2=Coin flip fav | T6=Coin flip dog
[2026-06-01 14:06:43]          T3=CBB B dog 50-55% | T4=NBA 50/50
[2026-06-01 14:06:43]          T7=60%+ fav (DOTA2/EPL/MLB)
[2026-06-01 14:06:43] =================================================================
[2026-06-01 14:06:43] 
[2026-06-01 14:06:43] =================================================================
[2026-06-01 14:06:43]   SCANNING — HYBRID 5-TIER STRATEGY
[2026-06-01 14:06:43] =================================================================
[2026-06-01 14:06:43]   Balance: $173.55 | Buying Power: $173.55
[2026-06-01 14:06:43]   Bet size: $5.21 (3% proven) / $3.47 (2% new leagues)
[2026-06-01 14:06:43] 
[2026-06-01 14:06:43]   WARNING: Could not fetch positions: 404 Client Error: Not Found for url: https://api.polymarket.us/v1/positions?limit=200
[2026-06-01 14:06:43]   WARNING: Could not fetch open orders: 501 Server Error: Not Implemented for url: https://api.polymarket.us/v1/orders?status=live&limit=200
[2026-06-01 14:06:43]   Scanning NBA...
[2026-06-01 14:06:44]     Found 1 events
[2026-06-01 14:06:44]   Scanning CBB...
[2026-06-01 14:06:44]     Found 0 events
[2026-06-01 14:06:44]   Scanning NHL...
[2026-06-01 14:06:44]     Found 3 events
[2026-06-01 14:06:44] 
[2026-06-01 14:06:44]   Total qualifying markets: 0
[2026-06-01 14:06:44]   New (not yet bet): 0
[2026-06-01 14:06:44] 
[2026-06-01 14:06:44]   No new qualifying markets found.
[2026-06-01 14:11:45] =================================================================
[2026-06-01 14:11:45]   POLYMARKET — MULTI-TIER BOT
[2026-06-01 14:11:45]   Mode: LIVE | Sizing: 3% of bankroll
[2026-06-01 14:11:45]   Leagues: NBA, CBB, NHL
[2026-06-01 14:11:45]   Bet window: 2h before game start
[2026-06-01 14:11:45]   Sizing: 3% (NBA/CBB) | 2% (NHL/MLB/EPL/DOTA2)
[2026-06-01 14:11:45]   Tiers: T1=B fav 75-90% | T2=Coin flip fav | T6=Coin flip dog
[2026-06-01 14:11:45]          T3=CBB B dog 50-55% | T4=NBA 50/50
[2026-06-01 14:11:45]          T7=60%+ fav (DOTA2/EPL/MLB)
[2026-06-01 14:11:45] =================================================================
[2026-06-01 14:11:45] 
[2026-06-01 14:11:45] =================================================================
[2026-06-01 14:11:45]   SCANNING — HYBRID 5-TIER STRATEGY
[2026-06-01 14:11:45] =================================================================
[2026-06-01 14:11:45]   Balance: $173.55 | Buying Power: $173.55
[2026-06-01 14:11:45]   Bet size: $5.21 (3% proven) / $3.47 (2% new leagues)
[2026-06-01 14:11:45] 
[2026-06-01 14:11:45]   WARNING: Could not fetch positions: 404 Client Error: Not Found for url: https://api.polymarket.us/v1/positions?limit=200
[2026-06-01 14:11:45]   WARNING: Could not fetch open orders: 501 Server Error: Not Implemented for url: https://api.polymarket.us/v1/orders?status=live&limit=200
[2026-06-01 14:11:45]   Scanning NBA...
[2026-06-01 14:11:45]     Found 1 events
[2026-06-01 14:11:45]   Scanning CBB...
[2026-06-01 14:11:45]     Found 0 events
[2026-06-01 14:11:46]   Scanning NHL...
[2026-06-01 14:11:46]     Found 3 events
[2026-06-01 14:11:46] 
[2026-06-01 14:11:46]   Total qualifying markets: 0
[2026-06-01 14:11:46]   New (not yet bet): 0
[2026-06-01 14:11:46] 
[2026-06-01 14:11:46]   No new qualifying markets found.
[2026-06-01 14:16:47] =================================================================
[2026-06-01 14:16:47]   POLYMARKET — MULTI-TIER BOT
[2026-06-01 14:16:47]   Mode: LIVE | Sizing: 3% of bankroll
[2026-06-01 14:16:47]   Leagues: NBA, CBB, NHL
[2026-06-01 14:16:47]   Bet window: 2h before game start
[2026-06-01 14:16:47]   Sizing: 3% (NBA/CBB) | 2% (NHL/MLB/EPL/DOTA2)
[2026-06-01 14:16:47]   Tiers: T1=B fav 75-90% | T2=Coin flip fav | T6=Coin flip dog
[2026-06-01 14:16:47]          T3=CBB B dog 50-55% | T4=NBA 50/50
[2026-06-01 14:16:47]          T7=60%+ fav (DOTA2/EPL/MLB)
[2026-06-01 14:16:47] =================================================================
[2026-06-01 14:16:47] 
[2026-06-01 14:16:47] =================================================================
[2026-06-01 14:16:47]   SCANNING — HYBRID 5-TIER STRATEGY
[2026-06-01 14:16:47] =================================================================
[2026-06-01 14:16:47]   Balance: $173.55 | Buying Power: $173.55
[2026-06-01 14:16:47]   Bet size: $5.21 (3% proven) / $3.47 (2% new leagues)
[2026-06-01 14:16:47] 
[2026-06-01 14:16:47]   WARNING: Could not fetch positions: 404 Client Error: Not Found for url: https://api.polymarket.us/v1/positions?limit=200
[2026-06-01 14:16:47]   WARNING: Could not fetch open orders: 501 Server Error: Not Implemented for url: https://api.polymarket.us/v1/orders?status=live&limit=200
[2026-06-01 14:16:47]   Scanning NBA...
[2026-06-01 14:16:47]     Found 1 events
[2026-06-01 14:16:47]   Scanning CBB...
[2026-06-01 14:16:47]     Found 0 events
[2026-06-01 14:16:47]   Scanning NHL...
[2026-06-01 14:16:47]     Found 3 events
[2026-06-01 14:16:47] 
[2026-06-01 14:16:47]   Total qualifying markets: 0
[2026-06-01 14:16:47]   New (not yet bet): 0
[2026-06-01 14:16:47] 
[2026-06-01 14:16:47]   No new qualifying markets found.
[2026-06-01 14:21:50] =================================================================
[2026-06-01 14:21:50]   POLYMARKET — MULTI-TIER BOT
[2026-06-01 14:21:50]   Mode: LIVE | Sizing: 3% of bankroll
[2026-06-01 14:21:50]   Leagues: NBA, CBB, NHL
[2026-06-01 14:21:50]   Bet window: 2h before game start
[2026-06-01 14:21:50]   Sizing: 3% (NBA/CBB) | 2% (NHL/MLB/EPL/DOTA2)
[2026-06-01 14:21:50]   Tiers: T1=B fav 75-90% | T2=Coin flip fav | T6=Coin flip dog
[2026-06-01 14:21:50]          T3=CBB B dog 50-55% | T4=NBA 50/50
[2026-06-01 14:21:50]          T7=60%+ fav (DOTA2/EPL/MLB)
[2026-06-01 14:21:50] =================================================================
[2026-06-01 14:21:50] 
[2026-06-01 14:21:50] =================================================================
[2026-06-01 14:21:50]   SCANNING — HYBRID 5-TIER STRATEGY
[2026-06-01 14:21:50] =================================================================
[2026-06-01 14:21:51]   Balance: $173.55 | Buying Power: $173.55
[2026-06-01 14:21:51]   Bet size: $5.21 (3% proven) / $3.47 (2% new leagues)
[2026-06-01 14:21:51] 
[2026-06-01 14:21:51]   WARNING: Could not fetch positions: 404 Client Error: Not Found for url: https://api.polymarket.us/v1/positions?limit=200
[2026-06-01 14:21:51]   WARNING: Could not fetch open orders: 501 Server Error: Not Implemented for url: https://api.polymarket.us/v1/orders?status=live&limit=200
[2026-06-01 14:21:51]   Scanning NBA...
[2026-06-01 14:21:51]     Found 1 events
[2026-06-01 14:21:51]   Scanning CBB...
[2026-06-01 14:21:51]     Found 0 events
[2026-06-01 14:21:51]   Scanning NHL...
[2026-06-01 14:21:51]     Found 3 events
[2026-06-01 14:21:51] 
[2026-06-01 14:21:51]   Total qualifying markets: 0
[2026-06-01 14:21:51]   New (not yet bet): 0
[2026-06-01 14:21:51] 
[2026-06-01 14:21:51]   No new qualifying markets found.
[2026-06-01 14:26:51] =================================================================
[2026-06-01 14:26:51]   POLYMARKET — MULTI-TIER BOT
[2026-06-01 14:26:51]   Mode: LIVE | Sizing: 3% of bankroll
[2026-06-01 14:26:51]   Leagues: NBA, CBB, NHL
[2026-06-01 14:26:51]   Bet window: 2h before game start
[2026-06-01 14:26:51]   Sizing: 3% (NBA/CBB) | 2% (NHL/MLB/EPL/DOTA2)
[2026-06-01 14:26:51]   Tiers: T1=B fav 75-90% | T2=Coin flip fav | T6=Coin flip dog
[2026-06-01 14:26:51]          T3=CBB B dog 50-55% | T4=NBA 50/50
[2026-06-01 14:26:51]          T7=60%+ fav (DOTA2/EPL/MLB)
[2026-06-01 14:26:51] =================================================================
[2026-06-01 14:26:51] 
[2026-06-01 14:26:51] =================================================================
[2026-06-01 14:26:51]   SCANNING — HYBRID 5-TIER STRATEGY
[2026-06-01 14:26:51] =================================================================
[2026-06-01 14:26:51]   Balance: $173.55 | Buying Power: $173.55
[2026-06-01 14:26:51]   Bet size: $5.21 (3% proven) / $3.47 (2% new leagues)
[2026-06-01 14:26:51] 
[2026-06-01 14:26:51]   WARNING: Could not fetch positions: 404 Client Error: Not Found for url: https://api.polymarket.us/v1/positions?limit=200
[2026-06-01 14:26:51]   WARNING: Could not fetch open orders: 501 Server Error: Not Implemented for url: https://api.polymarket.us/v1/orders?status=live&limit=200
[2026-06-01 14:26:51]   Scanning NBA...
[2026-06-01 14:26:51]     Found 1 events
[2026-06-01 14:26:51]   Scanning CBB...
[2026-06-01 14:26:52]     Found 0 events
[2026-06-01 14:26:52]   Scanning NHL...
[2026-06-01 14:26:52]     Found 3 events
[2026-06-01 14:26:52] 
[2026-06-01 14:26:52]   Total qualifying markets: 0
[2026-06-01 14:26:52]   New (not yet bet): 0
[2026-06-01 14:26:52] 
[2026-06-01 14:26:52]   No new qualifying markets found.
[2026-06-01 14:31:54] =================================================================
[2026-06-01 14:31:54]   POLYMARKET — MULTI-TIER BOT
[2026-06-01 14:31:54]   Mode: LIVE | Sizing: 3% of bankroll
[2026-06-01 14:31:54]   Leagues: NBA, CBB, NHL
[2026-06-01 14:31:54]   Bet window: 2h before game start
[2026-06-01 14:31:54]   Sizing: 3% (NBA/CBB) | 2% (NHL/MLB/EPL/DOTA2)
[2026-06-01 14:31:54]   Tiers: T1=B fav 75-90% | T2=Coin flip fav | T6=Coin flip dog
[2026-06-01 14:31:54]          T3=CBB B dog 50-55% | T4=NBA 50/50
[2026-06-01 14:31:54]          T7=60%+ fav (DOTA2/EPL/MLB)
[2026-06-01 14:31:54] =================================================================
[2026-06-01 14:31:54] 
[2026-06-01 14:31:54] =================================================================
[2026-06-01 14:31:54]   SCANNING — HYBRID 5-TIER STRATEGY
[2026-06-01 14:31:54] =================================================================
[2026-06-01 14:31:54]   Balance: $173.55 | Buying Power: $173.55
[2026-06-01 14:31:54]   Bet size: $5.21 (3% proven) / $3.47 (2% new leagues)
[2026-06-01 14:31:54] 
[2026-06-01 14:31:54]   WARNING: Could not fetch positions: 404 Client Error: Not Found for url: https://api.polymarket.us/v1/positions?limit=200
[2026-06-01 14:31:54]   WARNING: Could not fetch open orders: 501 Server Error: Not Implemented for url: https://api.polymarket.us/v1/orders?status=live&limit=200
[2026-06-01 14:31:54]   Scanning NBA...
[2026-06-01 14:31:54]     Found 1 events
[2026-06-01 14:31:55]   Scanning CBB...
[2026-06-01 14:31:55]     Found 0 events
[2026-06-01 14:31:55]   Scanning NHL...
[2026-06-01 14:31:55]     Found 3 events
[2026-06-01 14:31:55] 
[2026-06-01 14:31:55]   Total qualifying markets: 0
[2026-06-01 14:31:55]   New (not yet bet): 0
[2026-06-01 14:31:55] 
[2026-06-01 14:31:55]   No new qualifying markets found.
[2026-06-01 14:37:02] =================================================================
[2026-06-01 14:37:02]   POLYMARKET — MULTI-TIER BOT
[2026-06-01 14:37:02]   Mode: LIVE | Sizing: 3% of bankroll
[2026-06-01 14:37:02]   Leagues: NBA, CBB, NHL
[2026-06-01 14:37:02]   Bet window: 2h before game start
[2026-06-01 14:37:02]   Sizing: 3% (NBA/CBB) | 2% (NHL/MLB/EPL/DOTA2)
[2026-06-01 14:37:02]   Tiers: T1=B fav 75-90% | T2=Coin flip fav | T6=Coin flip dog
[2026-06-01 14:37:02]          T3=CBB B dog 50-55% | T4=NBA 50/50
[2026-06-01 14:37:02]          T7=60%+ fav (DOTA2/EPL/MLB)
[2026-06-01 14:37:02] =================================================================
[2026-06-01 14:37:02] 
[2026-06-01 14:37:02] =================================================================
[2026-06-01 14:37:02]   SCANNING — HYBRID 5-TIER STRATEGY
[2026-06-01 14:37:02] =================================================================
[2026-06-01 14:37:02]   Balance: $173.55 | Buying Power: $173.55
[2026-06-01 14:37:02]   Bet size: $5.21 (3% proven) / $3.47 (2% new leagues)
[2026-06-01 14:37:02] 
[2026-06-01 14:37:02]   WARNING: Could not fetch positions: 404 Client Error: Not Found for url: https://api.polymarket.us/v1/positions?limit=200
[2026-06-01 14:37:03]   WARNING: Could not fetch open orders: 501 Server Error: Not Implemented for url: https://api.polymarket.us/v1/orders?status=live&limit=200
[2026-06-01 14:37:03]   Scanning NBA...
[2026-06-01 14:37:03]     Found 1 events
[2026-06-01 14:37:03]   Scanning CBB...
[2026-06-01 14:37:03]     Found 0 events
[2026-06-01 14:37:03]   Scanning NHL...
[2026-06-01 14:37:03]     Found 3 events
[2026-06-01 14:37:03] 
[2026-06-01 14:37:03]   Total qualifying markets: 0
[2026-06-01 14:37:03]   New (not yet bet): 0
[2026-06-01 14:37:03] 
[2026-06-01 14:37:03]   No new qualifying markets found.
[2026-06-01 14:42:00] =================================================================
[2026-06-01 14:42:00]   POLYMARKET — MULTI-TIER BOT
[2026-06-01 14:42:00]   Mode: LIVE | Sizing: 3% of bankroll
[2026-06-01 14:42:00]   Leagues: NBA, CBB, NHL
[2026-06-01 14:42:00]   Bet window: 2h before game start
[2026-06-01 14:42:00]   Sizing: 3% (NBA/CBB) | 2% (NHL/MLB/EPL/DOTA2)
[2026-06-01 14:42:00]   Tiers: T1=B fav 75-90% | T2=Coin flip fav | T6=Coin flip dog
[2026-06-01 14:42:00]          T3=CBB B dog 50-55% | T4=NBA 50/50
[2026-06-01 14:42:00]          T7=60%+ fav (DOTA2/EPL/MLB)
[2026-06-01 14:42:00] =================================================================
[2026-06-01 14:42:00] 
[2026-06-01 14:42:00] =================================================================
[2026-06-01 14:42:00]   SCANNING — HYBRID 5-TIER STRATEGY
[2026-06-01 14:42:00] =================================================================
[2026-06-01 14:42:01]   Balance: $173.55 | Buying Power: $173.55
[2026-06-01 14:42:01]   Bet size: $5.21 (3% proven) / $3.47 (2% new leagues)
[2026-06-01 14:42:01] 
[2026-06-01 14:42:01]   WARNING: Could not fetch positions: 404 Client Error: Not Found for url: https://api.polymarket.us/v1/positions?limit=200
[2026-06-01 14:42:01]   WARNING: Could not fetch open orders: 501 Server Error: Not Implemented for url: https://api.polymarket.us/v1/orders?status=live&limit=200
[2026-06-01 14:42:01]   Scanning NBA...
[2026-06-01 14:42:01]     Found 1 events
[2026-06-01 14:42:01]   Scanning CBB...
[2026-06-01 14:42:01]     Found 0 events
[2026-06-01 14:42:01]   Scanning NHL...
[2026-06-01 14:42:01]     Found 3 events
[2026-06-01 14:42:01] 
[2026-06-01 14:42:01]   Total qualifying markets: 0
[2026-06-01 14:42:01]   New (not yet bet): 0
[2026-06-01 14:42:01] 
[2026-06-01 14:42:01]   No new qualifying markets found.
[2026-06-01 14:47:03] =================================================================
[2026-06-01 14:47:03]   POLYMARKET — MULTI-TIER BOT
[2026-06-01 14:47:03]   Mode: LIVE | Sizing: 3% of bankroll
[2026-06-01 14:47:03]   Leagues: NBA, CBB, NHL
[2026-06-01 14:47:03]   Bet window: 2h before game start
[2026-06-01 14:47:03]   Sizing: 3% (NBA/CBB) | 2% (NHL/MLB/EPL/DOTA2)
[2026-06-01 14:47:03]   Tiers: T1=B fav 75-90% | T2=Coin flip fav | T6=Coin flip dog
[2026-06-01 14:47:03]          T3=CBB B dog 50-55% | T4=NBA 50/50
[2026-06-01 14:47:03]          T7=60%+ fav (DOTA2/EPL/MLB)
[2026-06-01 14:47:03] =================================================================
[2026-06-01 14:47:03] 
[2026-06-01 14:47:03] =================================================================
[2026-06-01 14:47:03]   SCANNING — HYBRID 5-TIER STRATEGY
[2026-06-01 14:47:03] =================================================================
[2026-06-01 14:47:03]   Balance: $173.55 | Buying Power: $173.55
[2026-06-01 14:47:03]   Bet size: $5.21 (3% proven) / $3.47 (2% new leagues)
[2026-06-01 14:47:03] 
[2026-06-01 14:47:03]   WARNING: Could not fetch positions: 404 Client Error: Not Found for url: https://api.polymarket.us/v1/positions?limit=200
[2026-06-01 14:47:03]   WARNING: Could not fetch open orders: 501 Server Error: Not Implemented for url: https://api.polymarket.us/v1/orders?status=live&limit=200
[2026-06-01 14:47:03]   Scanning NBA...
[2026-06-01 14:47:04]     Found 1 events
[2026-06-01 14:47:04]   Scanning CBB...
[2026-06-01 14:47:04]     Found 0 events
[2026-06-01 14:47:04]   Scanning NHL...
[2026-06-01 14:47:04]     Found 3 events
[2026-06-01 14:47:04] 
[2026-06-01 14:47:04]   Total qualifying markets: 0
[2026-06-01 14:47:04]   New (not yet bet): 0
[2026-06-01 14:47:04] 
[2026-06-01 14:47:04]   No new qualifying markets found.
[2026-06-01 14:52:04] =================================================================
[2026-06-01 14:52:04]   POLYMARKET — MULTI-TIER BOT
[2026-06-01 14:52:04]   Mode: LIVE | Sizing: 3% of bankroll
[2026-06-01 14:52:04]   Leagues: NBA, CBB, NHL
[2026-06-01 14:52:04]   Bet window: 2h before game start
[2026-06-01 14:52:04]   Sizing: 3% (NBA/CBB) | 2% (NHL/MLB/EPL/DOTA2)
[2026-06-01 14:52:04]   Tiers: T1=B fav 75-90% | T2=Coin flip fav | T6=Coin flip dog
[2026-06-01 14:52:04]          T3=CBB B dog 50-55% | T4=NBA 50/50
[2026-06-01 14:52:04]          T7=60%+ fav (DOTA2/EPL/MLB)
[2026-06-01 14:52:04] =================================================================
[2026-06-01 14:52:04] 
[2026-06-01 14:52:04] =================================================================
[2026-06-01 14:52:04]   SCANNING — HYBRID 5-TIER STRATEGY
[2026-06-01 14:52:04] =================================================================
[2026-06-01 14:52:05]   Balance: $173.55 | Buying Power: $173.55
[2026-06-01 14:52:05]   Bet size: $5.21 (3% proven) / $3.47 (2% new leagues)
[2026-06-01 14:52:05] 
[2026-06-01 14:52:05]   WARNING: Could not fetch positions: 404 Client Error: Not Found for url: https://api.polymarket.us/v1/positions?limit=200
[2026-06-01 14:52:05]   WARNING: Could not fetch open orders: 501 Server Error: Not Implemented for url: https://api.polymarket.us/v1/orders?status=live&limit=200
[2026-06-01 14:52:05]   Scanning NBA...
[2026-06-01 14:52:05]     Found 1 events
[2026-06-01 14:52:05]   Scanning CBB...
[2026-06-01 14:52:05]     Found 0 events
[2026-06-01 14:52:05]   Scanning NHL...
[2026-06-01 14:52:05]     Found 3 events
[2026-06-01 14:52:05] 
[2026-06-01 14:52:05]   Total qualifying markets: 0
[2026-06-01 14:52:05]   New (not yet bet): 0
[2026-06-01 14:52:05] 
[2026-06-01 14:52:05]   No new qualifying markets found.
[2026-06-01 14:57:17] =================================================================
[2026-06-01 14:57:17]   POLYMARKET — MULTI-TIER BOT
[2026-06-01 14:57:17]   Mode: LIVE | Sizing: 3% of bankroll
[2026-06-01 14:57:17]   Leagues: NBA, CBB, NHL
[2026-06-01 14:57:17]   Bet window: 2h before game start
[2026-06-01 14:57:17]   Sizing: 3% (NBA/CBB) | 2% (NHL/MLB/EPL/DOTA2)
[2026-06-01 14:57:17]   Tiers: T1=B fav 75-90% | T2=Coin flip fav | T6=Coin flip dog
[2026-06-01 14:57:17]          T3=CBB B dog 50-55% | T4=NBA 50/50
[2026-06-01 14:57:17]          T7=60%+ fav (DOTA2/EPL/MLB)
[2026-06-01 14:57:17] =================================================================
[2026-06-01 14:57:17] 
[2026-06-01 14:57:17] =================================================================
[2026-06-01 14:57:17]   SCANNING — HYBRID 5-TIER STRATEGY
[2026-06-01 14:57:17] =================================================================
[2026-06-01 14:57:18]   Balance: $173.55 | Buying Power: $173.55
[2026-06-01 14:57:18]   Bet size: $5.21 (3% proven) / $3.47 (2% new leagues)
[2026-06-01 14:57:18] 
[2026-06-01 14:57:18]   WARNING: Could not fetch positions: 404 Client Error: Not Found for url: https://api.polymarket.us/v1/positions?limit=200
[2026-06-01 14:57:18]   WARNING: Could not fetch open orders: 501 Server Error: Not Implemented for url: https://api.polymarket.us/v1/orders?status=live&limit=200
[2026-06-01 14:57:18]   Scanning NBA...
[2026-06-01 14:57:18]     Found 1 events
[2026-06-01 14:57:18]   Scanning CBB...
[2026-06-01 14:57:18]     Found 0 events
[2026-06-01 14:57:18]   Scanning NHL...
[2026-06-01 14:57:18]     Found 3 events
[2026-06-01 14:57:18] 
[2026-06-01 14:57:18]   Total qualifying markets: 0
[2026-06-01 14:57:18]   New (not yet bet): 0
[2026-06-01 14:57:18] 
[2026-06-01 14:57:18]   No new qualifying markets found.
[2026-06-01 15:02:08] =================================================================
[2026-06-01 15:02:08]   POLYMARKET — MULTI-TIER BOT
[2026-06-01 15:02:08]   Mode: LIVE | Sizing: 3% of bankroll
[2026-06-01 15:02:08]   Leagues: NBA, CBB, NHL
[2026-06-01 15:02:08]   Bet window: 2h before game start
[2026-06-01 15:02:08]   Sizing: 3% (NBA/CBB) | 2% (NHL/MLB/EPL/DOTA2)
[2026-06-01 15:02:08]   Tiers: T1=B fav 75-90% | T2=Coin flip fav | T6=Coin flip dog
[2026-06-01 15:02:08]          T3=CBB B dog 50-55% | T4=NBA 50/50
[2026-06-01 15:02:08]          T7=60%+ fav (DOTA2/EPL/MLB)
[2026-06-01 15:02:08] =================================================================
[2026-06-01 15:02:08] 
[2026-06-01 15:02:08] =================================================================
[2026-06-01 15:02:08]   SCANNING — HYBRID 5-TIER STRATEGY
[2026-06-01 15:02:08] =================================================================
[2026-06-01 15:02:08]   Balance: $173.55 | Buying Power: $173.55
[2026-06-01 15:02:08]   Bet size: $5.21 (3% proven) / $3.47 (2% new leagues)
[2026-06-01 15:02:08] 
[2026-06-01 15:02:09]   WARNING: Could not fetch positions: 404 Client Error: Not Found for url: https://api.polymarket.us/v1/positions?limit=200
[2026-06-01 15:02:09]   WARNING: Could not fetch open orders: 501 Server Error: Not Implemented for url: https://api.polymarket.us/v1/orders?status=live&limit=200
[2026-06-01 15:02:09]   Scanning NBA...
[2026-06-01 15:02:09]     Found 1 events
[2026-06-01 15:02:09]   Scanning CBB...
[2026-06-01 15:02:09]     Found 0 events
[2026-06-01 15:02:09]   Scanning NHL...
[2026-06-01 15:02:09]     Found 3 events
[2026-06-01 15:02:09] 
[2026-06-01 15:02:09]   Total qualifying markets: 0
[2026-06-01 15:02:09]   New (not yet bet): 0
[2026-06-01 15:02:09] 
[2026-06-01 15:02:09]   No new qualifying markets found.
[2026-06-01 15:07:49] =================================================================
[2026-06-01 15:07:49]   POLYMARKET — MULTI-TIER BOT
[2026-06-01 15:07:49]   Mode: LIVE | Sizing: 3% of bankroll
[2026-06-01 15:07:49]   Leagues: NBA, CBB, NHL
[2026-06-01 15:07:49]   Bet window: 2h before game start
[2026-06-01 15:07:49]   Sizing: 3% (NBA/CBB) | 2% (NHL/MLB/EPL/DOTA2)
[2026-06-01 15:07:49]   Tiers: T1=B fav 75-90% | T2=Coin flip fav | T6=Coin flip dog
[2026-06-01 15:07:49]          T3=CBB B dog 50-55% | T4=NBA 50/50
[2026-06-01 15:07:49]          T7=60%+ fav (DOTA2/EPL/MLB)
[2026-06-01 15:07:49] =================================================================
[2026-06-01 15:07:49] 
[2026-06-01 15:07:49] =================================================================
[2026-06-01 15:07:49]   SCANNING — HYBRID 5-TIER STRATEGY
[2026-06-01 15:07:49] =================================================================
[2026-06-01 15:07:49]   Balance: $173.55 | Buying Power: $173.55
[2026-06-01 15:07:49]   Bet size: $5.21 (3% proven) / $3.47 (2% new leagues)
[2026-06-01 15:07:49] 
[2026-06-01 15:07:49]   WARNING: Could not fetch positions: 404 Client Error: Not Found for url: https://api.polymarket.us/v1/positions?limit=200
[2026-06-01 15:07:49]   WARNING: Could not fetch open orders: 501 Server Error: Not Implemented for url: https://api.polymarket.us/v1/orders?status=live&limit=200
[2026-06-01 15:07:49]   Scanning NBA...
[2026-06-01 15:07:49]     Found 1 events
[2026-06-01 15:07:49]   Scanning CBB...
[2026-06-01 15:07:49]     Found 0 events
[2026-06-01 15:07:49]   Scanning NHL...
[2026-06-01 15:07:50]     Found 3 events
[2026-06-01 15:07:50] 
[2026-06-01 15:07:50]   Total qualifying markets: 0
[2026-06-01 15:07:50]   New (not yet bet): 0
[2026-06-01 15:07:50] 
[2026-06-01 15:07:50]   No new qualifying markets found.
[2026-06-01 15:12:18] =================================================================
[2026-06-01 15:12:18]   POLYMARKET — MULTI-TIER BOT
[2026-06-01 15:12:18]   Mode: LIVE | Sizing: 3% of bankroll
[2026-06-01 15:12:18]   Leagues: NBA, CBB, NHL
[2026-06-01 15:12:18]   Bet window: 2h before game start
[2026-06-01 15:12:18]   Sizing: 3% (NBA/CBB) | 2% (NHL/MLB/EPL/DOTA2)
[2026-06-01 15:12:18]   Tiers: T1=B fav 75-90% | T2=Coin flip fav | T6=Coin flip dog
[2026-06-01 15:12:18]          T3=CBB B dog 50-55% | T4=NBA 50/50
[2026-06-01 15:12:18]          T7=60%+ fav (DOTA2/EPL/MLB)
[2026-06-01 15:12:18] =================================================================
[2026-06-01 15:12:18] 
[2026-06-01 15:12:18] =================================================================
[2026-06-01 15:12:18]   SCANNING — HYBRID 5-TIER STRATEGY
[2026-06-01 15:12:18] =================================================================
[2026-06-01 15:12:18]   Balance: $173.55 | Buying Power: $173.55
[2026-06-01 15:12:18]   Bet size: $5.21 (3% proven) / $3.47 (2% new leagues)
[2026-06-01 15:12:18] 
[2026-06-01 15:12:18]   WARNING: Could not fetch positions: 404 Client Error: Not Found for url: https://api.polymarket.us/v1/positions?limit=200
[2026-06-01 15:12:18]   WARNING: Could not fetch open orders: 501 Server Error: Not Implemented for url: https://api.polymarket.us/v1/orders?status=live&limit=200
[2026-06-01 15:12:18]   Scanning NBA...
[2026-06-01 15:12:18]     Found 1 events
[2026-06-01 15:12:18]   Scanning CBB...
[2026-06-01 15:12:18]     Found 0 events
[2026-06-01 15:12:18]   Scanning NHL...
[2026-06-01 15:12:18]     Found 3 events
[2026-06-01 15:12:18] 
[2026-06-01 15:12:18]   Total qualifying markets: 0
[2026-06-01 15:12:18]   New (not yet bet): 0
[2026-06-01 15:12:18] 
[2026-06-01 15:12:18]   No new qualifying markets found.
[2026-06-01 15:17:21] =================================================================
[2026-06-01 15:17:21]   POLYMARKET — MULTI-TIER BOT
[2026-06-01 15:17:21]   Mode: LIVE | Sizing: 3% of bankroll
[2026-06-01 15:17:21]   Leagues: NBA, CBB, NHL
[2026-06-01 15:17:21]   Bet window: 2h before game start
[2026-06-01 15:17:21]   Sizing: 3% (NBA/CBB) | 2% (NHL/MLB/EPL/DOTA2)
[2026-06-01 15:17:21]   Tiers: T1=B fav 75-90% | T2=Coin flip fav | T6=Coin flip dog
[2026-06-01 15:17:21]          T3=CBB B dog 50-55% | T4=NBA 50/50
[2026-06-01 15:17:21]          T7=60%+ fav (DOTA2/EPL/MLB)
[2026-06-01 15:17:21] =================================================================
[2026-06-01 15:17:21] 
[2026-06-01 15:17:21] =================================================================
[2026-06-01 15:17:21]   SCANNING — HYBRID 5-TIER STRATEGY
[2026-06-01 15:17:21] =================================================================
[2026-06-01 15:17:21]   Balance: $173.55 | Buying Power: $173.55
[2026-06-01 15:17:21]   Bet size: $5.21 (3% proven) / $3.47 (2% new leagues)
[2026-06-01 15:17:21] 
[2026-06-01 15:17:21]   WARNING: Could not fetch positions: 404 Client Error: Not Found for url: https://api.polymarket.us/v1/positions?limit=200
[2026-06-01 15:17:22]   WARNING: Could not fetch open orders: 501 Server Error: Not Implemented for url: https://api.polymarket.us/v1/orders?status=live&limit=200
[2026-06-01 15:17:22]   Scanning NBA...
[2026-06-01 15:17:22]     Found 1 events
[2026-06-01 15:17:22]   Scanning CBB...
[2026-06-01 15:17:22]   ERROR fetching cbb events: 500 Server Error: Internal Server Error for url: https://gateway.polymarket.us/v2/leagues/cbb/events?limit=50&type=sport
[2026-06-01 15:17:22]     Found 0 events
[2026-06-01 15:17:22]   Scanning NHL...
[2026-06-01 15:17:41]     Found 3 events
[2026-06-01 15:17:41] 
[2026-06-01 15:17:41]   Total qualifying markets: 0
[2026-06-01 15:17:41]   New (not yet bet): 0
[2026-06-01 15:17:41] 
[2026-06-01 15:17:41]   No new qualifying markets found.
[2026-06-01 15:22:19] =================================================================
[2026-06-01 15:22:19]   POLYMARKET — MULTI-TIER BOT
[2026-06-01 15:22:19]   Mode: LIVE | Sizing: 3% of bankroll
[2026-06-01 15:22:19]   Leagues: NBA, CBB, NHL
[2026-06-01 15:22:19]   Bet window: 2h before game start
[2026-06-01 15:22:19]   Sizing: 3% (NBA/CBB) | 2% (NHL/MLB/EPL/DOTA2)
[2026-06-01 15:22:19]   Tiers: T1=B fav 75-90% | T2=Coin flip fav | T6=Coin flip dog
[2026-06-01 15:22:19]          T3=CBB B dog 50-55% | T4=NBA 50/50
[2026-06-01 15:22:19]          T7=60%+ fav (DOTA2/EPL/MLB)
[2026-06-01 15:22:19] =================================================================
[2026-06-01 15:22:19] 
[2026-06-01 15:22:19] =================================================================
[2026-06-01 15:22:19]   SCANNING — HYBRID 5-TIER STRATEGY
[2026-06-01 15:22:19] =================================================================
[2026-06-01 15:22:19]   Balance: $173.55 | Buying Power: $173.55
[2026-06-01 15:22:19]   Bet size: $5.21 (3% proven) / $3.47 (2% new leagues)
[2026-06-01 15:22:19] 
[2026-06-01 15:22:19]   WARNING: Could not fetch positions: 404 Client Error: Not Found for url: https://api.polymarket.us/v1/positions?limit=200
[2026-06-01 15:22:19]   WARNING: Could not fetch open orders: 501 Server Error: Not Implemented for url: https://api.polymarket.us/v1/orders?status=live&limit=200
[2026-06-01 15:22:19]   Scanning NBA...
[2026-06-01 15:22:19]     Found 1 events
[2026-06-01 15:22:19]   Scanning CBB...
[2026-06-01 15:22:19]     Found 0 events
[2026-06-01 15:22:19]   Scanning NHL...
[2026-06-01 15:22:19]     Found 3 events
[2026-06-01 15:22:19] 
[2026-06-01 15:22:19]   Total qualifying markets: 0
[2026-06-01 15:22:19]   New (not yet bet): 0
[2026-06-01 15:22:19] 
[2026-06-01 15:22:19]   No new qualifying markets found.
[2026-06-01 15:27:23] =================================================================
[2026-06-01 15:27:23]   POLYMARKET — MULTI-TIER BOT
[2026-06-01 15:27:23]   Mode: LIVE | Sizing: 3% of bankroll
[2026-06-01 15:27:23]   Leagues: NBA, CBB, NHL
[2026-06-01 15:27:23]   Bet window: 2h before game start
[2026-06-01 15:27:23]   Sizing: 3% (NBA/CBB) | 2% (NHL/MLB/EPL/DOTA2)
[2026-06-01 15:27:23]   Tiers: T1=B fav 75-90% | T2=Coin flip fav | T6=Coin flip dog
[2026-06-01 15:27:23]          T3=CBB B dog 50-55% | T4=NBA 50/50
[2026-06-01 15:27:23]          T7=60%+ fav (DOTA2/EPL/MLB)
[2026-06-01 15:27:23] =================================================================
[2026-06-01 15:27:23] 
[2026-06-01 15:27:23] =================================================================
[2026-06-01 15:27:23]   SCANNING — HYBRID 5-TIER STRATEGY
[2026-06-01 15:27:23] =================================================================
[2026-06-01 15:27:23]   Balance: $173.55 | Buying Power: $173.55
[2026-06-01 15:27:23]   Bet size: $5.21 (3% proven) / $3.47 (2% new leagues)
[2026-06-01 15:27:23] 
[2026-06-01 15:27:23]   WARNING: Could not fetch positions: 404 Client Error: Not Found for url: https://api.polymarket.us/v1/positions?limit=200
[2026-06-01 15:27:23]   WARNING: Could not fetch open orders: 501 Server Error: Not Implemented for url: https://api.polymarket.us/v1/orders?status=live&limit=200
[2026-06-01 15:27:23]   Scanning NBA...
[2026-06-01 15:27:23]     Found 1 events
[2026-06-01 15:27:23]   Scanning CBB...
[2026-06-01 15:27:23]     Found 0 events
[2026-06-01 15:27:23]   Scanning NHL...
[2026-06-01 15:27:23]     Found 3 events
[2026-06-01 15:27:23] 
[2026-06-01 15:27:23]   Total qualifying markets: 0
[2026-06-01 15:27:23]   New (not yet bet): 0
[2026-06-01 15:27:23] 
[2026-06-01 15:27:23]   No new qualifying markets found.
[2026-06-01 15:32:25] =================================================================
[2026-06-01 15:32:25]   POLYMARKET — MULTI-TIER BOT
[2026-06-01 15:32:25]   Mode: LIVE | Sizing: 3% of bankroll
[2026-06-01 15:32:25]   Leagues: NBA, CBB, NHL
[2026-06-01 15:32:25]   Bet window: 2h before game start
[2026-06-01 15:32:25]   Sizing: 3% (NBA/CBB) | 2% (NHL/MLB/EPL/DOTA2)
[2026-06-01 15:32:25]   Tiers: T1=B fav 75-90% | T2=Coin flip fav | T6=Coin flip dog
[2026-06-01 15:32:25]          T3=CBB B dog 50-55% | T4=NBA 50/50
[2026-06-01 15:32:25]          T7=60%+ fav (DOTA2/EPL/MLB)
[2026-06-01 15:32:25] =================================================================
[2026-06-01 15:32:25] 
[2026-06-01 15:32:25] =================================================================
[2026-06-01 15:32:25]   SCANNING — HYBRID 5-TIER STRATEGY
[2026-06-01 15:32:25] =================================================================
[2026-06-01 15:32:25]   Balance: $173.55 | Buying Power: $173.55
[2026-06-01 15:32:25]   Bet size: $5.21 (3% proven) / $3.47 (2% new leagues)
[2026-06-01 15:32:25] 
[2026-06-01 15:32:25]   WARNING: Could not fetch positions: 404 Client Error: Not Found for url: https://api.polymarket.us/v1/positions?limit=200
[2026-06-01 15:32:25]   WARNING: Could not fetch open orders: 501 Server Error: Not Implemented for url: https://api.polymarket.us/v1/orders?status=live&limit=200
[2026-06-01 15:32:25]   Scanning NBA...
[2026-06-01 15:32:25]     Found 1 events
[2026-06-01 15:32:25]   Scanning CBB...
[2026-06-01 15:32:25]     Found 0 events
[2026-06-01 15:32:25]   Scanning NHL...
[2026-06-01 15:32:25]     Found 3 events
[2026-06-01 15:32:26] 
[2026-06-01 15:32:26]   Total qualifying markets: 0
[2026-06-01 15:32:26]   New (not yet bet): 0
[2026-06-01 15:32:26] 
[2026-06-01 15:32:26]   No new qualifying markets found.
[2026-06-01 15:37:26] =================================================================
[2026-06-01 15:37:26]   POLYMARKET — MULTI-TIER BOT
[2026-06-01 15:37:26]   Mode: LIVE | Sizing: 3% of bankroll
[2026-06-01 15:37:26]   Leagues: NBA, CBB, NHL
[2026-06-01 15:37:26]   Bet window: 2h before game start
[2026-06-01 15:37:26]   Sizing: 3% (NBA/CBB) | 2% (NHL/MLB/EPL/DOTA2)
[2026-06-01 15:37:26]   Tiers: T1=B fav 75-90% | T2=Coin flip fav | T6=Coin flip dog
[2026-06-01 15:37:26]          T3=CBB B dog 50-55% | T4=NBA 50/50
[2026-06-01 15:37:26]          T7=60%+ fav (DOTA2/EPL/MLB)
[2026-06-01 15:37:26] =================================================================
[2026-06-01 15:37:26] 
[2026-06-01 15:37:26] =================================================================
[2026-06-01 15:37:26]   SCANNING — HYBRID 5-TIER STRATEGY
[2026-06-01 15:37:26] =================================================================
[2026-06-01 15:37:26]   Balance: $173.55 | Buying Power: $173.55
[2026-06-01 15:37:26]   Bet size: $5.21 (3% proven) / $3.47 (2% new leagues)
[2026-06-01 15:37:26] 
[2026-06-01 15:37:26]   WARNING: Could not fetch positions: 404 Client Error: Not Found for url: https://api.polymarket.us/v1/positions?limit=200
[2026-06-01 15:37:26]   WARNING: Could not fetch open orders: 501 Server Error: Not Implemented for url: https://api.polymarket.us/v1/orders?status=live&limit=200
[2026-06-01 15:37:26]   Scanning NBA...
[2026-06-01 15:37:26]     Found 1 events
[2026-06-01 15:37:26]   Scanning CBB...
[2026-06-01 15:37:26]     Found 0 events
[2026-06-01 15:37:26]   Scanning NHL...
[2026-06-01 15:37:27]     Found 3 events
[2026-06-01 15:37:27] 
[2026-06-01 15:37:27]   Total qualifying markets: 0
[2026-06-01 15:37:27]   New (not yet bet): 0
[2026-06-01 15:37:27] 
[2026-06-01 15:37:27]   No new qualifying markets found.
[2026-06-01 15:42:29] =================================================================
[2026-06-01 15:42:29]   POLYMARKET — MULTI-TIER BOT
[2026-06-01 15:42:29]   Mode: LIVE | Sizing: 3% of bankroll
[2026-06-01 15:42:29]   Leagues: NBA, CBB, NHL
[2026-06-01 15:42:29]   Bet window: 2h before game start
[2026-06-01 15:42:29]   Sizing: 3% (NBA/CBB) | 2% (NHL/MLB/EPL/DOTA2)
[2026-06-01 15:42:29]   Tiers: T1=B fav 75-90% | T2=Coin flip fav | T6=Coin flip dog
[2026-06-01 15:42:29]          T3=CBB B dog 50-55% | T4=NBA 50/50
[2026-06-01 15:42:29]          T7=60%+ fav (DOTA2/EPL/MLB)
[2026-06-01 15:42:29] =================================================================
[2026-06-01 15:42:29] 
[2026-06-01 15:42:29] =================================================================
[2026-06-01 15:42:29]   SCANNING — HYBRID 5-TIER STRATEGY
[2026-06-01 15:42:29] =================================================================
[2026-06-01 15:42:29]   Balance: $173.55 | Buying Power: $173.55
[2026-06-01 15:42:29]   Bet size: $5.21 (3% proven) / $3.47 (2% new leagues)
[2026-06-01 15:42:29] 
[2026-06-01 15:42:29]   WARNING: Could not fetch positions: 404 Client Error: Not Found for url: https://api.polymarket.us/v1/positions?limit=200
[2026-06-01 15:42:29]   WARNING: Could not fetch open orders: 501 Server Error: Not Implemented for url: https://api.polymarket.us/v1/orders?status=live&limit=200
[2026-06-01 15:42:29]   Scanning NBA...
[2026-06-01 15:42:29]     Found 1 events
[2026-06-01 15:42:29]   Scanning CBB...
[2026-06-01 15:42:29]     Found 0 events
[2026-06-01 15:42:29]   Scanning NHL...
[2026-06-01 15:42:29]     Found 3 events
[2026-06-01 15:42:29] 
[2026-06-01 15:42:29]   Total qualifying markets: 0
[2026-06-01 15:42:29]   New (not yet bet): 0
[2026-06-01 15:42:29] 
[2026-06-01 15:42:29]   No new qualifying markets found.
[2026-06-01 15:46:44] =================================================================
[2026-06-01 15:46:44]   POLYMARKET — MULTI-TIER BOT
[2026-06-01 15:46:44]   Mode: LIVE | Sizing: 3% of bankroll
[2026-06-01 15:46:44]   Leagues: NBA, CBB, NHL
[2026-06-01 15:46:44]   Bet window: 2h before game start
[2026-06-01 15:46:44]   Sizing: 3% (NBA/CBB) | 2% (NHL/MLB/EPL/DOTA2)
[2026-06-01 15:46:44]   Tiers: T1=B fav 75-90% | T2=Coin flip fav | T6=Coin flip dog
[2026-06-01 15:46:44]          T3=CBB B dog 50-55% | T4=NBA 50/50
[2026-06-01 15:46:44]          T7=60%+ fav (DOTA2/EPL/MLB)
[2026-06-01 15:46:44] =================================================================
[2026-06-01 15:46:44] 
[2026-06-01 15:46:44] =================================================================
[2026-06-01 15:46:44]   SCANNING — HYBRID 5-TIER STRATEGY
[2026-06-01 15:46:44] =================================================================
[2026-06-01 15:46:44]   Balance: $173.55 | Buying Power: $173.55
[2026-06-01 15:46:44]   Bet size: $5.21 (3% proven) / $3.47 (2% new leagues)
[2026-06-01 15:46:44] 
[2026-06-01 15:46:44]   WARNING: Could not fetch positions: 404 Client Error: Not Found for url: https://api.polymarket.us/v1/positions?limit=200
[2026-06-01 15:46:44]   WARNING: Could not fetch open orders: 501 Server Error: Not Implemented for url: https://api.polymarket.us/v1/orders?status=live&limit=200
[2026-06-01 15:46:44]   Scanning NBA...
[2026-06-01 15:46:44]     Found 1 events
[2026-06-01 15:46:44]   Scanning CBB...
[2026-06-01 15:46:44]     Found 0 events
[2026-06-01 15:46:44]   Scanning NHL...
[2026-06-01 15:46:44]     Found 3 events
[2026-06-01 15:46:45] 
[2026-06-01 15:46:45]   Total qualifying markets: 0
[2026-06-01 15:46:45]   New (not yet bet): 0
[2026-06-01 15:46:45] 
[2026-06-01 15:46:45]   No new qualifying markets found.
[2026-06-01 15:47:30] =================================================================
[2026-06-01 15:47:30]   POLYMARKET — MULTI-TIER BOT
[2026-06-01 15:47:30]   Mode: LIVE | Sizing: 3% of bankroll
[2026-06-01 15:47:30]   Leagues: NBA, CBB, NHL
[2026-06-01 15:47:30]   Bet window: 2h before game start
[2026-06-01 15:47:30]   Sizing: 3% (NBA/CBB) | 2% (NHL/MLB/EPL/DOTA2)
[2026-06-01 15:47:30]   Tiers: T1=B fav 75-90% | T2=Coin flip fav | T6=Coin flip dog
[2026-06-01 15:47:30]          T3=CBB B dog 50-55% | T4=NBA 50/50
[2026-06-01 15:47:30]          T7=60%+ fav (DOTA2/EPL/MLB)
[2026-06-01 15:47:30] =================================================================
[2026-06-01 15:47:30] 
[2026-06-01 15:47:30] =================================================================
[2026-06-01 15:47:30]   SCANNING — HYBRID 5-TIER STRATEGY
[2026-06-01 15:47:30] =================================================================
[2026-06-01 15:47:30]   Balance: $173.55 | Buying Power: $173.55
[2026-06-01 15:47:30]   Bet size: $5.21 (3% proven) / $3.47 (2% new leagues)
[2026-06-01 15:47:30] 
[2026-06-01 15:47:30]   WARNING: Could not fetch positions: 404 Client Error: Not Found for url: https://api.polymarket.us/v1/positions?limit=200
[2026-06-01 15:47:30]   WARNING: Could not fetch open orders: 501 Server Error: Not Implemented for url: https://api.polymarket.us/v1/orders?status=live&limit=200
[2026-06-01 15:47:30]   Scanning NBA...
[2026-06-01 15:47:30]     Found 1 events
[2026-06-01 15:47:31]   Scanning CBB...
[2026-06-01 15:47:31]     Found 0 events
[2026-06-01 15:47:31]   Scanning NHL...
[2026-06-01 15:47:31]     Found 3 events
[2026-06-01 15:47:31] 
[2026-06-01 15:47:31]   Total qualifying markets: 0
[2026-06-01 15:47:31]   New (not yet bet): 0
[2026-06-01 15:47:31] 
[2026-06-01 15:47:31]   No new qualifying markets found.
[2026-06-01 15:52:47] =================================================================
[2026-06-01 15:52:47]   POLYMARKET — MULTI-TIER BOT
[2026-06-01 15:52:47]   Mode: LIVE | Sizing: 3% of bankroll
[2026-06-01 15:52:47]   Leagues: NBA, CBB, NHL
[2026-06-01 15:52:47]   Bet window: 2h before game start
[2026-06-01 15:52:47]   Sizing: 3% (NBA/CBB) | 2% (NHL/MLB/EPL/DOTA2)
[2026-06-01 15:52:47]   Tiers: T1=B fav 75-90% | T2=Coin flip fav | T6=Coin flip dog
[2026-06-01 15:52:47]          T3=CBB B dog 50-55% | T4=NBA 50/50
[2026-06-01 15:52:47]          T7=60%+ fav (DOTA2/EPL/MLB)
[2026-06-01 15:52:47] =================================================================
[2026-06-01 15:52:47] 
[2026-06-01 15:52:47] =================================================================
[2026-06-01 15:52:47]   SCANNING — HYBRID 5-TIER STRATEGY
[2026-06-01 15:52:47] =================================================================
[2026-06-01 15:52:47]   Balance: $173.55 | Buying Power: $173.55
[2026-06-01 15:52:47]   Bet size: $5.21 (3% proven) / $3.47 (2% new leagues)
[2026-06-01 15:52:47] 
[2026-06-01 15:52:47]   WARNING: Could not fetch positions: 404 Client Error: Not Found for url: https://api.polymarket.us/v1/positions?limit=200
[2026-06-01 15:52:47]   WARNING: Could not fetch open orders: 501 Server Error: Not Implemented for url: https://api.polymarket.us/v1/orders?status=live&limit=200
[2026-06-01 15:52:47]   Scanning NBA...
[2026-06-01 15:52:47]     Found 1 events
[2026-06-01 15:52:47]   Scanning CBB...
[2026-06-01 15:52:47]     Found 0 events
[2026-06-01 15:52:47]   Scanning NHL...
[2026-06-01 15:52:47]     Found 3 events
[2026-06-01 15:52:48] 
[2026-06-01 15:52:48]   Total qualifying markets: 0
[2026-06-01 15:52:48]   New (not yet bet): 0
[2026-06-01 15:52:48] 
[2026-06-01 15:52:48]   No new qualifying markets found.
[2026-06-01 15:57:52] =================================================================
[2026-06-01 15:57:52]   POLYMARKET — MULTI-TIER BOT
[2026-06-01 15:57:52]   Mode: LIVE | Sizing: 3% of bankroll
[2026-06-01 15:57:52]   Leagues: NBA, CBB, NHL
[2026-06-01 15:57:52]   Bet window: 2h before game start
[2026-06-01 15:57:52]   Sizing: 3% (NBA/CBB) | 2% (NHL/MLB/EPL/DOTA2)
[2026-06-01 15:57:52]   Tiers: T1=B fav 75-90% | T2=Coin flip fav | T6=Coin flip dog
[2026-06-01 15:57:52]          T3=CBB B dog 50-55% | T4=NBA 50/50
[2026-06-01 15:57:52]          T7=60%+ fav (DOTA2/EPL/MLB)
[2026-06-01 15:57:52] =================================================================
[2026-06-01 15:57:52] 
[2026-06-01 15:57:52] =================================================================
[2026-06-01 15:57:52]   SCANNING — HYBRID 5-TIER STRATEGY
[2026-06-01 15:57:52] =================================================================
[2026-06-01 15:57:52]   Balance: $173.55 | Buying Power: $173.55
[2026-06-01 15:57:52]   Bet size: $5.21 (3% proven) / $3.47 (2% new leagues)
[2026-06-01 15:57:52] 
[2026-06-01 15:57:52]   WARNING: Could not fetch positions: 404 Client Error: Not Found for url: https://api.polymarket.us/v1/positions?limit=200
[2026-06-01 15:57:52]   WARNING: Could not fetch open orders: 501 Server Error: Not Implemented for url: https://api.polymarket.us/v1/orders?status=live&limit=200
[2026-06-01 15:57:52]   Scanning NBA...
[2026-06-01 15:57:53]     Found 1 events
[2026-06-01 15:57:53]   Scanning CBB...
[2026-06-01 15:57:53]     Found 0 events
[2026-06-01 15:57:53]   Scanning NHL...
[2026-06-01 15:57:53]     Found 3 events
[2026-06-01 15:57:53] 
[2026-06-01 15:57:53]   Total qualifying markets: 0
[2026-06-01 15:57:53]   New (not yet bet): 0
[2026-06-01 15:57:53] 
[2026-06-01 15:57:53]   No new qualifying markets found.
[2026-06-01 16:02:37] =================================================================
[2026-06-01 16:02:37]   POLYMARKET — MULTI-TIER BOT
[2026-06-01 16:02:37]   Mode: LIVE | Sizing: 3% of bankroll
[2026-06-01 16:02:37]   Leagues: NBA, CBB, NHL
[2026-06-01 16:02:37]   Bet window: 2h before game start
[2026-06-01 16:02:37]   Sizing: 3% (NBA/CBB) | 2% (NHL/MLB/EPL/DOTA2)
[2026-06-01 16:02:37]   Tiers: T1=B fav 75-90% | T2=Coin flip fav | T6=Coin flip dog
[2026-06-01 16:02:37]          T3=CBB B dog 50-55% | T4=NBA 50/50
[2026-06-01 16:02:37]          T7=60%+ fav (DOTA2/EPL/MLB)
[2026-06-01 16:02:37] =================================================================
[2026-06-01 16:02:37] 
[2026-06-01 16:02:37] =================================================================
[2026-06-01 16:02:37]   SCANNING — HYBRID 5-TIER STRATEGY
[2026-06-01 16:02:37] =================================================================
[2026-06-01 16:02:38]   Balance: $173.55 | Buying Power: $173.55
[2026-06-01 16:02:38]   Bet size: $5.21 (3% proven) / $3.47 (2% new leagues)
[2026-06-01 16:02:38] 
[2026-06-01 16:02:38]   WARNING: Could not fetch positions: 404 Client Error: Not Found for url: https://api.polymarket.us/v1/positions?limit=200
[2026-06-01 16:02:38]   WARNING: Could not fetch open orders: 501 Server Error: Not Implemented for url: https://api.polymarket.us/v1/orders?status=live&limit=200
[2026-06-01 16:02:38]   Scanning NBA...
[2026-06-01 16:02:38]     Found 1 events
[2026-06-01 16:02:38]   Scanning CBB...
[2026-06-01 16:02:38]     Found 0 events
[2026-06-01 16:02:38]   Scanning NHL...
[2026-06-01 16:02:38]     Found 3 events
[2026-06-01 16:02:38] 
[2026-06-01 16:02:38]   Total qualifying markets: 0
[2026-06-01 16:02:38]   New (not yet bet): 0
[2026-06-01 16:02:38] 
[2026-06-01 16:02:38]   No new qualifying markets found.
[2026-06-01 16:07:40] =================================================================
[2026-06-01 16:07:40]   POLYMARKET — MULTI-TIER BOT
[2026-06-01 16:07:40]   Mode: LIVE | Sizing: 3% of bankroll
[2026-06-01 16:07:40]   Leagues: NBA, CBB, NHL
[2026-06-01 16:07:40]   Bet window: 2h before game start
[2026-06-01 16:07:40]   Sizing: 3% (NBA/CBB) | 2% (NHL/MLB/EPL/DOTA2)
[2026-06-01 16:07:40]   Tiers: T1=B fav 75-90% | T2=Coin flip fav | T6=Coin flip dog
[2026-06-01 16:07:40]          T3=CBB B dog 50-55% | T4=NBA 50/50
[2026-06-01 16:07:40]          T7=60%+ fav (DOTA2/EPL/MLB)
[2026-06-01 16:07:40] =================================================================
[2026-06-01 16:07:40] 
[2026-06-01 16:07:40] =================================================================
[2026-06-01 16:07:40]   SCANNING — HYBRID 5-TIER STRATEGY
[2026-06-01 16:07:40] =================================================================
[2026-06-01 16:07:42]   Balance: $173.55 | Buying Power: $173.55
[2026-06-01 16:07:42]   Bet size: $5.21 (3% proven) / $3.47 (2% new leagues)
[2026-06-01 16:07:42] 
[2026-06-01 16:07:43]   WARNING: Could not fetch positions: 404 Client Error: Not Found for url: https://api.polymarket.us/v1/positions?limit=200
[2026-06-01 16:07:43]   WARNING: Could not fetch open orders: 501 Server Error: Not Implemented for url: https://api.polymarket.us/v1/orders?status=live&limit=200
[2026-06-01 16:07:43]   Scanning NBA...
[2026-06-01 16:07:43]     Found 1 events
[2026-06-01 16:07:43]   Scanning CBB...
[2026-06-01 16:07:43]     Found 0 events
[2026-06-01 16:07:43]   Scanning NHL...
[2026-06-01 16:07:44]     Found 3 events
[2026-06-01 16:07:44] 
[2026-06-01 16:07:44]   Total qualifying markets: 0
[2026-06-01 16:07:44]   New (not yet bet): 0
[2026-06-01 16:07:44] 
[2026-06-01 16:07:44]   No new qualifying markets found.
[2026-06-01 16:12:45] =================================================================
[2026-06-01 16:12:45]   POLYMARKET — MULTI-TIER BOT
[2026-06-01 16:12:45]   Mode: LIVE | Sizing: 3% of bankroll
[2026-06-01 16:12:45]   Leagues: NBA, CBB, NHL
[2026-06-01 16:12:45]   Bet window: 2h before game start
[2026-06-01 16:12:45]   Sizing: 3% (NBA/CBB) | 2% (NHL/MLB/EPL/DOTA2)
[2026-06-01 16:12:45]   Tiers: T1=B fav 75-90% | T2=Coin flip fav | T6=Coin flip dog
[2026-06-01 16:12:45]          T3=CBB B dog 50-55% | T4=NBA 50/50
[2026-06-01 16:12:45]          T7=60%+ fav (DOTA2/EPL/MLB)
[2026-06-01 16:12:45] =================================================================
[2026-06-01 16:12:45] 
[2026-06-01 16:12:45] =================================================================
[2026-06-01 16:12:45]   SCANNING — HYBRID 5-TIER STRATEGY
[2026-06-01 16:12:45] =================================================================
[2026-06-01 16:12:45]   Balance: $173.55 | Buying Power: $173.55
[2026-06-01 16:12:45]   Bet size: $5.21 (3% proven) / $3.47 (2% new leagues)
[2026-06-01 16:12:45] 
[2026-06-01 16:12:45]   WARNING: Could not fetch positions: 404 Client Error: Not Found for url: https://api.polymarket.us/v1/positions?limit=200
[2026-06-01 16:12:45]   WARNING: Could not fetch open orders: 501 Server Error: Not Implemented for url: https://api.polymarket.us/v1/orders?status=live&limit=200
[2026-06-01 16:12:45]   Scanning NBA...
[2026-06-01 16:12:45]     Found 1 events
[2026-06-01 16:12:45]   Scanning CBB...
[2026-06-01 16:12:45]     Found 0 events
[2026-06-01 16:12:45]   Scanning NHL...
[2026-06-01 16:12:45]     Found 3 events
[2026-06-01 16:12:45] 
[2026-06-01 16:12:45]   Total qualifying markets: 0
[2026-06-01 16:12:45]   New (not yet bet): 0
[2026-06-01 16:12:45] 
[2026-06-01 16:12:45]   No new qualifying markets found.
[2026-06-01 16:17:46] =================================================================
[2026-06-01 16:17:46]   POLYMARKET — MULTI-TIER BOT
[2026-06-01 16:17:46]   Mode: LIVE | Sizing: 3% of bankroll
[2026-06-01 16:17:46]   Leagues: NBA, CBB, NHL
[2026-06-01 16:17:46]   Bet window: 2h before game start
[2026-06-01 16:17:46]   Sizing: 3% (NBA/CBB) | 2% (NHL/MLB/EPL/DOTA2)
[2026-06-01 16:17:46]   Tiers: T1=B fav 75-90% | T2=Coin flip fav | T6=Coin flip dog
[2026-06-01 16:17:46]          T3=CBB B dog 50-55% | T4=NBA 50/50
[2026-06-01 16:17:46]          T7=60%+ fav (DOTA2/EPL/MLB)
[2026-06-01 16:17:46] =================================================================
[2026-06-01 16:17:46] 
[2026-06-01 16:17:46] =================================================================
[2026-06-01 16:17:46]   SCANNING — HYBRID 5-TIER STRATEGY
[2026-06-01 16:17:46] =================================================================
[2026-06-01 16:17:46]   Balance: $173.55 | Buying Power: $173.55
[2026-06-01 16:17:46]   Bet size: $5.21 (3% proven) / $3.47 (2% new leagues)
[2026-06-01 16:17:46] 
[2026-06-01 16:17:46]   WARNING: Could not fetch positions: 404 Client Error: Not Found for url: https://api.polymarket.us/v1/positions?limit=200
[2026-06-01 16:17:46]   WARNING: Could not fetch open orders: 501 Server Error: Not Implemented for url: https://api.polymarket.us/v1/orders?status=live&limit=200
[2026-06-01 16:17:46]   Scanning NBA...
[2026-06-01 16:17:46]     Found 1 events
[2026-06-01 16:17:46]   Scanning CBB...
[2026-06-01 16:17:46]     Found 0 events
[2026-06-01 16:17:46]   Scanning NHL...
[2026-06-01 16:17:46]     Found 3 events
[2026-06-01 16:17:46] 
[2026-06-01 16:17:46]   Total qualifying markets: 0
[2026-06-01 16:17:46]   New (not yet bet): 0
[2026-06-01 16:17:46] 
[2026-06-01 16:17:46]   No new qualifying markets found.
[2026-06-01 16:22:50] =================================================================
[2026-06-01 16:22:50]   POLYMARKET — MULTI-TIER BOT
[2026-06-01 16:22:50]   Mode: LIVE | Sizing: 3% of bankroll
[2026-06-01 16:22:50]   Leagues: NBA, CBB, NHL
[2026-06-01 16:22:50]   Bet window: 2h before game start
[2026-06-01 16:22:50]   Sizing: 3% (NBA/CBB) | 2% (NHL/MLB/EPL/DOTA2)
[2026-06-01 16:22:50]   Tiers: T1=B fav 75-90% | T2=Coin flip fav | T6=Coin flip dog
[2026-06-01 16:22:50]          T3=CBB B dog 50-55% | T4=NBA 50/50
[2026-06-01 16:22:50]          T7=60%+ fav (DOTA2/EPL/MLB)
[2026-06-01 16:22:50] =================================================================
[2026-06-01 16:22:50] 
[2026-06-01 16:22:50] =================================================================
[2026-06-01 16:22:50]   SCANNING — HYBRID 5-TIER STRATEGY
[2026-06-01 16:22:50] =================================================================
[2026-06-01 16:22:51]   Balance: $173.55 | Buying Power: $173.55
[2026-06-01 16:22:51]   Bet size: $5.21 (3% proven) / $3.47 (2% new leagues)
[2026-06-01 16:22:51] 
[2026-06-01 16:22:51]   WARNING: Could not fetch positions: 404 Client Error: Not Found for url: https://api.polymarket.us/v1/positions?limit=200
[2026-06-01 16:22:51]   WARNING: Could not fetch open orders: 501 Server Error: Not Implemented for url: https://api.polymarket.us/v1/orders?status=live&limit=200
[2026-06-01 16:22:51]   Scanning NBA...
[2026-06-01 16:22:51]     Found 1 events
[2026-06-01 16:22:51]   Scanning CBB...
[2026-06-01 16:22:51]     Found 0 events
[2026-06-01 16:22:51]   Scanning NHL...
[2026-06-01 16:22:51]     Found 3 events
[2026-06-01 16:22:51] 
[2026-06-01 16:22:51]   Total qualifying markets: 0
[2026-06-01 16:22:51]   New (not yet bet): 0
[2026-06-01 16:22:51] 
[2026-06-01 16:22:51]   No new qualifying markets found.
[2026-06-01 16:37:19] =================================================================
[2026-06-01 16:37:19]   POLYMARKET — MULTI-TIER BOT
[2026-06-01 16:37:19]   Mode: LIVE | Sizing: 3% of bankroll
[2026-06-01 16:37:19]   Leagues: NBA, CBB, NHL
[2026-06-01 16:37:19]   Bet window: 2h before game start
[2026-06-01 16:37:19]   Sizing: 3% (NBA/CBB) | 2% (NHL/MLB/EPL/DOTA2)
[2026-06-01 16:37:19]   Tiers: T1=B fav 75-90% | T2=Coin flip fav | T6=Coin flip dog
[2026-06-01 16:37:19]          T3=CBB B dog 50-55% | T4=NBA 50/50
[2026-06-01 16:37:19]          T7=60%+ fav (DOTA2/EPL/MLB)
[2026-06-01 16:37:19] =================================================================
[2026-06-01 16:37:19] 
[2026-06-01 16:37:19] =================================================================
[2026-06-01 16:37:19]   SCANNING — HYBRID 5-TIER STRATEGY
[2026-06-01 16:37:19] =================================================================
[2026-06-01 16:37:19]   Balance: $173.55 | Buying Power: $173.55
[2026-06-01 16:37:19]   Bet size: $5.21 (3% proven) / $3.47 (2% new leagues)
[2026-06-01 16:37:19] 
[2026-06-01 16:37:19]   WARNING: Could not fetch positions: 404 Client Error: Not Found for url: https://api.polymarket.us/v1/positions?limit=200
[2026-06-01 16:37:19]   WARNING: Could not fetch open orders: 501 Server Error: Not Implemented for url: https://api.polymarket.us/v1/orders?status=live&limit=200
[2026-06-01 16:37:19]   Scanning NBA...
[2026-06-01 16:37:19]     Found 1 events
[2026-06-01 16:37:20]   Scanning CBB...
[2026-06-01 16:37:20]     Found 0 events
[2026-06-01 16:37:20]   Scanning NHL...
[2026-06-01 16:37:20]     Found 3 events
[2026-06-01 16:37:20] 
[2026-06-01 16:37:20]   Total qualifying markets: 0
[2026-06-01 16:37:20]   New (not yet bet): 0
[2026-06-01 16:37:20] 
[2026-06-01 16:37:20]   No new qualifying markets found.
[2026-06-01 16:42:18] =================================================================
[2026-06-01 16:42:18]   POLYMARKET — MULTI-TIER BOT
[2026-06-01 16:42:18]   Mode: LIVE | Sizing: 3% of bankroll
[2026-06-01 16:42:18]   Leagues: NBA, CBB, NHL
[2026-06-01 16:42:18]   Bet window: 2h before game start
[2026-06-01 16:42:18]   Sizing: 3% (NBA/CBB) | 2% (NHL/MLB/EPL/DOTA2)
[2026-06-01 16:42:18]   Tiers: T1=B fav 75-90% | T2=Coin flip fav | T6=Coin flip dog
[2026-06-01 16:42:18]          T3=CBB B dog 50-55% | T4=NBA 50/50
[2026-06-01 16:42:18]          T7=60%+ fav (DOTA2/EPL/MLB)
[2026-06-01 16:42:18] =================================================================
[2026-06-01 16:42:18] 
[2026-06-01 16:42:18] =================================================================
[2026-06-01 16:42:18]   SCANNING — HYBRID 5-TIER STRATEGY
[2026-06-01 16:42:18] =================================================================
[2026-06-01 16:42:18]   Balance: $173.55 | Buying Power: $173.55
[2026-06-01 16:42:18]   Bet size: $5.21 (3% proven) / $3.47 (2% new leagues)
[2026-06-01 16:42:18] 
[2026-06-01 16:42:18]   WARNING: Could not fetch positions: 404 Client Error: Not Found for url: https://api.polymarket.us/v1/positions?limit=200
[2026-06-01 16:42:18]   WARNING: Could not fetch open orders: 501 Server Error: Not Implemented for url: https://api.polymarket.us/v1/orders?status=live&limit=200
[2026-06-01 16:42:18]   Scanning NBA...
[2026-06-01 16:42:18]     Found 1 events
[2026-06-01 16:42:18]   Scanning CBB...
[2026-06-01 16:42:18]     Found 0 events
[2026-06-01 16:42:18]   Scanning NHL...
[2026-06-01 16:42:18]     Found 3 events
[2026-06-01 16:42:18] 
[2026-06-01 16:42:18]   Total qualifying markets: 0
[2026-06-01 16:42:18]   New (not yet bet): 0
[2026-06-01 16:42:18] 
[2026-06-01 16:42:18]   No new qualifying markets found.
[2026-06-01 16:47:26] =================================================================
[2026-06-01 16:47:26]   POLYMARKET — MULTI-TIER BOT
[2026-06-01 16:47:26]   Mode: LIVE | Sizing: 3% of bankroll
[2026-06-01 16:47:26]   Leagues: NBA, CBB, NHL
[2026-06-01 16:47:26]   Bet window: 2h before game start
[2026-06-01 16:47:26]   Sizing: 3% (NBA/CBB) | 2% (NHL/MLB/EPL/DOTA2)
[2026-06-01 16:47:26]   Tiers: T1=B fav 75-90% | T2=Coin flip fav | T6=Coin flip dog
[2026-06-01 16:47:26]          T3=CBB B dog 50-55% | T4=NBA 50/50
[2026-06-01 16:47:26]          T7=60%+ fav (DOTA2/EPL/MLB)
[2026-06-01 16:47:26] =================================================================
[2026-06-01 16:47:26] 
[2026-06-01 16:47:26] =================================================================
[2026-06-01 16:47:26]   SCANNING — HYBRID 5-TIER STRATEGY
[2026-06-01 16:47:26] =================================================================
[2026-06-01 16:47:27]   Balance: $173.55 | Buying Power: $173.55
[2026-06-01 16:47:27]   Bet size: $5.21 (3% proven) / $3.47 (2% new leagues)
[2026-06-01 16:47:27] 
[2026-06-01 16:47:27]   WARNING: Could not fetch positions: 404 Client Error: Not Found for url: https://api.polymarket.us/v1/positions?limit=200
[2026-06-01 16:47:27]   WARNING: Could not fetch open orders: 501 Server Error: Not Implemented for url: https://api.polymarket.us/v1/orders?status=live&limit=200
[2026-06-01 16:47:27]   Scanning NBA...
[2026-06-01 16:47:27]     Found 1 events
[2026-06-01 16:47:27]   Scanning CBB...
[2026-06-01 16:47:27]     Found 0 events
[2026-06-01 16:47:27]   Scanning NHL...
[2026-06-01 16:47:27]     Found 3 events
[2026-06-01 16:47:27] 
[2026-06-01 16:47:27]   Total qualifying markets: 0
[2026-06-01 16:47:27]   New (not yet bet): 0
[2026-06-01 16:47:27] 
[2026-06-01 16:47:27]   No new qualifying markets found.
[2026-06-01 16:52:25] =================================================================
[2026-06-01 16:52:25]   POLYMARKET — MULTI-TIER BOT
[2026-06-01 16:52:25]   Mode: LIVE | Sizing: 3% of bankroll
[2026-06-01 16:52:25]   Leagues: NBA, CBB, NHL
[2026-06-01 16:52:25]   Bet window: 2h before game start
[2026-06-01 16:52:25]   Sizing: 3% (NBA/CBB) | 2% (NHL/MLB/EPL/DOTA2)
[2026-06-01 16:52:25]   Tiers: T1=B fav 75-90% | T2=Coin flip fav | T6=Coin flip dog
[2026-06-01 16:52:25]          T3=CBB B dog 50-55% | T4=NBA 50/50
[2026-06-01 16:52:25]          T7=60%+ fav (DOTA2/EPL/MLB)
[2026-06-01 16:52:25] =================================================================
[2026-06-01 16:52:25] 
[2026-06-01 16:52:25] =================================================================
[2026-06-01 16:52:25]   SCANNING — HYBRID 5-TIER STRATEGY
[2026-06-01 16:52:25] =================================================================
[2026-06-01 16:52:26]   Balance: $173.55 | Buying Power: $173.55
[2026-06-01 16:52:26]   Bet size: $5.21 (3% proven) / $3.47 (2% new leagues)
[2026-06-01 16:52:26] 
[2026-06-01 16:52:26]   WARNING: Could not fetch positions: 404 Client Error: Not Found for url: https://api.polymarket.us/v1/positions?limit=200
[2026-06-01 16:52:26]   WARNING: Could not fetch open orders: 501 Server Error: Not Implemented for url: https://api.polymarket.us/v1/orders?status=live&limit=200
[2026-06-01 16:52:26]   Scanning NBA...
[2026-06-01 16:52:26]     Found 1 events
[2026-06-01 16:52:26]   Scanning CBB...
[2026-06-01 16:52:26]     Found 0 events
[2026-06-01 16:52:26]   Scanning NHL...
[2026-06-01 16:52:27]     Found 3 events
[2026-06-01 16:52:27] 
[2026-06-01 16:52:27]   Total qualifying markets: 0
[2026-06-01 16:52:27]   New (not yet bet): 0
[2026-06-01 16:52:27] 
[2026-06-01 16:52:27]   No new qualifying markets found.
[2026-06-01 16:57:23] =================================================================
[2026-06-01 16:57:23]   POLYMARKET — MULTI-TIER BOT
[2026-06-01 16:57:23]   Mode: LIVE | Sizing: 3% of bankroll
[2026-06-01 16:57:23]   Leagues: NBA, CBB, NHL
[2026-06-01 16:57:23]   Bet window: 2h before game start
[2026-06-01 16:57:23]   Sizing: 3% (NBA/CBB) | 2% (NHL/MLB/EPL/DOTA2)
[2026-06-01 16:57:23]   Tiers: T1=B fav 75-90% | T2=Coin flip fav | T6=Coin flip dog
[2026-06-01 16:57:23]          T3=CBB B dog 50-55% | T4=NBA 50/50
[2026-06-01 16:57:23]          T7=60%+ fav (DOTA2/EPL/MLB)
[2026-06-01 16:57:23] =================================================================
[2026-06-01 16:57:23] 
[2026-06-01 16:57:23] =================================================================
[2026-06-01 16:57:23]   SCANNING — HYBRID 5-TIER STRATEGY
[2026-06-01 16:57:23] =================================================================
[2026-06-01 16:57:23]   Balance: $173.55 | Buying Power: $173.55
[2026-06-01 16:57:23]   Bet size: $5.21 (3% proven) / $3.47 (2% new leagues)
[2026-06-01 16:57:23] 
[2026-06-01 16:57:23]   WARNING: Could not fetch positions: 404 Client Error: Not Found for url: https://api.polymarket.us/v1/positions?limit=200
[2026-06-01 16:57:23]   WARNING: Could not fetch open orders: 501 Server Error: Not Implemented for url: https://api.polymarket.us/v1/orders?status=live&limit=200
[2026-06-01 16:57:23]   Scanning NBA...
[2026-06-01 16:57:23]     Found 1 events
[2026-06-01 16:57:23]   Scanning CBB...
[2026-06-01 16:57:23]     Found 0 events
[2026-06-01 16:57:23]   Scanning NHL...
[2026-06-01 16:57:24]     Found 3 events
[2026-06-01 16:57:24] 
[2026-06-01 16:57:24]   Total qualifying markets: 0
[2026-06-01 16:57:24]   New (not yet bet): 0
[2026-06-01 16:57:24] 
[2026-06-01 16:57:24]   No new qualifying markets found.
[2026-06-01 17:02:26] =================================================================
[2026-06-01 17:02:26]   POLYMARKET — MULTI-TIER BOT
[2026-06-01 17:02:26]   Mode: LIVE | Sizing: 3% of bankroll
[2026-06-01 17:02:26]   Leagues: NBA, CBB, NHL
[2026-06-01 17:02:26]   Bet window: 2h before game start
[2026-06-01 17:02:26]   Sizing: 3% (NBA/CBB) | 2% (NHL/MLB/EPL/DOTA2)
[2026-06-01 17:02:26]   Tiers: T1=B fav 75-90% | T2=Coin flip fav | T6=Coin flip dog
[2026-06-01 17:02:26]          T3=CBB B dog 50-55% | T4=NBA 50/50
[2026-06-01 17:02:26]          T7=60%+ fav (DOTA2/EPL/MLB)
[2026-06-01 17:02:26] =================================================================
[2026-06-01 17:02:26] 
[2026-06-01 17:02:26] =================================================================
[2026-06-01 17:02:26]   SCANNING — HYBRID 5-TIER STRATEGY
[2026-06-01 17:02:26] =================================================================
[2026-06-01 17:02:26]   Balance: $173.55 | Buying Power: $173.55
[2026-06-01 17:02:26]   Bet size: $5.21 (3% proven) / $3.47 (2% new leagues)
[2026-06-01 17:02:26] 
[2026-06-01 17:02:26]   WARNING: Could not fetch positions: 404 Client Error: Not Found for url: https://api.polymarket.us/v1/positions?limit=200
[2026-06-01 17:02:26]   WARNING: Could not fetch open orders: 501 Server Error: Not Implemented for url: https://api.polymarket.us/v1/orders?status=live&limit=200
[2026-06-01 17:02:26]   Scanning NBA...
[2026-06-01 17:02:27]     Found 1 events
[2026-06-01 17:02:27]   Scanning CBB...
[2026-06-01 17:02:27]     Found 0 events
[2026-06-01 17:02:27]   Scanning NHL...
[2026-06-01 17:02:27]     Found 3 events
[2026-06-01 17:02:27] 
[2026-06-01 17:02:27]   Total qualifying markets: 0
[2026-06-01 17:02:27]   New (not yet bet): 0
[2026-06-01 17:02:27] 
[2026-06-01 17:02:27]   No new qualifying markets found.
[2026-06-01 17:07:29] =================================================================
[2026-06-01 17:07:29]   POLYMARKET — MULTI-TIER BOT
[2026-06-01 17:07:29]   Mode: LIVE | Sizing: 3% of bankroll
[2026-06-01 17:07:29]   Leagues: NBA, CBB, NHL
[2026-06-01 17:07:29]   Bet window: 2h before game start
[2026-06-01 17:07:29]   Sizing: 3% (NBA/CBB) | 2% (NHL/MLB/EPL/DOTA2)
[2026-06-01 17:07:29]   Tiers: T1=B fav 75-90% | T2=Coin flip fav | T6=Coin flip dog
[2026-06-01 17:07:29]          T3=CBB B dog 50-55% | T4=NBA 50/50
[2026-06-01 17:07:29]          T7=60%+ fav (DOTA2/EPL/MLB)
[2026-06-01 17:07:29] =================================================================
[2026-06-01 17:07:29] 
[2026-06-01 17:07:29] =================================================================
[2026-06-01 17:07:29]   SCANNING — HYBRID 5-TIER STRATEGY
[2026-06-01 17:07:29] =================================================================
[2026-06-01 17:07:29]   Balance: $173.55 | Buying Power: $173.55
[2026-06-01 17:07:29]   Bet size: $5.21 (3% proven) / $3.47 (2% new leagues)
[2026-06-01 17:07:29] 
[2026-06-01 17:07:29]   WARNING: Could not fetch positions: 404 Client Error: Not Found for url: https://api.polymarket.us/v1/positions?limit=200
[2026-06-01 17:07:29]   WARNING: Could not fetch open orders: 501 Server Error: Not Implemented for url: https://api.polymarket.us/v1/orders?status=live&limit=200
[2026-06-01 17:07:29]   Scanning NBA...
[2026-06-01 17:07:29]     Found 1 events
[2026-06-01 17:07:29]   Scanning CBB...
[2026-06-01 17:07:29]     Found 0 events
[2026-06-01 17:07:29]   Scanning NHL...
[2026-06-01 17:07:29]     Found 3 events
[2026-06-01 17:07:30] 
[2026-06-01 17:07:30]   Total qualifying markets: 0
[2026-06-01 17:07:30]   New (not yet bet): 0
[2026-06-01 17:07:30] 
[2026-06-01 17:07:30]   No new qualifying markets found.
[2026-06-01 17:12:35] =================================================================
[2026-06-01 17:12:35]   POLYMARKET — MULTI-TIER BOT
[2026-06-01 17:12:35]   Mode: LIVE | Sizing: 3% of bankroll
[2026-06-01 17:12:35]   Leagues: NBA, CBB, NHL
[2026-06-01 17:12:35]   Bet window: 2h before game start
[2026-06-01 17:12:35]   Sizing: 3% (NBA/CBB) | 2% (NHL/MLB/EPL/DOTA2)
[2026-06-01 17:12:35]   Tiers: T1=B fav 75-90% | T2=Coin flip fav | T6=Coin flip dog
[2026-06-01 17:12:35]          T3=CBB B dog 50-55% | T4=NBA 50/50
[2026-06-01 17:12:35]          T7=60%+ fav (DOTA2/EPL/MLB)
[2026-06-01 17:12:35] =================================================================
[2026-06-01 17:12:35] 
[2026-06-01 17:12:35] =================================================================
[2026-06-01 17:12:35]   SCANNING — HYBRID 5-TIER STRATEGY
[2026-06-01 17:12:35] =================================================================
[2026-06-01 17:12:35]   Balance: $173.55 | Buying Power: $173.55
[2026-06-01 17:12:35]   Bet size: $5.21 (3% proven) / $3.47 (2% new leagues)
[2026-06-01 17:12:35] 
[2026-06-01 17:12:35]   WARNING: Could not fetch positions: 404 Client Error: Not Found for url: https://api.polymarket.us/v1/positions?limit=200
[2026-06-01 17:12:35]   WARNING: Could not fetch open orders: 501 Server Error: Not Implemented for url: https://api.polymarket.us/v1/orders?status=live&limit=200
[2026-06-01 17:12:35]   Scanning NBA...
[2026-06-01 17:12:35]     Found 1 events
[2026-06-01 17:12:36]   Scanning CBB...
[2026-06-01 17:12:36]     Found 0 events
[2026-06-01 17:12:36]   Scanning NHL...
[2026-06-01 17:12:36]     Found 3 events
[2026-06-01 17:12:36] 
[2026-06-01 17:12:36]   Total qualifying markets: 0
[2026-06-01 17:12:36]   New (not yet bet): 0
[2026-06-01 17:12:36] 
[2026-06-01 17:12:36]   No new qualifying markets found.
[2026-06-01 17:17:32] =================================================================
[2026-06-01 17:17:32]   POLYMARKET — MULTI-TIER BOT
[2026-06-01 17:17:32]   Mode: LIVE | Sizing: 3% of bankroll
[2026-06-01 17:17:32]   Leagues: NBA, CBB, NHL
[2026-06-01 17:17:32]   Bet window: 2h before game start
[2026-06-01 17:17:32]   Sizing: 3% (NBA/CBB) | 2% (NHL/MLB/EPL/DOTA2)
[2026-06-01 17:17:32]   Tiers: T1=B fav 75-90% | T2=Coin flip fav | T6=Coin flip dog
[2026-06-01 17:17:32]          T3=CBB B dog 50-55% | T4=NBA 50/50
[2026-06-01 17:17:32]          T7=60%+ fav (DOTA2/EPL/MLB)
[2026-06-01 17:17:32] =================================================================
[2026-06-01 17:17:32] 
[2026-06-01 17:17:32] =================================================================
[2026-06-01 17:17:32]   SCANNING — HYBRID 5-TIER STRATEGY
[2026-06-01 17:17:32] =================================================================
[2026-06-01 17:17:32]   Balance: $173.55 | Buying Power: $173.55
[2026-06-01 17:17:32]   Bet size: $5.21 (3% proven) / $3.47 (2% new leagues)
[2026-06-01 17:17:32] 
[2026-06-01 17:17:32]   WARNING: Could not fetch positions: 404 Client Error: Not Found for url: https://api.polymarket.us/v1/positions?limit=200
[2026-06-01 17:17:32]   WARNING: Could not fetch open orders: 501 Server Error: Not Implemented for url: https://api.polymarket.us/v1/orders?status=live&limit=200
[2026-06-01 17:17:32]   Scanning NBA...
[2026-06-01 17:17:32]     Found 1 events
[2026-06-01 17:17:32]   Scanning CBB...
[2026-06-01 17:17:32]     Found 0 events
[2026-06-01 17:17:32]   Scanning NHL...
[2026-06-01 17:17:33]     Found 3 events
[2026-06-01 17:17:33] 
[2026-06-01 17:17:33]   Total qualifying markets: 0
[2026-06-01 17:17:33]   New (not yet bet): 0
[2026-06-01 17:17:33] 
[2026-06-01 17:17:33]   No new qualifying markets found.
[2026-06-01 17:22:35] =================================================================
[2026-06-01 17:22:35]   POLYMARKET — MULTI-TIER BOT
[2026-06-01 17:22:35]   Mode: LIVE | Sizing: 3% of bankroll
[2026-06-01 17:22:35]   Leagues: NBA, CBB, NHL
[2026-06-01 17:22:35]   Bet window: 2h before game start
[2026-06-01 17:22:35]   Sizing: 3% (NBA/CBB) | 2% (NHL/MLB/EPL/DOTA2)
[2026-06-01 17:22:35]   Tiers: T1=B fav 75-90% | T2=Coin flip fav | T6=Coin flip dog
[2026-06-01 17:22:35]          T3=CBB B dog 50-55% | T4=NBA 50/50
[2026-06-01 17:22:35]          T7=60%+ fav (DOTA2/EPL/MLB)
[2026-06-01 17:22:35] =================================================================
[2026-06-01 17:22:35] 
[2026-06-01 17:22:35] =================================================================
[2026-06-01 17:22:35]   SCANNING — HYBRID 5-TIER STRATEGY
[2026-06-01 17:22:35] =================================================================
[2026-06-01 17:22:35]   Balance: $173.55 | Buying Power: $173.55
[2026-06-01 17:22:35]   Bet size: $5.21 (3% proven) / $3.47 (2% new leagues)
[2026-06-01 17:22:35] 
[2026-06-01 17:22:35]   WARNING: Could not fetch positions: 404 Client Error: Not Found for url: https://api.polymarket.us/v1/positions?limit=200
[2026-06-01 17:22:35]   WARNING: Could not fetch open orders: 501 Server Error: Not Implemented for url: https://api.polymarket.us/v1/orders?status=live&limit=200
[2026-06-01 17:22:35]   Scanning NBA...
[2026-06-01 17:22:36]     Found 1 events
[2026-06-01 17:22:36]   Scanning CBB...
[2026-06-01 17:22:36]     Found 0 events
[2026-06-01 17:22:36]   Scanning NHL...
[2026-06-01 17:22:36]     Found 3 events
[2026-06-01 17:22:36] 
[2026-06-01 17:22:36]   Total qualifying markets: 0
[2026-06-01 17:22:36]   New (not yet bet): 0
[2026-06-01 17:22:36] 
[2026-06-01 17:22:36]   No new qualifying markets found.
[2026-06-01 17:27:44] =================================================================
[2026-06-01 17:27:44]   POLYMARKET — MULTI-TIER BOT
[2026-06-01 17:27:44]   Mode: LIVE | Sizing: 3% of bankroll
[2026-06-01 17:27:44]   Leagues: NBA, CBB, NHL
[2026-06-01 17:27:44]   Bet window: 2h before game start
[2026-06-01 17:27:44]   Sizing: 3% (NBA/CBB) | 2% (NHL/MLB/EPL/DOTA2)
[2026-06-01 17:27:44]   Tiers: T1=B fav 75-90% | T2=Coin flip fav | T6=Coin flip dog
[2026-06-01 17:27:44]          T3=CBB B dog 50-55% | T4=NBA 50/50
[2026-06-01 17:27:44]          T7=60%+ fav (DOTA2/EPL/MLB)
[2026-06-01 17:27:44] =================================================================
[2026-06-01 17:27:44] 
[2026-06-01 17:27:44] =================================================================
[2026-06-01 17:27:44]   SCANNING — HYBRID 5-TIER STRATEGY
[2026-06-01 17:27:44] =================================================================
[2026-06-01 17:27:44]   Balance: $173.55 | Buying Power: $173.55
[2026-06-01 17:27:44]   Bet size: $5.21 (3% proven) / $3.47 (2% new leagues)
[2026-06-01 17:27:44] 
[2026-06-01 17:27:44]   WARNING: Could not fetch positions: 404 Client Error: Not Found for url: https://api.polymarket.us/v1/positions?limit=200
[2026-06-01 17:27:44]   WARNING: Could not fetch open orders: 501 Server Error: Not Implemented for url: https://api.polymarket.us/v1/orders?status=live&limit=200
[2026-06-01 17:27:44]   Scanning NBA...
[2026-06-01 17:27:44]     Found 1 events
[2026-06-01 17:27:44]   Scanning CBB...
[2026-06-01 17:27:44]     Found 0 events
[2026-06-01 17:27:44]   Scanning NHL...
[2026-06-01 17:27:44]     Found 3 events
[2026-06-01 17:27:44] 
[2026-06-01 17:27:44]   Total qualifying markets: 0
[2026-06-01 17:27:44]   New (not yet bet): 0
[2026-06-01 17:27:44] 
[2026-06-01 17:27:44]   No new qualifying markets found.
[2026-06-01 17:32:40] =================================================================
[2026-06-01 17:32:40]   POLYMARKET — MULTI-TIER BOT
[2026-06-01 17:32:40]   Mode: LIVE | Sizing: 3% of bankroll
[2026-06-01 17:32:40]   Leagues: NBA, CBB, NHL
[2026-06-01 17:32:40]   Bet window: 2h before game start
[2026-06-01 17:32:40]   Sizing: 3% (NBA/CBB) | 2% (NHL/MLB/EPL/DOTA2)
[2026-06-01 17:32:40]   Tiers: T1=B fav 75-90% | T2=Coin flip fav | T6=Coin flip dog
[2026-06-01 17:32:40]          T3=CBB B dog 50-55% | T4=NBA 50/50
[2026-06-01 17:32:40]          T7=60%+ fav (DOTA2/EPL/MLB)
[2026-06-01 17:32:40] =================================================================
[2026-06-01 17:32:40] 
[2026-06-01 17:32:40] =================================================================
[2026-06-01 17:32:40]   SCANNING — HYBRID 5-TIER STRATEGY
[2026-06-01 17:32:40] =================================================================
[2026-06-01 17:32:40]   Balance: $173.55 | Buying Power: $173.55
[2026-06-01 17:32:40]   Bet size: $5.21 (3% proven) / $3.47 (2% new leagues)
[2026-06-01 17:32:40] 
[2026-06-01 17:32:40]   WARNING: Could not fetch positions: 404 Client Error: Not Found for url: https://api.polymarket.us/v1/positions?limit=200
[2026-06-01 17:32:40]   WARNING: Could not fetch open orders: 501 Server Error: Not Implemented for url: https://api.polymarket.us/v1/orders?status=live&limit=200
[2026-06-01 17:32:40]   Scanning NBA...
[2026-06-01 17:32:40]     Found 1 events
[2026-06-01 17:32:40]   Scanning CBB...
[2026-06-01 17:32:40]     Found 0 events
[2026-06-01 17:32:40]   Scanning NHL...
[2026-06-01 17:32:41]     Found 3 events
[2026-06-01 17:32:41] 
[2026-06-01 17:32:41]   Total qualifying markets: 0
[2026-06-01 17:32:41]   New (not yet bet): 0
[2026-06-01 17:32:41] 
[2026-06-01 17:32:41]   No new qualifying markets found.
[2026-06-01 17:37:46] =================================================================
[2026-06-01 17:37:46]   POLYMARKET — MULTI-TIER BOT
[2026-06-01 17:37:46]   Mode: LIVE | Sizing: 3% of bankroll
[2026-06-01 17:37:46]   Leagues: NBA, CBB, NHL
[2026-06-01 17:37:46]   Bet window: 2h before game start
[2026-06-01 17:37:46]   Sizing: 3% (NBA/CBB) | 2% (NHL/MLB/EPL/DOTA2)
[2026-06-01 17:37:46]   Tiers: T1=B fav 75-90% | T2=Coin flip fav | T6=Coin flip dog
[2026-06-01 17:37:46]          T3=CBB B dog 50-55% | T4=NBA 50/50
[2026-06-01 17:37:46]          T7=60%+ fav (DOTA2/EPL/MLB)
[2026-06-01 17:37:46] =================================================================
[2026-06-01 17:37:46] 
[2026-06-01 17:37:46] =================================================================
[2026-06-01 17:37:46]   SCANNING — HYBRID 5-TIER STRATEGY
[2026-06-01 17:37:46] =================================================================
[2026-06-01 17:37:46]   Balance: $173.55 | Buying Power: $173.55
[2026-06-01 17:37:46]   Bet size: $5.21 (3% proven) / $3.47 (2% new leagues)
[2026-06-01 17:37:46] 
[2026-06-01 17:37:46]   WARNING: Could not fetch positions: 404 Client Error: Not Found for url: https://api.polymarket.us/v1/positions?limit=200
[2026-06-01 17:37:46]   WARNING: Could not fetch open orders: 501 Server Error: Not Implemented for url: https://api.polymarket.us/v1/orders?status=live&limit=200
[2026-06-01 17:37:46]   Scanning NBA...
[2026-06-01 17:37:46]     Found 1 events
[2026-06-01 17:37:46]   Scanning CBB...
[2026-06-01 17:37:46]     Found 0 events
[2026-06-01 17:37:47]   Scanning NHL...
[2026-06-01 17:37:47]     Found 3 events
[2026-06-01 17:37:47] 
[2026-06-01 17:37:47]   Total qualifying markets: 0
[2026-06-01 17:37:47]   New (not yet bet): 0
[2026-06-01 17:37:47] 
[2026-06-01 17:37:47]   No new qualifying markets found.
[2026-06-01 17:42:45] =================================================================
[2026-06-01 17:42:45]   POLYMARKET — MULTI-TIER BOT
[2026-06-01 17:42:45]   Mode: LIVE | Sizing: 3% of bankroll
[2026-06-01 17:42:45]   Leagues: NBA, CBB, NHL
[2026-06-01 17:42:45]   Bet window: 2h before game start
[2026-06-01 17:42:45]   Sizing: 3% (NBA/CBB) | 2% (NHL/MLB/EPL/DOTA2)
[2026-06-01 17:42:45]   Tiers: T1=B fav 75-90% | T2=Coin flip fav | T6=Coin flip dog
[2026-06-01 17:42:45]          T3=CBB B dog 50-55% | T4=NBA 50/50
[2026-06-01 17:42:45]          T7=60%+ fav (DOTA2/EPL/MLB)
[2026-06-01 17:42:45] =================================================================
[2026-06-01 17:42:45] 
[2026-06-01 17:42:45] =================================================================
[2026-06-01 17:42:45]   SCANNING — HYBRID 5-TIER STRATEGY
[2026-06-01 17:42:45] =================================================================
[2026-06-01 17:42:46]   Balance: $173.55 | Buying Power: $173.55
[2026-06-01 17:42:46]   Bet size: $5.21 (3% proven) / $3.47 (2% new leagues)
[2026-06-01 17:42:46] 
[2026-06-01 17:42:46]   WARNING: Could not fetch positions: 404 Client Error: Not Found for url: https://api.polymarket.us/v1/positions?limit=200
[2026-06-01 17:42:46]   WARNING: Could not fetch open orders: 501 Server Error: Not Implemented for url: https://api.polymarket.us/v1/orders?status=live&limit=200
[2026-06-01 17:42:46]   Scanning NBA...
[2026-06-01 17:42:46]     Found 1 events
[2026-06-01 17:42:46]   Scanning CBB...
[2026-06-01 17:42:46]     Found 0 events
[2026-06-01 17:42:46]   Scanning NHL...
[2026-06-01 17:42:46]     Found 3 events
[2026-06-01 17:42:46] 
[2026-06-01 17:42:46]   Total qualifying markets: 0
[2026-06-01 17:42:46]   New (not yet bet): 0
[2026-06-01 17:42:46] 
[2026-06-01 17:42:46]   No new qualifying markets found.
[2026-06-01 17:47:43] =================================================================
[2026-06-01 17:47:43]   POLYMARKET — MULTI-TIER BOT
[2026-06-01 17:47:43]   Mode: LIVE | Sizing: 3% of bankroll
[2026-06-01 17:47:43]   Leagues: NBA, CBB, NHL
[2026-06-01 17:47:43]   Bet window: 2h before game start
[2026-06-01 17:47:43]   Sizing: 3% (NBA/CBB) | 2% (NHL/MLB/EPL/DOTA2)
[2026-06-01 17:47:43]   Tiers: T1=B fav 75-90% | T2=Coin flip fav | T6=Coin flip dog
[2026-06-01 17:47:43]          T3=CBB B dog 50-55% | T4=NBA 50/50
[2026-06-01 17:47:43]          T7=60%+ fav (DOTA2/EPL/MLB)
[2026-06-01 17:47:43] =================================================================
[2026-06-01 17:47:43] 
[2026-06-01 17:47:43] =================================================================
[2026-06-01 17:47:43]   SCANNING — HYBRID 5-TIER STRATEGY
[2026-06-01 17:47:43] =================================================================
[2026-06-01 17:47:43]   Balance: $173.55 | Buying Power: $173.55
[2026-06-01 17:47:43]   Bet size: $5.21 (3% proven) / $3.47 (2% new leagues)
[2026-06-01 17:47:43] 
[2026-06-01 17:47:43]   WARNING: Could not fetch positions: 404 Client Error: Not Found for url: https://api.polymarket.us/v1/positions?limit=200
[2026-06-01 17:47:44]   WARNING: Could not fetch open orders: 501 Server Error: Not Implemented for url: https://api.polymarket.us/v1/orders?status=live&limit=200
[2026-06-01 17:47:44]   Scanning NBA...
[2026-06-01 17:47:44]     Found 1 events
[2026-06-01 17:47:44]   Scanning CBB...
[2026-06-01 17:47:44]     Found 0 events
[2026-06-01 17:47:44]   Scanning NHL...
[2026-06-01 17:47:44]     Found 3 events
[2026-06-01 17:47:44] 
[2026-06-01 17:47:44]   Total qualifying markets: 0
[2026-06-01 17:47:44]   New (not yet bet): 0
[2026-06-01 17:47:44] 
[2026-06-01 17:47:44]   No new qualifying markets found.
[2026-06-01 17:52:46] =================================================================
[2026-06-01 17:52:46]   POLYMARKET — MULTI-TIER BOT
[2026-06-01 17:52:46]   Mode: LIVE | Sizing: 3% of bankroll
[2026-06-01 17:52:46]   Leagues: NBA, CBB, NHL
[2026-06-01 17:52:46]   Bet window: 2h before game start
[2026-06-01 17:52:46]   Sizing: 3% (NBA/CBB) | 2% (NHL/MLB/EPL/DOTA2)
[2026-06-01 17:52:46]   Tiers: T1=B fav 75-90% | T2=Coin flip fav | T6=Coin flip dog
[2026-06-01 17:52:46]          T3=CBB B dog 50-55% | T4=NBA 50/50
[2026-06-01 17:52:46]          T7=60%+ fav (DOTA2/EPL/MLB)
[2026-06-01 17:52:46] =================================================================
[2026-06-01 17:52:46] 
[2026-06-01 17:52:46] =================================================================
[2026-06-01 17:52:46]   SCANNING — HYBRID 5-TIER STRATEGY
[2026-06-01 17:52:46] =================================================================
[2026-06-01 17:52:46]   Balance: $173.55 | Buying Power: $173.55
[2026-06-01 17:52:46]   Bet size: $5.21 (3% proven) / $3.47 (2% new leagues)
[2026-06-01 17:52:46] 
[2026-06-01 17:52:46]   WARNING: Could not fetch positions: 404 Client Error: Not Found for url: https://api.polymarket.us/v1/positions?limit=200
[2026-06-01 17:52:46]   WARNING: Could not fetch open orders: 501 Server Error: Not Implemented for url: https://api.polymarket.us/v1/orders?status=live&limit=200
[2026-06-01 17:52:46]   Scanning NBA...
[2026-06-01 17:52:46]     Found 1 events
[2026-06-01 17:52:46]   Scanning CBB...
[2026-06-01 17:52:46]     Found 0 events
[2026-06-01 17:52:46]   Scanning NHL...
[2026-06-01 17:52:47]     Found 3 events
[2026-06-01 17:52:47] 
[2026-06-01 17:52:47]   Total qualifying markets: 0
[2026-06-01 17:52:47]   New (not yet bet): 0
[2026-06-01 17:52:47] 
[2026-06-01 17:52:47]   No new qualifying markets found.
[2026-06-01 17:57:48] =================================================================
[2026-06-01 17:57:48]   POLYMARKET — MULTI-TIER BOT
[2026-06-01 17:57:48]   Mode: LIVE | Sizing: 3% of bankroll
[2026-06-01 17:57:48]   Leagues: NBA, CBB, NHL
[2026-06-01 17:57:48]   Bet window: 2h before game start
[2026-06-01 17:57:48]   Sizing: 3% (NBA/CBB) | 2% (NHL/MLB/EPL/DOTA2)
[2026-06-01 17:57:48]   Tiers: T1=B fav 75-90% | T2=Coin flip fav | T6=Coin flip dog
[2026-06-01 17:57:48]          T3=CBB B dog 50-55% | T4=NBA 50/50
[2026-06-01 17:57:48]          T7=60%+ fav (DOTA2/EPL/MLB)
[2026-06-01 17:57:48] =================================================================
[2026-06-01 17:57:48] 
[2026-06-01 17:57:48] =================================================================
[2026-06-01 17:57:48]   SCANNING — HYBRID 5-TIER STRATEGY
[2026-06-01 17:57:48] =================================================================
[2026-06-01 17:57:48]   Balance: $173.55 | Buying Power: $173.55
[2026-06-01 17:57:48]   Bet size: $5.21 (3% proven) / $3.47 (2% new leagues)
[2026-06-01 17:57:48] 
[2026-06-01 17:57:48]   WARNING: Could not fetch positions: 404 Client Error: Not Found for url: https://api.polymarket.us/v1/positions?limit=200
[2026-06-01 17:57:48]   WARNING: Could not fetch open orders: 501 Server Error: Not Implemented for url: https://api.polymarket.us/v1/orders?status=live&limit=200
[2026-06-01 17:57:48]   Scanning NBA...
[2026-06-01 17:57:48]     Found 1 events
[2026-06-01 17:57:48]   Scanning CBB...
[2026-06-01 17:57:48]     Found 0 events
[2026-06-01 17:57:49]   Scanning NHL...
[2026-06-01 17:57:49]     Found 3 events
[2026-06-01 17:57:49] 
[2026-06-01 17:57:49]   Total qualifying markets: 0
[2026-06-01 17:57:49]   New (not yet bet): 0
[2026-06-01 17:57:49] 
[2026-06-01 17:57:49]   No new qualifying markets found.
[2026-06-01 18:02:49] =================================================================
[2026-06-01 18:02:49]   POLYMARKET — MULTI-TIER BOT
[2026-06-01 18:02:49]   Mode: LIVE | Sizing: 3% of bankroll
[2026-06-01 18:02:49]   Leagues: NBA, CBB, NHL
[2026-06-01 18:02:49]   Bet window: 2h before game start
[2026-06-01 18:02:49]   Sizing: 3% (NBA/CBB) | 2% (NHL/MLB/EPL/DOTA2)
[2026-06-01 18:02:49]   Tiers: T1=B fav 75-90% | T2=Coin flip fav | T6=Coin flip dog
[2026-06-01 18:02:49]          T3=CBB B dog 50-55% | T4=NBA 50/50
[2026-06-01 18:02:49]          T7=60%+ fav (DOTA2/EPL/MLB)
[2026-06-01 18:02:49] =================================================================
[2026-06-01 18:02:49] 
[2026-06-01 18:02:49] =================================================================
[2026-06-01 18:02:49]   SCANNING — HYBRID 5-TIER STRATEGY
[2026-06-01 18:02:49] =================================================================
[2026-06-01 18:02:49]   Balance: $173.55 | Buying Power: $173.55
[2026-06-01 18:02:49]   Bet size: $5.21 (3% proven) / $3.47 (2% new leagues)
[2026-06-01 18:02:49] 
[2026-06-01 18:02:49]   WARNING: Could not fetch positions: 404 Client Error: Not Found for url: https://api.polymarket.us/v1/positions?limit=200
[2026-06-01 18:02:50]   WARNING: Could not fetch open orders: 501 Server Error: Not Implemented for url: https://api.polymarket.us/v1/orders?status=live&limit=200
[2026-06-01 18:02:50]   Scanning NBA...
[2026-06-01 18:02:50]     Found 1 events
[2026-06-01 18:02:50]   Scanning CBB...
[2026-06-01 18:02:50]     Found 0 events
[2026-06-01 18:02:50]   Scanning NHL...
[2026-06-01 18:02:50]     Found 3 events
[2026-06-01 18:02:50] 
[2026-06-01 18:02:50]   Total qualifying markets: 0
[2026-06-01 18:02:50]   New (not yet bet): 0
[2026-06-01 18:02:50] 
[2026-06-01 18:02:50]   No new qualifying markets found.
[2026-06-01 18:07:55] =================================================================
[2026-06-01 18:07:55]   POLYMARKET — MULTI-TIER BOT
[2026-06-01 18:07:55]   Mode: LIVE | Sizing: 3% of bankroll
[2026-06-01 18:07:55]   Leagues: NBA, CBB, NHL
[2026-06-01 18:07:55]   Bet window: 2h before game start
[2026-06-01 18:07:55]   Sizing: 3% (NBA/CBB) | 2% (NHL/MLB/EPL/DOTA2)
[2026-06-01 18:07:55]   Tiers: T1=B fav 75-90% | T2=Coin flip fav | T6=Coin flip dog
[2026-06-01 18:07:55]          T3=CBB B dog 50-55% | T4=NBA 50/50
[2026-06-01 18:07:55]          T7=60%+ fav (DOTA2/EPL/MLB)
[2026-06-01 18:07:55] =================================================================
[2026-06-01 18:07:55] 
[2026-06-01 18:07:55] =================================================================
[2026-06-01 18:07:55]   SCANNING — HYBRID 5-TIER STRATEGY
[2026-06-01 18:07:55] =================================================================
[2026-06-01 18:07:55]   Balance: $173.55 | Buying Power: $173.55
[2026-06-01 18:07:55]   Bet size: $5.21 (3% proven) / $3.47 (2% new leagues)
[2026-06-01 18:07:55] 
[2026-06-01 18:07:55]   WARNING: Could not fetch positions: 404 Client Error: Not Found for url: https://api.polymarket.us/v1/positions?limit=200
[2026-06-01 18:07:55]   WARNING: Could not fetch open orders: 501 Server Error: Not Implemented for url: https://api.polymarket.us/v1/orders?status=live&limit=200
[2026-06-01 18:07:55]   Scanning NBA...
[2026-06-01 18:07:55]     Found 1 events
[2026-06-01 18:07:55]   Scanning CBB...
[2026-06-01 18:07:55]     Found 0 events
[2026-06-01 18:07:55]   Scanning NHL...
[2026-06-01 18:07:55]     Found 3 events
[2026-06-01 18:07:55] 
[2026-06-01 18:07:55]   Total qualifying markets: 0
[2026-06-01 18:07:55]   New (not yet bet): 0
[2026-06-01 18:07:55] 
[2026-06-01 18:07:55]   No new qualifying markets found.
[2026-06-01 18:13:00] =================================================================
[2026-06-01 18:13:00]   POLYMARKET — MULTI-TIER BOT
[2026-06-01 18:13:00]   Mode: LIVE | Sizing: 3% of bankroll
[2026-06-01 18:13:00]   Leagues: NBA, CBB, NHL
[2026-06-01 18:13:00]   Bet window: 2h before game start
[2026-06-01 18:13:00]   Sizing: 3% (NBA/CBB) | 2% (NHL/MLB/EPL/DOTA2)
[2026-06-01 18:13:00]   Tiers: T1=B fav 75-90% | T2=Coin flip fav | T6=Coin flip dog
[2026-06-01 18:13:00]          T3=CBB B dog 50-55% | T4=NBA 50/50
[2026-06-01 18:13:00]          T7=60%+ fav (DOTA2/EPL/MLB)
[2026-06-01 18:13:00] =================================================================
[2026-06-01 18:13:00] 
[2026-06-01 18:13:00] =================================================================
[2026-06-01 18:13:00]   SCANNING — HYBRID 5-TIER STRATEGY
[2026-06-01 18:13:00] =================================================================
[2026-06-01 18:13:00]   Balance: $173.55 | Buying Power: $173.55
[2026-06-01 18:13:00]   Bet size: $5.21 (3% proven) / $3.47 (2% new leagues)
[2026-06-01 18:13:00] 
[2026-06-01 18:13:01]   WARNING: Could not fetch positions: 404 Client Error: Not Found for url: https://api.polymarket.us/v1/positions?limit=200
[2026-06-01 18:13:01]   WARNING: Could not fetch open orders: 501 Server Error: Not Implemented for url: https://api.polymarket.us/v1/orders?status=live&limit=200
[2026-06-01 18:13:01]   Scanning NBA...
[2026-06-01 18:13:01]     Found 1 events
[2026-06-01 18:13:01]   Scanning CBB...
[2026-06-01 18:13:01]     Found 0 events
[2026-06-01 18:13:01]   Scanning NHL...
[2026-06-01 18:13:01]     Found 3 events
[2026-06-01 18:13:01] 
[2026-06-01 18:13:01]   Total qualifying markets: 0
[2026-06-01 18:13:01]   New (not yet bet): 0
[2026-06-01 18:13:01] 
[2026-06-01 18:13:01]   No new qualifying markets found.
[2026-06-01 18:18:03] =================================================================
[2026-06-01 18:18:03]   POLYMARKET — MULTI-TIER BOT
[2026-06-01 18:18:03]   Mode: LIVE | Sizing: 3% of bankroll
[2026-06-01 18:18:03]   Leagues: NBA, CBB, NHL
[2026-06-01 18:18:03]   Bet window: 2h before game start
[2026-06-01 18:18:03]   Sizing: 3% (NBA/CBB) | 2% (NHL/MLB/EPL/DOTA2)
[2026-06-01 18:18:03]   Tiers: T1=B fav 75-90% | T2=Coin flip fav | T6=Coin flip dog
[2026-06-01 18:18:03]          T3=CBB B dog 50-55% | T4=NBA 50/50
[2026-06-01 18:18:03]          T7=60%+ fav (DOTA2/EPL/MLB)
[2026-06-01 18:18:03] =================================================================
[2026-06-01 18:18:03] 
[2026-06-01 18:18:03] =================================================================
[2026-06-01 18:18:03]   SCANNING — HYBRID 5-TIER STRATEGY
[2026-06-01 18:18:03] =================================================================
[2026-06-01 18:18:03]   Balance: $173.55 | Buying Power: $173.55
[2026-06-01 18:18:03]   Bet size: $5.21 (3% proven) / $3.47 (2% new leagues)
[2026-06-01 18:18:03] 
[2026-06-01 18:18:03]   WARNING: Could not fetch positions: 404 Client Error: Not Found for url: https://api.polymarket.us/v1/positions?limit=200
[2026-06-01 18:18:03]   WARNING: Could not fetch open orders: 501 Server Error: Not Implemented for url: https://api.polymarket.us/v1/orders?status=live&limit=200
[2026-06-01 18:18:03]   Scanning NBA...
[2026-06-01 18:18:03]     Found 1 events
[2026-06-01 18:18:03]   Scanning CBB...
[2026-06-01 18:18:04]     Found 0 events
[2026-06-01 18:18:04]   Scanning NHL...
[2026-06-01 18:18:04]     Found 3 events
[2026-06-01 18:18:04] 
[2026-06-01 18:18:04]   Total qualifying markets: 0
[2026-06-01 18:18:04]   New (not yet bet): 0
[2026-06-01 18:18:04] 
[2026-06-01 18:18:04]   No new qualifying markets found.
[2026-06-01 18:23:01] =================================================================
[2026-06-01 18:23:01]   POLYMARKET — MULTI-TIER BOT
[2026-06-01 18:23:01]   Mode: LIVE | Sizing: 3% of bankroll
[2026-06-01 18:23:01]   Leagues: NBA, CBB, NHL
[2026-06-01 18:23:01]   Bet window: 2h before game start
[2026-06-01 18:23:01]   Sizing: 3% (NBA/CBB) | 2% (NHL/MLB/EPL/DOTA2)
[2026-06-01 18:23:01]   Tiers: T1=B fav 75-90% | T2=Coin flip fav | T6=Coin flip dog
[2026-06-01 18:23:01]          T3=CBB B dog 50-55% | T4=NBA 50/50
[2026-06-01 18:23:01]          T7=60%+ fav (DOTA2/EPL/MLB)
[2026-06-01 18:23:01] =================================================================
[2026-06-01 18:23:01] 
[2026-06-01 18:23:01] =================================================================
[2026-06-01 18:23:01]   SCANNING — HYBRID 5-TIER STRATEGY
[2026-06-01 18:23:01] =================================================================
[2026-06-01 18:23:02]   Balance: $173.55 | Buying Power: $173.55
[2026-06-01 18:23:02]   Bet size: $5.21 (3% proven) / $3.47 (2% new leagues)
[2026-06-01 18:23:02] 
[2026-06-01 18:23:02]   WARNING: Could not fetch positions: 404 Client Error: Not Found for url: https://api.polymarket.us/v1/positions?limit=200
[2026-06-01 18:23:02]   WARNING: Could not fetch open orders: 501 Server Error: Not Implemented for url: https://api.polymarket.us/v1/orders?status=live&limit=200
[2026-06-01 18:23:02]   Scanning NBA...
[2026-06-01 18:23:02]     Found 1 events
[2026-06-01 18:23:02]   Scanning CBB...
[2026-06-01 18:23:02]     Found 0 events
[2026-06-01 18:23:02]   Scanning NHL...
[2026-06-01 18:23:02]     Found 3 events
[2026-06-01 18:23:02] 
[2026-06-01 18:23:02]   Total qualifying markets: 0
[2026-06-01 18:23:02]   New (not yet bet): 0
[2026-06-01 18:23:02] 
[2026-06-01 18:23:02]   No new qualifying markets found.
[2026-06-01 18:28:02] =================================================================
[2026-06-01 18:28:02]   POLYMARKET — MULTI-TIER BOT
[2026-06-01 18:28:02]   Mode: LIVE | Sizing: 3% of bankroll
[2026-06-01 18:28:02]   Leagues: NBA, CBB, NHL
[2026-06-01 18:28:02]   Bet window: 2h before game start
[2026-06-01 18:28:02]   Sizing: 3% (NBA/CBB) | 2% (NHL/MLB/EPL/DOTA2)
[2026-06-01 18:28:02]   Tiers: T1=B fav 75-90% | T2=Coin flip fav | T6=Coin flip dog
[2026-06-01 18:28:02]          T3=CBB B dog 50-55% | T4=NBA 50/50
[2026-06-01 18:28:02]          T7=60%+ fav (DOTA2/EPL/MLB)
[2026-06-01 18:28:02] =================================================================
[2026-06-01 18:28:02] 
[2026-06-01 18:28:02] =================================================================
[2026-06-01 18:28:02]   SCANNING — HYBRID 5-TIER STRATEGY
[2026-06-01 18:28:02] =================================================================
[2026-06-01 18:28:03]   Balance: $173.55 | Buying Power: $173.55
[2026-06-01 18:28:03]   Bet size: $5.21 (3% proven) / $3.47 (2% new leagues)
[2026-06-01 18:28:03] 
[2026-06-01 18:28:03]   WARNING: Could not fetch positions: 404 Client Error: Not Found for url: https://api.polymarket.us/v1/positions?limit=200
[2026-06-01 18:28:03]   WARNING: Could not fetch open orders: 501 Server Error: Not Implemented for url: https://api.polymarket.us/v1/orders?status=live&limit=200
[2026-06-01 18:28:03]   Scanning NBA...
[2026-06-01 18:28:03]     Found 1 events
[2026-06-01 18:28:03]   Scanning CBB...
[2026-06-01 18:28:03]     Found 0 events
[2026-06-01 18:28:03]   Scanning NHL...
[2026-06-01 18:28:03]     Found 3 events
[2026-06-01 18:28:04] 
[2026-06-01 18:28:04]   Total qualifying markets: 0
[2026-06-01 18:28:04]   New (not yet bet): 0
[2026-06-01 18:28:04] 
[2026-06-01 18:28:04]   No new qualifying markets found.
[2026-06-01 18:33:08] =================================================================
[2026-06-01 18:33:08]   POLYMARKET — MULTI-TIER BOT
[2026-06-01 18:33:08]   Mode: LIVE | Sizing: 3% of bankroll
[2026-06-01 18:33:08]   Leagues: NBA, CBB, NHL
[2026-06-01 18:33:08]   Bet window: 2h before game start
[2026-06-01 18:33:08]   Sizing: 3% (NBA/CBB) | 2% (NHL/MLB/EPL/DOTA2)
[2026-06-01 18:33:08]   Tiers: T1=B fav 75-90% | T2=Coin flip fav | T6=Coin flip dog
[2026-06-01 18:33:08]          T3=CBB B dog 50-55% | T4=NBA 50/50
[2026-06-01 18:33:08]          T7=60%+ fav (DOTA2/EPL/MLB)
[2026-06-01 18:33:08] =================================================================
[2026-06-01 18:33:08] 
[2026-06-01 18:33:08] =================================================================
[2026-06-01 18:33:08]   SCANNING — HYBRID 5-TIER STRATEGY
[2026-06-01 18:33:08] =================================================================
[2026-06-01 18:33:08]   Balance: $173.55 | Buying Power: $173.55
[2026-06-01 18:33:08]   Bet size: $5.21 (3% proven) / $3.47 (2% new leagues)
[2026-06-01 18:33:08] 
[2026-06-01 18:33:08]   WARNING: Could not fetch positions: 404 Client Error: Not Found for url: https://api.polymarket.us/v1/positions?limit=200
[2026-06-01 18:33:08]   WARNING: Could not fetch open orders: 501 Server Error: Not Implemented for url: https://api.polymarket.us/v1/orders?status=live&limit=200
[2026-06-01 18:33:08]   Scanning NBA...
[2026-06-01 18:33:08]     Found 1 events
[2026-06-01 18:33:08]   Scanning CBB...
[2026-06-01 18:33:08]     Found 0 events
[2026-06-01 18:33:08]   Scanning NHL...
[2026-06-01 18:33:08]     Found 3 events
[2026-06-01 18:33:08] 
[2026-06-01 18:33:08]   Total qualifying markets: 0
[2026-06-01 18:33:08]   New (not yet bet): 0
[2026-06-01 18:33:08] 
[2026-06-01 18:33:08]   No new qualifying markets found.
[2026-06-01 18:38:06] =================================================================
[2026-06-01 18:38:06]   POLYMARKET — MULTI-TIER BOT
[2026-06-01 18:38:06]   Mode: LIVE | Sizing: 3% of bankroll
[2026-06-01 18:38:06]   Leagues: NBA, CBB, NHL
[2026-06-01 18:38:06]   Bet window: 2h before game start
[2026-06-01 18:38:06]   Sizing: 3% (NBA/CBB) | 2% (NHL/MLB/EPL/DOTA2)
[2026-06-01 18:38:06]   Tiers: T1=B fav 75-90% | T2=Coin flip fav | T6=Coin flip dog
[2026-06-01 18:38:06]          T3=CBB B dog 50-55% | T4=NBA 50/50
[2026-06-01 18:38:06]          T7=60%+ fav (DOTA2/EPL/MLB)
[2026-06-01 18:38:06] =================================================================
[2026-06-01 18:38:06] 
[2026-06-01 18:38:06] =================================================================
[2026-06-01 18:38:06]   SCANNING — HYBRID 5-TIER STRATEGY
[2026-06-01 18:38:06] =================================================================
[2026-06-01 18:38:06]   Balance: $173.55 | Buying Power: $173.55
[2026-06-01 18:38:06]   Bet size: $5.21 (3% proven) / $3.47 (2% new leagues)
[2026-06-01 18:38:06] 
[2026-06-01 18:38:06]   WARNING: Could not fetch positions: 404 Client Error: Not Found for url: https://api.polymarket.us/v1/positions?limit=200
[2026-06-01 18:38:06]   WARNING: Could not fetch open orders: 501 Server Error: Not Implemented for url: https://api.polymarket.us/v1/orders?status=live&limit=200
[2026-06-01 18:38:06]   Scanning NBA...
[2026-06-01 18:38:06]     Found 1 events
[2026-06-01 18:38:06]   Scanning CBB...
[2026-06-01 18:38:06]     Found 0 events
[2026-06-01 18:38:06]   Scanning NHL...
[2026-06-01 18:38:06]     Found 3 events
[2026-06-01 18:38:06] 
[2026-06-01 18:38:06]   Total qualifying markets: 0
[2026-06-01 18:38:06]   New (not yet bet): 0
[2026-06-01 18:38:06] 
[2026-06-01 18:38:06]   No new qualifying markets found.
[2026-06-01 18:43:13] =================================================================
[2026-06-01 18:43:13]   POLYMARKET — MULTI-TIER BOT
[2026-06-01 18:43:13]   Mode: LIVE | Sizing: 3% of bankroll
[2026-06-01 18:43:13]   Leagues: NBA, CBB, NHL
[2026-06-01 18:43:13]   Bet window: 2h before game start
[2026-06-01 18:43:13]   Sizing: 3% (NBA/CBB) | 2% (NHL/MLB/EPL/DOTA2)
[2026-06-01 18:43:13]   Tiers: T1=B fav 75-90% | T2=Coin flip fav | T6=Coin flip dog
[2026-06-01 18:43:13]          T3=CBB B dog 50-55% | T4=NBA 50/50
[2026-06-01 18:43:13]          T7=60%+ fav (DOTA2/EPL/MLB)
[2026-06-01 18:43:13] =================================================================
[2026-06-01 18:43:13] 
[2026-06-01 18:43:13] =================================================================
[2026-06-01 18:43:13]   SCANNING — HYBRID 5-TIER STRATEGY
[2026-06-01 18:43:13] =================================================================
[2026-06-01 18:43:13]   Balance: $173.55 | Buying Power: $173.55
[2026-06-01 18:43:13]   Bet size: $5.21 (3% proven) / $3.47 (2% new leagues)
[2026-06-01 18:43:13] 
[2026-06-01 18:43:13]   WARNING: Could not fetch positions: 404 Client Error: Not Found for url: https://api.polymarket.us/v1/positions?limit=200
[2026-06-01 18:43:13]   WARNING: Could not fetch open orders: 501 Server Error: Not Implemented for url: https://api.polymarket.us/v1/orders?status=live&limit=200
[2026-06-01 18:43:13]   Scanning NBA...
[2026-06-01 18:43:13]     Found 1 events
[2026-06-01 18:43:13]   Scanning CBB...
[2026-06-01 18:43:13]     Found 0 events
[2026-06-01 18:43:13]   Scanning NHL...
[2026-06-01 18:43:13]     Found 3 events
[2026-06-01 18:43:13] 
[2026-06-01 18:43:13]   Total qualifying markets: 0
[2026-06-01 18:43:13]   New (not yet bet): 0
[2026-06-01 18:43:13] 
[2026-06-01 18:43:13]   No new qualifying markets found.
[2026-06-01 18:48:13] =================================================================
[2026-06-01 18:48:13]   POLYMARKET — MULTI-TIER BOT
[2026-06-01 18:48:13]   Mode: LIVE | Sizing: 3% of bankroll
[2026-06-01 18:48:13]   Leagues: NBA, CBB, NHL
[2026-06-01 18:48:13]   Bet window: 2h before game start
[2026-06-01 18:48:13]   Sizing: 3% (NBA/CBB) | 2% (NHL/MLB/EPL/DOTA2)
[2026-06-01 18:48:13]   Tiers: T1=B fav 75-90% | T2=Coin flip fav | T6=Coin flip dog
[2026-06-01 18:48:13]          T3=CBB B dog 50-55% | T4=NBA 50/50
[2026-06-01 18:48:13]          T7=60%+ fav (DOTA2/EPL/MLB)
[2026-06-01 18:48:13] =================================================================
[2026-06-01 18:48:13] 
[2026-06-01 18:48:13] =================================================================
[2026-06-01 18:48:13]   SCANNING — HYBRID 5-TIER STRATEGY
[2026-06-01 18:48:13] =================================================================
[2026-06-01 18:48:13]   Balance: $173.55 | Buying Power: $173.55
[2026-06-01 18:48:13]   Bet size: $5.21 (3% proven) / $3.47 (2% new leagues)
[2026-06-01 18:48:13] 
[2026-06-01 18:48:13]   WARNING: Could not fetch positions: 404 Client Error: Not Found for url: https://api.polymarket.us/v1/positions?limit=200
[2026-06-01 18:48:13]   WARNING: Could not fetch open orders: 501 Server Error: Not Implemented for url: https://api.polymarket.us/v1/orders?status=live&limit=200
[2026-06-01 18:48:13]   Scanning NBA...
[2026-06-01 18:48:14]     Found 1 events
[2026-06-01 18:48:14]   Scanning CBB...
[2026-06-01 18:48:14]     Found 0 events
[2026-06-01 18:48:14]   Scanning NHL...
[2026-06-01 18:48:14]     Found 3 events
[2026-06-01 18:48:14] 
[2026-06-01 18:48:14]   Total qualifying markets: 0
[2026-06-01 18:48:14]   New (not yet bet): 0
[2026-06-01 18:48:14] 
[2026-06-01 18:48:14]   No new qualifying markets found.
[2026-06-01 18:53:13] =================================================================
[2026-06-01 18:53:13]   POLYMARKET — MULTI-TIER BOT
[2026-06-01 18:53:13]   Mode: LIVE | Sizing: 3% of bankroll
[2026-06-01 18:53:13]   Leagues: NBA, CBB, NHL
[2026-06-01 18:53:13]   Bet window: 2h before game start
[2026-06-01 18:53:13]   Sizing: 3% (NBA/CBB) | 2% (NHL/MLB/EPL/DOTA2)
[2026-06-01 18:53:13]   Tiers: T1=B fav 75-90% | T2=Coin flip fav | T6=Coin flip dog
[2026-06-01 18:53:13]          T3=CBB B dog 50-55% | T4=NBA 50/50
[2026-06-01 18:53:13]          T7=60%+ fav (DOTA2/EPL/MLB)
[2026-06-01 18:53:13] =================================================================
[2026-06-01 18:53:13] 
[2026-06-01 18:53:13] =================================================================
[2026-06-01 18:53:13]   SCANNING — HYBRID 5-TIER STRATEGY
[2026-06-01 18:53:13] =================================================================
[2026-06-01 18:53:13]   Balance: $173.55 | Buying Power: $173.55
[2026-06-01 18:53:13]   Bet size: $5.21 (3% proven) / $3.47 (2% new leagues)
[2026-06-01 18:53:13] 
[2026-06-01 18:53:13]   WARNING: Could not fetch positions: 404 Client Error: Not Found for url: https://api.polymarket.us/v1/positions?limit=200
[2026-06-01 18:53:13]   WARNING: Could not fetch open orders: 501 Server Error: Not Implemented for url: https://api.polymarket.us/v1/orders?status=live&limit=200
[2026-06-01 18:53:13]   Scanning NBA...
[2026-06-01 18:53:14]     Found 1 events
[2026-06-01 18:53:14]   Scanning CBB...
[2026-06-01 18:53:14]     Found 0 events
[2026-06-01 18:53:14]   Scanning NHL...
[2026-06-01 18:53:14]     Found 3 events
[2026-06-01 18:53:14] 
[2026-06-01 18:53:14]   Total qualifying markets: 0
[2026-06-01 18:53:14]   New (not yet bet): 0
[2026-06-01 18:53:14] 
[2026-06-01 18:53:14]   No new qualifying markets found.
[2026-06-01 18:58:14] =================================================================
[2026-06-01 18:58:14]   POLYMARKET — MULTI-TIER BOT
[2026-06-01 18:58:14]   Mode: LIVE | Sizing: 3% of bankroll
[2026-06-01 18:58:14]   Leagues: NBA, CBB, NHL
[2026-06-01 18:58:14]   Bet window: 2h before game start
[2026-06-01 18:58:14]   Sizing: 3% (NBA/CBB) | 2% (NHL/MLB/EPL/DOTA2)
[2026-06-01 18:58:14]   Tiers: T1=B fav 75-90% | T2=Coin flip fav | T6=Coin flip dog
[2026-06-01 18:58:14]          T3=CBB B dog 50-55% | T4=NBA 50/50
[2026-06-01 18:58:14]          T7=60%+ fav (DOTA2/EPL/MLB)
[2026-06-01 18:58:14] =================================================================
[2026-06-01 18:58:14] 
[2026-06-01 18:58:14] =================================================================
[2026-06-01 18:58:14]   SCANNING — HYBRID 5-TIER STRATEGY
[2026-06-01 18:58:14] =================================================================
[2026-06-01 18:58:14]   Balance: $173.55 | Buying Power: $173.55
[2026-06-01 18:58:14]   Bet size: $5.21 (3% proven) / $3.47 (2% new leagues)
[2026-06-01 18:58:14] 
[2026-06-01 18:58:14]   WARNING: Could not fetch positions: 404 Client Error: Not Found for url: https://api.polymarket.us/v1/positions?limit=200
[2026-06-01 18:58:14]   WARNING: Could not fetch open orders: 501 Server Error: Not Implemented for url: https://api.polymarket.us/v1/orders?status=live&limit=200
[2026-06-01 18:58:14]   Scanning NBA...
[2026-06-01 18:58:14]     Found 1 events
[2026-06-01 18:58:14]   Scanning CBB...
[2026-06-01 18:58:14]     Found 0 events
[2026-06-01 18:58:14]   Scanning NHL...
[2026-06-01 18:58:14]     Found 3 events
[2026-06-01 18:58:14] 
[2026-06-01 18:58:14]   Total qualifying markets: 0
[2026-06-01 18:58:14]   New (not yet bet): 0
[2026-06-01 18:58:14] 
[2026-06-01 18:58:14]   No new qualifying markets found.
[2026-06-01 19:03:15] =================================================================
[2026-06-01 19:03:15]   POLYMARKET — MULTI-TIER BOT
[2026-06-01 19:03:15]   Mode: LIVE | Sizing: 3% of bankroll
[2026-06-01 19:03:15]   Leagues: NBA, CBB, NHL
[2026-06-01 19:03:15]   Bet window: 2h before game start
[2026-06-01 19:03:15]   Sizing: 3% (NBA/CBB) | 2% (NHL/MLB/EPL/DOTA2)
[2026-06-01 19:03:15]   Tiers: T1=B fav 75-90% | T2=Coin flip fav | T6=Coin flip dog
[2026-06-01 19:03:15]          T3=CBB B dog 50-55% | T4=NBA 50/50
[2026-06-01 19:03:15]          T7=60%+ fav (DOTA2/EPL/MLB)
[2026-06-01 19:03:15] =================================================================
[2026-06-01 19:03:15] 
[2026-06-01 19:03:15] =================================================================
[2026-06-01 19:03:15]   SCANNING — HYBRID 5-TIER STRATEGY
[2026-06-01 19:03:15] =================================================================
[2026-06-01 19:03:15]   Balance: $173.55 | Buying Power: $173.55
[2026-06-01 19:03:15]   Bet size: $5.21 (3% proven) / $3.47 (2% new leagues)
[2026-06-01 19:03:15] 
[2026-06-01 19:03:15]   WARNING: Could not fetch positions: 404 Client Error: Not Found for url: https://api.polymarket.us/v1/positions?limit=200
[2026-06-01 19:03:15]   WARNING: Could not fetch open orders: 501 Server Error: Not Implemented for url: https://api.polymarket.us/v1/orders?status=live&limit=200
[2026-06-01 19:03:15]   Scanning NBA...
[2026-06-01 19:03:16]     Found 1 events
[2026-06-01 19:03:16]   Scanning CBB...
[2026-06-01 19:03:16]     Found 0 events
[2026-06-01 19:03:16]   Scanning NHL...
[2026-06-01 19:03:16]     Found 3 events
[2026-06-01 19:03:16] 
[2026-06-01 19:03:16]   Total qualifying markets: 0
[2026-06-01 19:03:16]   New (not yet bet): 0
[2026-06-01 19:03:16] 
[2026-06-01 19:03:16]   No new qualifying markets found.
[2026-06-01 19:07:54] =================================================================
[2026-06-01 19:07:54]   POLYMARKET — MULTI-TIER BOT
[2026-06-01 19:07:54]   Mode: LIVE | Sizing: 3% of bankroll
[2026-06-01 19:07:54]   Leagues: NBA, CBB, NHL
[2026-06-01 19:07:54]   Bet window: 2h before game start
[2026-06-01 19:07:54]   Sizing: 3% (NBA/CBB) | 2% (NHL/MLB/EPL/DOTA2)
[2026-06-01 19:07:54]   Tiers: T1=B fav 75-90% | T2=Coin flip fav | T6=Coin flip dog
[2026-06-01 19:07:54]          T3=CBB B dog 50-55% | T4=NBA 50/50
[2026-06-01 19:07:54]          T7=60%+ fav (DOTA2/EPL/MLB)
[2026-06-01 19:07:54] =================================================================
[2026-06-01 19:07:54] 
[2026-06-01 19:07:54] =================================================================
[2026-06-01 19:07:54]   SCANNING — HYBRID 5-TIER STRATEGY
[2026-06-01 19:07:54] =================================================================
[2026-06-01 19:07:54]   Balance: $173.55 | Buying Power: $173.55
[2026-06-01 19:07:54]   Bet size: $5.21 (3% proven) / $3.47 (2% new leagues)
[2026-06-01 19:07:54] 
[2026-06-01 19:07:54]   WARNING: Could not fetch positions: 404 Client Error: Not Found for url: https://api.polymarket.us/v1/positions?limit=200
[2026-06-01 19:07:54]   WARNING: Could not fetch open orders: 501 Server Error: Not Implemented for url: https://api.polymarket.us/v1/orders?status=live&limit=200
[2026-06-01 19:07:54]   Scanning NBA...
[2026-06-01 19:07:54]     Found 1 events
[2026-06-01 19:07:54]   Scanning CBB...
[2026-06-01 19:07:55]     Found 0 events
[2026-06-01 19:07:55]   Scanning NHL...
[2026-06-01 19:07:55]     Found 3 events
[2026-06-01 19:07:55] 
[2026-06-01 19:07:55]   Total qualifying markets: 0
[2026-06-01 19:07:55]   New (not yet bet): 0
[2026-06-01 19:07:55] 
[2026-06-01 19:07:55]   No new qualifying markets found.
[2026-06-01 19:08:19] =================================================================
[2026-06-01 19:08:19]   POLYMARKET — MULTI-TIER BOT
[2026-06-01 19:08:19]   Mode: LIVE | Sizing: 3% of bankroll
[2026-06-01 19:08:19]   Leagues: NBA, CBB, NHL
[2026-06-01 19:08:19]   Bet window: 2h before game start
[2026-06-01 19:08:19]   Sizing: 3% (NBA/CBB) | 2% (NHL/MLB/EPL/DOTA2)
[2026-06-01 19:08:19]   Tiers: T1=B fav 75-90% | T2=Coin flip fav | T6=Coin flip dog
[2026-06-01 19:08:19]          T3=CBB B dog 50-55% | T4=NBA 50/50
[2026-06-01 19:08:19]          T7=60%+ fav (DOTA2/EPL/MLB)
[2026-06-01 19:08:19] =================================================================
[2026-06-01 19:08:19] 
[2026-06-01 19:08:19] =================================================================
[2026-06-01 19:08:19]   SCANNING — HYBRID 5-TIER STRATEGY
[2026-06-01 19:08:19] =================================================================
[2026-06-01 19:08:19]   Balance: $173.55 | Buying Power: $173.55
[2026-06-01 19:08:19]   Bet size: $5.21 (3% proven) / $3.47 (2% new leagues)
[2026-06-01 19:08:19] 
[2026-06-01 19:08:19]   WARNING: Could not fetch positions: 404 Client Error: Not Found for url: https://api.polymarket.us/v1/positions?limit=200
[2026-06-01 19:08:19]   WARNING: Could not fetch open orders: 501 Server Error: Not Implemented for url: https://api.polymarket.us/v1/orders?status=live&limit=200
[2026-06-01 19:08:19]   Scanning NBA...
[2026-06-01 19:08:19]     Found 1 events
[2026-06-01 19:08:19]   Scanning CBB...
[2026-06-01 19:08:19]     Found 0 events
[2026-06-01 19:08:19]   Scanning NHL...
[2026-06-01 19:08:19]     Found 3 events
[2026-06-01 19:08:19] 
[2026-06-01 19:08:19]   Total qualifying markets: 0
[2026-06-01 19:08:19]   New (not yet bet): 0
[2026-06-01 19:08:19] 
[2026-06-01 19:08:19]   No new qualifying markets found.
[2026-06-01 19:13:21] =================================================================
[2026-06-01 19:13:21]   POLYMARKET — MULTI-TIER BOT
[2026-06-01 19:13:21]   Mode: LIVE | Sizing: 3% of bankroll
[2026-06-01 19:13:21]   Leagues: NBA, CBB, NHL
[2026-06-01 19:13:21]   Bet window: 2h before game start
[2026-06-01 19:13:21]   Sizing: 3% (NBA/CBB) | 2% (NHL/MLB/EPL/DOTA2)
[2026-06-01 19:13:21]   Tiers: T1=B fav 75-90% | T2=Coin flip fav | T6=Coin flip dog
[2026-06-01 19:13:21]          T3=CBB B dog 50-55% | T4=NBA 50/50
[2026-06-01 19:13:21]          T7=60%+ fav (DOTA2/EPL/MLB)
[2026-06-01 19:13:21] =================================================================
[2026-06-01 19:13:21] 
[2026-06-01 19:13:21] =================================================================
[2026-06-01 19:13:21]   SCANNING — HYBRID 5-TIER STRATEGY
[2026-06-01 19:13:21] =================================================================
[2026-06-01 19:13:21]   Balance: $173.55 | Buying Power: $173.55
[2026-06-01 19:13:21]   Bet size: $5.21 (3% proven) / $3.47 (2% new leagues)
[2026-06-01 19:13:21] 
[2026-06-01 19:13:21]   WARNING: Could not fetch positions: 404 Client Error: Not Found for url: https://api.polymarket.us/v1/positions?limit=200
[2026-06-01 19:13:21]   WARNING: Could not fetch open orders: 501 Server Error: Not Implemented for url: https://api.polymarket.us/v1/orders?status=live&limit=200
[2026-06-01 19:13:21]   Scanning NBA...
[2026-06-01 19:13:21]     Found 1 events
[2026-06-01 19:13:21]   Scanning CBB...
[2026-06-01 19:13:21]     Found 0 events
[2026-06-01 19:13:21]   Scanning NHL...
[2026-06-01 19:13:22]     Found 3 events
[2026-06-01 19:13:22] 
[2026-06-01 19:13:22]   Total qualifying markets: 0
[2026-06-01 19:13:22]   New (not yet bet): 0
[2026-06-01 19:13:22] 
[2026-06-01 19:13:22]   No new qualifying markets found.
[2026-06-01 19:18:25] =================================================================
[2026-06-01 19:18:25]   POLYMARKET — MULTI-TIER BOT
[2026-06-01 19:18:25]   Mode: LIVE | Sizing: 3% of bankroll
[2026-06-01 19:18:25]   Leagues: NBA, CBB, NHL
[2026-06-01 19:18:25]   Bet window: 2h before game start
[2026-06-01 19:18:25]   Sizing: 3% (NBA/CBB) | 2% (NHL/MLB/EPL/DOTA2)
[2026-06-01 19:18:25]   Tiers: T1=B fav 75-90% | T2=Coin flip fav | T6=Coin flip dog
[2026-06-01 19:18:25]          T3=CBB B dog 50-55% | T4=NBA 50/50
[2026-06-01 19:18:25]          T7=60%+ fav (DOTA2/EPL/MLB)
[2026-06-01 19:18:25] =================================================================
[2026-06-01 19:18:25] 
[2026-06-01 19:18:25] =================================================================
[2026-06-01 19:18:25]   SCANNING — HYBRID 5-TIER STRATEGY
[2026-06-01 19:18:25] =================================================================
[2026-06-01 19:18:25]   Balance: $173.55 | Buying Power: $173.55
[2026-06-01 19:18:25]   Bet size: $5.21 (3% proven) / $3.47 (2% new leagues)
[2026-06-01 19:18:25] 
[2026-06-01 19:18:25]   WARNING: Could not fetch positions: 404 Client Error: Not Found for url: https://api.polymarket.us/v1/positions?limit=200
[2026-06-01 19:18:25]   WARNING: Could not fetch open orders: 501 Server Error: Not Implemented for url: https://api.polymarket.us/v1/orders?status=live&limit=200
[2026-06-01 19:18:25]   Scanning NBA...
[2026-06-01 19:18:25]     Found 1 events
[2026-06-01 19:18:25]   Scanning CBB...
[2026-06-01 19:18:25]     Found 0 events
[2026-06-01 19:18:25]   Scanning NHL...
[2026-06-01 19:18:26]     Found 3 events
[2026-06-01 19:18:26] 
[2026-06-01 19:18:26]   Total qualifying markets: 0
[2026-06-01 19:18:26]   New (not yet bet): 0
[2026-06-01 19:18:26] 
[2026-06-01 19:18:26]   No new qualifying markets found.
[2026-06-01 19:23:25] =================================================================
[2026-06-01 19:23:25]   POLYMARKET — MULTI-TIER BOT
[2026-06-01 19:23:25]   Mode: LIVE | Sizing: 3% of bankroll
[2026-06-01 19:23:25]   Leagues: NBA, CBB, NHL
[2026-06-01 19:23:25]   Bet window: 2h before game start
[2026-06-01 19:23:25]   Sizing: 3% (NBA/CBB) | 2% (NHL/MLB/EPL/DOTA2)
[2026-06-01 19:23:25]   Tiers: T1=B fav 75-90% | T2=Coin flip fav | T6=Coin flip dog
[2026-06-01 19:23:25]          T3=CBB B dog 50-55% | T4=NBA 50/50
[2026-06-01 19:23:25]          T7=60%+ fav (DOTA2/EPL/MLB)
[2026-06-01 19:23:25] =================================================================
[2026-06-01 19:23:25] 
[2026-06-01 19:23:25] =================================================================
[2026-06-01 19:23:25]   SCANNING — HYBRID 5-TIER STRATEGY
[2026-06-01 19:23:25] =================================================================
[2026-06-01 19:23:25]   Balance: $173.55 | Buying Power: $173.55
[2026-06-01 19:23:25]   Bet size: $5.21 (3% proven) / $3.47 (2% new leagues)
[2026-06-01 19:23:25] 
[2026-06-01 19:23:25]   WARNING: Could not fetch positions: 404 Client Error: Not Found for url: https://api.polymarket.us/v1/positions?limit=200
[2026-06-01 19:23:25]   WARNING: Could not fetch open orders: 501 Server Error: Not Implemented for url: https://api.polymarket.us/v1/orders?status=live&limit=200
[2026-06-01 19:23:25]   Scanning NBA...
[2026-06-01 19:23:25]     Found 1 events
[2026-06-01 19:23:25]   Scanning CBB...
[2026-06-01 19:23:25]     Found 0 events
[2026-06-01 19:23:25]   Scanning NHL...
[2026-06-01 19:23:25]     Found 3 events
[2026-06-01 19:23:25] 
[2026-06-01 19:23:25]   Total qualifying markets: 0
[2026-06-01 19:23:25]   New (not yet bet): 0
[2026-06-01 19:23:25] 
[2026-06-01 19:23:25]   No new qualifying markets found.
[2026-06-01 19:28:28] =================================================================
[2026-06-01 19:28:28]   POLYMARKET — MULTI-TIER BOT
[2026-06-01 19:28:28]   Mode: LIVE | Sizing: 3% of bankroll
[2026-06-01 19:28:28]   Leagues: NBA, CBB, NHL
[2026-06-01 19:28:28]   Bet window: 2h before game start
[2026-06-01 19:28:28]   Sizing: 3% (NBA/CBB) | 2% (NHL/MLB/EPL/DOTA2)
[2026-06-01 19:28:28]   Tiers: T1=B fav 75-90% | T2=Coin flip fav | T6=Coin flip dog
[2026-06-01 19:28:28]          T3=CBB B dog 50-55% | T4=NBA 50/50
[2026-06-01 19:28:28]          T7=60%+ fav (DOTA2/EPL/MLB)
[2026-06-01 19:28:28] =================================================================
[2026-06-01 19:28:28] 
[2026-06-01 19:28:28] =================================================================
[2026-06-01 19:28:28]   SCANNING — HYBRID 5-TIER STRATEGY
[2026-06-01 19:28:28] =================================================================
[2026-06-01 19:28:28]   Balance: $173.55 | Buying Power: $173.55
[2026-06-01 19:28:28]   Bet size: $5.21 (3% proven) / $3.47 (2% new leagues)
[2026-06-01 19:28:28] 
[2026-06-01 19:28:28]   WARNING: Could not fetch positions: 404 Client Error: Not Found for url: https://api.polymarket.us/v1/positions?limit=200
[2026-06-01 19:28:28]   WARNING: Could not fetch open orders: 501 Server Error: Not Implemented for url: https://api.polymarket.us/v1/orders?status=live&limit=200
[2026-06-01 19:28:28]   Scanning NBA...
[2026-06-01 19:28:28]     Found 1 events
[2026-06-01 19:28:28]   Scanning CBB...
[2026-06-01 19:28:29]     Found 0 events
[2026-06-01 19:28:29]   Scanning NHL...
[2026-06-01 19:28:29]     Found 3 events
[2026-06-01 19:28:29] 
[2026-06-01 19:28:29]   Total qualifying markets: 0
[2026-06-01 19:28:29]   New (not yet bet): 0
[2026-06-01 19:28:29] 
[2026-06-01 19:28:29]   No new qualifying markets found.
[2026-06-01 19:33:31] =================================================================
[2026-06-01 19:33:31]   POLYMARKET — MULTI-TIER BOT
[2026-06-01 19:33:31]   Mode: LIVE | Sizing: 3% of bankroll
[2026-06-01 19:33:31]   Leagues: NBA, CBB, NHL
[2026-06-01 19:33:31]   Bet window: 2h before game start
[2026-06-01 19:33:31]   Sizing: 3% (NBA/CBB) | 2% (NHL/MLB/EPL/DOTA2)
[2026-06-01 19:33:31]   Tiers: T1=B fav 75-90% | T2=Coin flip fav | T6=Coin flip dog
[2026-06-01 19:33:31]          T3=CBB B dog 50-55% | T4=NBA 50/50
[2026-06-01 19:33:31]          T7=60%+ fav (DOTA2/EPL/MLB)
[2026-06-01 19:33:31] =================================================================
[2026-06-01 19:33:31] 
[2026-06-01 19:33:31] =================================================================
[2026-06-01 19:33:31]   SCANNING — HYBRID 5-TIER STRATEGY
[2026-06-01 19:33:31] =================================================================
[2026-06-01 19:33:31]   Balance: $173.55 | Buying Power: $173.55
[2026-06-01 19:33:31]   Bet size: $5.21 (3% proven) / $3.47 (2% new leagues)
[2026-06-01 19:33:31] 
[2026-06-01 19:33:31]   WARNING: Could not fetch positions: 404 Client Error: Not Found for url: https://api.polymarket.us/v1/positions?limit=200
[2026-06-01 19:33:31]   WARNING: Could not fetch open orders: 501 Server Error: Not Implemented for url: https://api.polymarket.us/v1/orders?status=live&limit=200
[2026-06-01 19:33:31]   Scanning NBA...
[2026-06-01 19:33:31]     Found 1 events
[2026-06-01 19:33:31]   Scanning CBB...
[2026-06-01 19:33:31]     Found 0 events
[2026-06-01 19:33:31]   Scanning NHL...
[2026-06-01 19:33:31]     Found 3 events
[2026-06-01 19:33:31] 
[2026-06-01 19:33:31]   Total qualifying markets: 0
[2026-06-01 19:33:31]   New (not yet bet): 0
[2026-06-01 19:33:31] 
[2026-06-01 19:33:31]   No new qualifying markets found.
[2026-06-01 19:38:33] =================================================================
[2026-06-01 19:38:33]   POLYMARKET — MULTI-TIER BOT
[2026-06-01 19:38:33]   Mode: LIVE | Sizing: 3% of bankroll
[2026-06-01 19:38:33]   Leagues: NBA, CBB, NHL
[2026-06-01 19:38:33]   Bet window: 2h before game start
[2026-06-01 19:38:33]   Sizing: 3% (NBA/CBB) | 2% (NHL/MLB/EPL/DOTA2)
[2026-06-01 19:38:33]   Tiers: T1=B fav 75-90% | T2=Coin flip fav | T6=Coin flip dog
[2026-06-01 19:38:33]          T3=CBB B dog 50-55% | T4=NBA 50/50
[2026-06-01 19:38:33]          T7=60%+ fav (DOTA2/EPL/MLB)
[2026-06-01 19:38:33] =================================================================
[2026-06-01 19:38:33] 
[2026-06-01 19:38:33] =================================================================
[2026-06-01 19:38:33]   SCANNING — HYBRID 5-TIER STRATEGY
[2026-06-01 19:38:33] =================================================================
[2026-06-01 19:38:33]   Balance: $173.55 | Buying Power: $173.55
[2026-06-01 19:38:33]   Bet size: $5.21 (3% proven) / $3.47 (2% new leagues)
[2026-06-01 19:38:33] 
[2026-06-01 19:38:33]   WARNING: Could not fetch positions: 404 Client Error: Not Found for url: https://api.polymarket.us/v1/positions?limit=200
[2026-06-01 19:38:33]   WARNING: Could not fetch open orders: 501 Server Error: Not Implemented for url: https://api.polymarket.us/v1/orders?status=live&limit=200
[2026-06-01 19:38:33]   Scanning NBA...
[2026-06-01 19:38:34]     Found 1 events
[2026-06-01 19:38:34]   Scanning CBB...
[2026-06-01 19:38:34]     Found 0 events
[2026-06-01 19:38:34]   Scanning NHL...
[2026-06-01 19:38:34]     Found 3 events
[2026-06-01 19:38:34] 
[2026-06-01 19:38:34]   Total qualifying markets: 0
[2026-06-01 19:38:34]   New (not yet bet): 0
[2026-06-01 19:38:34] 
[2026-06-01 19:38:34]   No new qualifying markets found.
[2026-06-01 19:48:54] =================================================================
[2026-06-01 19:48:54]   POLYMARKET — MULTI-TIER BOT
[2026-06-01 19:48:54]   Mode: LIVE | Sizing: 3% of bankroll
[2026-06-01 19:48:54]   Leagues: NBA, CBB, NHL
[2026-06-01 19:48:54]   Bet window: 2h before game start
[2026-06-01 19:48:54]   Sizing: 3% (NBA/CBB) | 2% (NHL/MLB/EPL/DOTA2)
[2026-06-01 19:48:54]   Tiers: T1=B fav 75-90% | T2=Coin flip fav | T6=Coin flip dog
[2026-06-01 19:48:54]          T3=CBB B dog 50-55% | T4=NBA 50/50
[2026-06-01 19:48:54]          T7=60%+ fav (DOTA2/EPL/MLB)
[2026-06-01 19:48:54] =================================================================
[2026-06-01 19:48:54] 
[2026-06-01 19:48:54] =================================================================
[2026-06-01 19:48:54]   SCANNING — HYBRID 5-TIER STRATEGY
[2026-06-01 19:48:54] =================================================================
[2026-06-01 19:48:54]   Balance: $173.55 | Buying Power: $173.55
[2026-06-01 19:48:54]   Bet size: $5.21 (3% proven) / $3.47 (2% new leagues)
[2026-06-01 19:48:54] 
[2026-06-01 19:48:54]   WARNING: Could not fetch positions: 404 Client Error: Not Found for url: https://api.polymarket.us/v1/positions?limit=200
[2026-06-01 19:48:54]   WARNING: Could not fetch open orders: 501 Server Error: Not Implemented for url: https://api.polymarket.us/v1/orders?status=live&limit=200
[2026-06-01 19:48:54]   Scanning NBA...
[2026-06-01 19:48:54]     Found 1 events
[2026-06-01 19:48:54]   Scanning CBB...
[2026-06-01 19:48:54]     Found 0 events
[2026-06-01 19:48:54]   Scanning NHL...
[2026-06-01 19:48:55]     Found 3 events
[2026-06-01 19:48:55] 
[2026-06-01 19:48:55]   Total qualifying markets: 0
[2026-06-01 19:48:55]   New (not yet bet): 0
[2026-06-01 19:48:55] 
[2026-06-01 19:48:55]   No new qualifying markets found.
[2026-06-01 19:54:00] =================================================================
[2026-06-01 19:54:00]   POLYMARKET — MULTI-TIER BOT
[2026-06-01 19:54:00]   Mode: LIVE | Sizing: 3% of bankroll
[2026-06-01 19:54:00]   Leagues: NBA, CBB, NHL
[2026-06-01 19:54:00]   Bet window: 2h before game start
[2026-06-01 19:54:00]   Sizing: 3% (NBA/CBB) | 2% (NHL/MLB/EPL/DOTA2)
[2026-06-01 19:54:00]   Tiers: T1=B fav 75-90% | T2=Coin flip fav | T6=Coin flip dog
[2026-06-01 19:54:00]          T3=CBB B dog 50-55% | T4=NBA 50/50
[2026-06-01 19:54:00]          T7=60%+ fav (DOTA2/EPL/MLB)
[2026-06-01 19:54:00] =================================================================
[2026-06-01 19:54:00] 
[2026-06-01 19:54:00] =================================================================
[2026-06-01 19:54:00]   SCANNING — HYBRID 5-TIER STRATEGY
[2026-06-01 19:54:00] =================================================================
[2026-06-01 19:54:00]   Balance: $173.55 | Buying Power: $173.55
[2026-06-01 19:54:00]   Bet size: $5.21 (3% proven) / $3.47 (2% new leagues)
[2026-06-01 19:54:00] 
[2026-06-01 19:54:00]   WARNING: Could not fetch positions: 404 Client Error: Not Found for url: https://api.polymarket.us/v1/positions?limit=200
[2026-06-01 19:54:00]   WARNING: Could not fetch open orders: 501 Server Error: Not Implemented for url: https://api.polymarket.us/v1/orders?status=live&limit=200
[2026-06-01 19:54:00]   Scanning NBA...
[2026-06-01 19:54:00]     Found 1 events
[2026-06-01 19:54:00]   Scanning CBB...
[2026-06-01 19:54:00]     Found 0 events
[2026-06-01 19:54:00]   Scanning NHL...
[2026-06-01 19:54:01]     Found 3 events
[2026-06-01 19:54:01] 
[2026-06-01 19:54:01]   Total qualifying markets: 0
[2026-06-01 19:54:01]   New (not yet bet): 0
[2026-06-01 19:54:01] 
[2026-06-01 19:54:01]   No new qualifying markets found.
[2026-06-01 19:59:00] =================================================================
[2026-06-01 19:59:00]   POLYMARKET — MULTI-TIER BOT
[2026-06-01 19:59:00]   Mode: LIVE | Sizing: 3% of bankroll
[2026-06-01 19:59:00]   Leagues: NBA, CBB, NHL
[2026-06-01 19:59:00]   Bet window: 2h before game start
[2026-06-01 19:59:00]   Sizing: 3% (NBA/CBB) | 2% (NHL/MLB/EPL/DOTA2)
[2026-06-01 19:59:00]   Tiers: T1=B fav 75-90% | T2=Coin flip fav | T6=Coin flip dog
[2026-06-01 19:59:00]          T3=CBB B dog 50-55% | T4=NBA 50/50
[2026-06-01 19:59:00]          T7=60%+ fav (DOTA2/EPL/MLB)
[2026-06-01 19:59:00] =================================================================
[2026-06-01 19:59:00] 
[2026-06-01 19:59:00] =================================================================
[2026-06-01 19:59:00]   SCANNING — HYBRID 5-TIER STRATEGY
[2026-06-01 19:59:00] =================================================================
[2026-06-01 19:59:00]   Balance: $173.55 | Buying Power: $173.55
[2026-06-01 19:59:00]   Bet size: $5.21 (3% proven) / $3.47 (2% new leagues)
[2026-06-01 19:59:00] 
[2026-06-01 19:59:00]   WARNING: Could not fetch positions: 404 Client Error: Not Found for url: https://api.polymarket.us/v1/positions?limit=200
[2026-06-01 19:59:00]   WARNING: Could not fetch open orders: 501 Server Error: Not Implemented for url: https://api.polymarket.us/v1/orders?status=live&limit=200
[2026-06-01 19:59:00]   Scanning NBA...
[2026-06-01 19:59:00]     Found 1 events
[2026-06-01 19:59:00]   Scanning CBB...
[2026-06-01 19:59:01]     Found 0 events
[2026-06-01 19:59:01]   Scanning NHL...
[2026-06-01 19:59:01]     Found 3 events
[2026-06-01 19:59:01] 
[2026-06-01 19:59:01]   Total qualifying markets: 0
[2026-06-01 19:59:01]   New (not yet bet): 0
[2026-06-01 19:59:01] 
[2026-06-01 19:59:01]   No new qualifying markets found.
[2026-06-01 20:04:01] =================================================================
[2026-06-01 20:04:01]   POLYMARKET — MULTI-TIER BOT
[2026-06-01 20:04:01]   Mode: LIVE | Sizing: 3% of bankroll
[2026-06-01 20:04:01]   Leagues: NBA, CBB, NHL
[2026-06-01 20:04:01]   Bet window: 2h before game start
[2026-06-01 20:04:01]   Sizing: 3% (NBA/CBB) | 2% (NHL/MLB/EPL/DOTA2)
[2026-06-01 20:04:01]   Tiers: T1=B fav 75-90% | T2=Coin flip fav | T6=Coin flip dog
[2026-06-01 20:04:01]          T3=CBB B dog 50-55% | T4=NBA 50/50
[2026-06-01 20:04:01]          T7=60%+ fav (DOTA2/EPL/MLB)
[2026-06-01 20:04:01] =================================================================
[2026-06-01 20:04:01] 
[2026-06-01 20:04:01] =================================================================
[2026-06-01 20:04:01]   SCANNING — HYBRID 5-TIER STRATEGY
[2026-06-01 20:04:01] =================================================================
[2026-06-01 20:04:01]   Balance: $173.55 | Buying Power: $173.55
[2026-06-01 20:04:01]   Bet size: $5.21 (3% proven) / $3.47 (2% new leagues)
[2026-06-01 20:04:01] 
[2026-06-01 20:04:01]   WARNING: Could not fetch positions: 404 Client Error: Not Found for url: https://api.polymarket.us/v1/positions?limit=200
[2026-06-01 20:04:01]   WARNING: Could not fetch open orders: 501 Server Error: Not Implemented for url: https://api.polymarket.us/v1/orders?status=live&limit=200
[2026-06-01 20:04:01]   Scanning NBA...
[2026-06-01 20:04:01]     Found 1 events
[2026-06-01 20:04:02]   Scanning CBB...
[2026-06-01 20:04:02]     Found 0 events
[2026-06-01 20:04:02]   Scanning NHL...
[2026-06-01 20:04:02]     Found 3 events
[2026-06-01 20:04:02] 
[2026-06-01 20:04:02]   Total qualifying markets: 0
[2026-06-01 20:04:02]   New (not yet bet): 0
[2026-06-01 20:04:02] 
[2026-06-01 20:04:02]   No new qualifying markets found.
[2026-06-01 20:08:49] =================================================================
[2026-06-01 20:08:49]   POLYMARKET — MULTI-TIER BOT
[2026-06-01 20:08:49]   Mode: LIVE | Sizing: 3% of bankroll
[2026-06-01 20:08:49]   Leagues: NBA, CBB, NHL
[2026-06-01 20:08:49]   Bet window: 2h before game start
[2026-06-01 20:08:49]   Sizing: 3% (NBA/CBB) | 2% (NHL/MLB/EPL/DOTA2)
[2026-06-01 20:08:49]   Tiers: T1=B fav 75-90% | T2=Coin flip fav | T6=Coin flip dog
[2026-06-01 20:08:49]          T3=CBB B dog 50-55% | T4=NBA 50/50
[2026-06-01 20:08:49]          T7=60%+ fav (DOTA2/EPL/MLB)
[2026-06-01 20:08:49] =================================================================
[2026-06-01 20:08:49] 
[2026-06-01 20:08:49] =================================================================
[2026-06-01 20:08:49]   SCANNING — HYBRID 5-TIER STRATEGY
[2026-06-01 20:08:49] =================================================================
[2026-06-01 20:08:50]   Balance: $173.55 | Buying Power: $173.55
[2026-06-01 20:08:50]   Bet size: $5.21 (3% proven) / $3.47 (2% new leagues)
[2026-06-01 20:08:50] 
[2026-06-01 20:08:50]   WARNING: Could not fetch positions: 404 Client Error: Not Found for url: https://api.polymarket.us/v1/positions?limit=200
[2026-06-01 20:08:50]   WARNING: Could not fetch open orders: 501 Server Error: Not Implemented for url: https://api.polymarket.us/v1/orders?status=live&limit=200
[2026-06-01 20:08:50]   Scanning NBA...
[2026-06-01 20:08:50]     Found 1 events
[2026-06-01 20:08:50]   Scanning CBB...
[2026-06-01 20:08:50]     Found 0 events
[2026-06-01 20:08:50]   Scanning NHL...
[2026-06-01 20:08:50]     Found 3 events
[2026-06-01 20:08:50] 
[2026-06-01 20:08:50]   Total qualifying markets: 0
[2026-06-01 20:08:50]   New (not yet bet): 0
[2026-06-01 20:08:50] 
[2026-06-01 20:08:50]   No new qualifying markets found.
[2026-06-01 20:09:02] =================================================================
[2026-06-01 20:09:02]   POLYMARKET — MULTI-TIER BOT
[2026-06-01 20:09:02]   Mode: LIVE | Sizing: 3% of bankroll
[2026-06-01 20:09:02]   Leagues: NBA, CBB, NHL
[2026-06-01 20:09:02]   Bet window: 2h before game start
[2026-06-01 20:09:02]   Sizing: 3% (NBA/CBB) | 2% (NHL/MLB/EPL/DOTA2)
[2026-06-01 20:09:02]   Tiers: T1=B fav 75-90% | T2=Coin flip fav | T6=Coin flip dog
[2026-06-01 20:09:02]          T3=CBB B dog 50-55% | T4=NBA 50/50
[2026-06-01 20:09:02]          T7=60%+ fav (DOTA2/EPL/MLB)
[2026-06-01 20:09:02] =================================================================
[2026-06-01 20:09:02] 
[2026-06-01 20:09:02] =================================================================
[2026-06-01 20:09:02]   SCANNING — HYBRID 5-TIER STRATEGY
[2026-06-01 20:09:02] =================================================================
[2026-06-01 20:09:02]   Balance: $173.55 | Buying Power: $173.55
[2026-06-01 20:09:02]   Bet size: $5.21 (3% proven) / $3.47 (2% new leagues)
[2026-06-01 20:09:02] 
[2026-06-01 20:09:03]   WARNING: Could not fetch positions: 404 Client Error: Not Found for url: https://api.polymarket.us/v1/positions?limit=200
[2026-06-01 20:09:03]   WARNING: Could not fetch open orders: 501 Server Error: Not Implemented for url: https://api.polymarket.us/v1/orders?status=live&limit=200
[2026-06-01 20:09:03]   Scanning NBA...
[2026-06-01 20:09:03]     Found 1 events
[2026-06-01 20:09:03]   Scanning CBB...
[2026-06-01 20:09:03]     Found 0 events
[2026-06-01 20:09:03]   Scanning NHL...
[2026-06-01 20:09:03]     Found 3 events
[2026-06-01 20:09:03] 
[2026-06-01 20:09:03]   Total qualifying markets: 0
[2026-06-01 20:09:03]   New (not yet bet): 0
[2026-06-01 20:09:03] 
[2026-06-01 20:09:03]   No new qualifying markets found.
[2026-06-01 20:14:07] =================================================================
[2026-06-01 20:14:07]   POLYMARKET — MULTI-TIER BOT
[2026-06-01 20:14:07]   Mode: LIVE | Sizing: 3% of bankroll
[2026-06-01 20:14:07]   Leagues: NBA, CBB, NHL
[2026-06-01 20:14:07]   Bet window: 2h before game start
[2026-06-01 20:14:07]   Sizing: 3% (NBA/CBB) | 2% (NHL/MLB/EPL/DOTA2)
[2026-06-01 20:14:07]   Tiers: T1=B fav 75-90% | T2=Coin flip fav | T6=Coin flip dog
[2026-06-01 20:14:07]          T3=CBB B dog 50-55% | T4=NBA 50/50
[2026-06-01 20:14:07]          T7=60%+ fav (DOTA2/EPL/MLB)
[2026-06-01 20:14:07] =================================================================
[2026-06-01 20:14:07] 
[2026-06-01 20:14:07] =================================================================
[2026-06-01 20:14:07]   SCANNING — HYBRID 5-TIER STRATEGY
[2026-06-01 20:14:07] =================================================================
[2026-06-01 20:14:07]   Balance: $173.55 | Buying Power: $173.55
[2026-06-01 20:14:07]   Bet size: $5.21 (3% proven) / $3.47 (2% new leagues)
[2026-06-01 20:14:07] 
[2026-06-01 20:14:07]   WARNING: Could not fetch positions: 404 Client Error: Not Found for url: https://api.polymarket.us/v1/positions?limit=200
[2026-06-01 20:14:07]   WARNING: Could not fetch open orders: 501 Server Error: Not Implemented for url: https://api.polymarket.us/v1/orders?status=live&limit=200
[2026-06-01 20:14:07]   Scanning NBA...
[2026-06-01 20:14:08]     Found 1 events
[2026-06-01 20:14:08]   Scanning CBB...
[2026-06-01 20:14:08]     Found 0 events
[2026-06-01 20:14:08]   Scanning NHL...
[2026-06-01 20:14:08]     Found 3 events
[2026-06-01 20:14:08] 
[2026-06-01 20:14:08]   Total qualifying markets: 0
[2026-06-01 20:14:08]   New (not yet bet): 0
[2026-06-01 20:14:08] 
[2026-06-01 20:14:08]   No new qualifying markets found.
